taxi_type,vendor_id,pickup_datetime,dropoff_datetime,store_and_fwd_flag,rate_code_id,pickup_location_id,dropoff_location_id,pickup_longitude,pickup_latitude,dropoff_longitude,dropoff_latitude,passenger_count,trip_distance,fare_amount,extra,mta_tax,tip_amount,tolls_amount,ehail_fee,improvement_surcharge,total_amount,payment_type,trip_type,vendor_abbreviation,vendor_description,month_name_short,month_name_full,payment_type_description,rate_code_description,pickup_borough,pickup_zone,pickup_service_zone,dropoff_borough,dropoff_zone,dropoff_service_zone,pickup_year,pickup_month,pickup_day,pickup_hour,pickup_minute,pickup_second,dropoff_year,dropoff_month,dropoff_day,dropoff_hour,dropoff_minute,dropoff_second
yellow,2,2016-03-01T00:00:05.000+08:00,2016-03-01T00:02:50.000+08:00,N,1,0,0,-73.9898681640625,40.757118225097656,-73.98538970947266,40.76319122314453,2,0.49,4.0,0.5,0.5,0.0,0.0,0.0,0.3,5.3,2,0,VFI,VeriFone Inc.,Mar,March,Cash,,,,,,,,2016,3,1,0,0,5,2016,3,1,0,2,50
yellow,1,2016-03-01T00:00:29.000+08:00,2016-03-01T00:08:12.000+08:00,N,1,0,0,-74.01022338867188,40.72105026245117,-74.00580596923828,40.70624542236328,1,1.3,7.0,0.5,0.5,1.65,0.0,0.0,0.3,9.95,1,0,CMT,"Creative Mobile Technologies, LLC",Mar,March,Credit card,,,,,,,,2016,3,1,0,0,29,2016,3,1,0,8,12
yellow,2,2016-03-01T00:00:20.000+08:00,2016-03-01T00:15:31.000+08:00,N,1,0,0,-73.99542999267578,40.72500228881836,-73.85942840576172,40.735816955566406,6,9.46,26.5,0.5,0.5,4.0,0.0,0.0,0.3,31.8,1,0,VFI,VeriFone Inc.,Mar,March,Credit card,,,,,,,,2016,3,1,0,0,20,2016,3,1,0,15,31
yellow,2,2016-03-01T00:00:16.000+08:00,2016-03-01T00:04:38.000+08:00,N,1,0,0,-73.99842834472656,40.74058151245117,-73.99459075927734,40.75498962402344,1,1.31,6.0,0.5,0.5,1.46,0.0,0.0,0.3,8.76,1,0,VFI,VeriFone Inc.,Mar,March,Credit card,,,,,,,,2016,3,1,0,0,16,2016,3,1,0,4,38
yellow,1,2016-03-01T00:00:11.000+08:00,2016-03-01T00:13:49.000+08:00,N,1,0,0,-73.95122528076172,40.782772064208984,-73.98895263671875,40.748260498046875,2,3.7,13.5,0.5,0.5,2.95,0.0,0.0,0.3,17.75,1,0,CMT,"Creative Mobile Technologies, LLC",Mar,March,Credit card,,,,,,,,2016,3,1,0,0,11,2016,3,1,0,13,49
yellow,1,2016-03-01T00:00:26.000+08:00,2016-03-01T00:04:54.000+08:00,N,1,0,0,-73.97259521484375,40.759281158447266,-73.97032928466797,40.75235366821289,1,0.6,5.0,0.5,0.5,1.25,0.0,0.0,0.3,7.55,1,0,CMT,"Creative Mobile Technologies, LLC",Mar,March,Credit card,,,,,,,,2016,3,1,0,0,26,2016,3,1,0,4,54
yellow,2,2016-03-01T00:00:02.000+08:00,2016-03-01T00:09:32.000+08:00,N,1,0,0,-73.97608947753906,40.75217056274414,-73.9874496459961,40.770782470703125,1,2.1,9.0,0.5,0.5,2.06,0.0,0.0,0.3,12.36,1,0,VFI,VeriFone Inc.,Mar,March,Credit card,,,,,,,,2016,3,1,0,0,2,2016,3,1,0,9,32
yellow,2,2016-03-01T00:00:31.000+08:00,2016-03-01T00:10:27.000+08:00,N,1,0,0,-73.97080993652344,40.7518196105957,-74.00531768798828,40.708961486816406,1,4.83,15.5,0.5,0.5,0.0,0.0,0.0,0.3,16.8,2,0,VFI,VeriFone Inc.,Mar,March,Cash,,,,,,,,2016,3,1,0,0,31,2016,3,1,0,10,27
yellow,1,2016-03-01T00:00:23.000+08:00,2016-03-01T00:08:39.000+08:00,N,1,0,0,-73.9520492553711,40.71413040161133,-73.96796417236328,40.68948745727539,1,2.2,9.5,0.5,0.5,0.0,0.0,0.0,0.3,10.8,2,0,CMT,"Creative Mobile Technologies, LLC",Mar,March,Cash,,,,,,,,2016,3,1,0,0,23,2016,3,1,0,8,39
yellow,1,2016-03-01T00:00:00.000+08:00,2016-03-01T00:07:55.000+08:00,N,1,0,0,-73.97674560546875,40.76515197753906,-74.00426483154297,40.74612808227539,1,2.5,9.0,0.5,0.5,2.05,0.0,0.0,0.3,12.35,1,0,CMT,"Creative Mobile Technologies, LLC",Mar,March,Credit card,,,,,,,,2016,3,1,0,0,0,2016,3,1,0,7,55
yellow,2,2016-03-01T00:00:20.000+08:00,2016-03-01T00:11:56.000+08:00,N,1,0,0,-73.99774932861328,40.75659942626953,-74.00470733642578,40.73453140258789,1,1.84,8.5,0.5,0.5,2.45,0.0,0.0,0.3,12.25,1,0,VFI,VeriFone Inc.,Mar,March,Credit card,,,,,,,,2016,3,1,0,0,20,2016,3,1,0,11,56
yellow,2,2016-03-01T00:00:19.000+08:00,2016-03-01T00:04:07.000+08:00,N,1,0,0,-73.98590850830078,40.757598876953125,-73.99256896972656,40.75347137451172,1,0.71,4.5,0.5,0.5,0.0,0.0,0.0,0.3,5.8,2,0,VFI,VeriFone Inc.,Mar,March,Cash,,,,,,,,2016,3,1,0,0,19,2016,3,1,0,4,7
yellow,2,2016-03-01T00:00:00.000+08:00,2016-03-01T00:00:00.000+08:00,N,1,0,0,-73.99458312988281,40.727848052978516,0.0,0.0,6,5.72,23.0,0.5,0.5,0.0,0.0,0.0,0.3,24.3,2,0,VFI,VeriFone Inc.,Mar,March,Cash,,,,,,,,2016,3,1,0,0,0,2016,3,1,0,0,0
yellow,2,2016-03-01T00:00:03.000+08:00,2016-03-01T00:32:45.000+08:00,N,2,0,0,-73.79238891601562,40.6450309753418,-73.98628997802734,40.75851821899414,3,16.81,52.0,0.0,0.5,8.0,5.54,0.0,0.3,66.34,1,0,VFI,VeriFone Inc.,Mar,March,Credit card,,,,,,,,2016,3,1,0,0,3,2016,3,1,0,32,45
yellow,1,2016-03-01T00:00:25.000+08:00,2016-03-01T00:23:19.000+08:00,N,1,0,0,-73.97994995117188,40.749752044677734,-73.9496841430664,40.68077087402344,1,6.8,22.5,0.5,0.5,4.75,0.0,0.0,0.3,28.55,1,0,CMT,"Creative Mobile Technologies, LLC",Mar,March,Credit card,,,,,,,,2016,3,1,0,0,25,2016,3,1,0,23,19
yellow,2,2016-03-01T00:00:27.000+08:00,2016-03-01T00:17:52.000+08:00,N,1,0,0,-73.8745346069336,40.774112701416016,-74.003662109375,40.715911865234375,1,10.2,29.0,0.5,0.5,6.06,0.0,0.0,0.3,36.36,1,0,VFI,VeriFone Inc.,Mar,March,Credit card,,,,,,,,2016,3,1,0,0,27,2016,3,1,0,17,52
yellow,2,2016-03-01T00:00:05.000+08:00,2016-03-01T00:14:55.000+08:00,N,1,0,0,-73.98406982421875,40.74290084838867,-73.94271087646484,40.71472930908203,1,5.31,17.0,0.5,0.5,4.58,0.0,0.0,0.3,22.88,1,0,VFI,VeriFone Inc.,Mar,March,Credit card,,,,,,,,2016,3,1,0,0,5,2016,3,1,0,14,55
yellow,2,2016-03-01T00:00:25.000+08:00,2016-03-01T00:14:45.000+08:00,N,1,0,0,-73.98957824707031,40.7205810546875,-73.93949890136719,40.79024124145508,1,5.52,16.5,0.5,0.5,2.0,0.0,0.0,0.3,19.8,1,0,VFI,VeriFone Inc.,Mar,March,Credit card,,,,,,,,2016,3,1,0,0,25,2016,3,1,0,14,45
yellow,2,2016-03-01T00:00:27.000+08:00,2016-03-01T00:08:03.000+08:00,N,1,0,0,-73.94833374023438,40.778316497802734,-73.92554473876953,40.80564880371094,1,2.54,9.5,0.5,0.5,0.0,0.0,0.0,0.3,10.8,2,0,VFI,VeriFone Inc.,Mar,March,Cash,,,,,,,,2016,3,1,0,0,27,2016,3,1,0,8,3
yellow,2,2016-03-01T00:00:29.000+08:00,2016-03-01T00:04:53.000+08:00,N,1,0,0,-73.9911117553711,40.72338104248047,-73.98262023925781,40.731239318847656,5,0.89,5.0,0.5,0.5,1.26,0.0,0.0,0.3,7.56,1,0,VFI,VeriFone Inc.,Mar,March,Credit card,,,,,,,,2016,3,1,0,0,29,2016,3,1,0,4,53
yellow,2,2016-03-01T00:00:29.000+08:00,2016-03-01T00:05:52.000+08:00,N,1,0,0,-73.98274230957031,40.722930908203125,-73.98471069335938,40.734779357910156,3,1.16,6.0,0.5,0.5,0.0,0.0,0.0,0.3,7.3,1,0,VFI,VeriFone Inc.,Mar,March,Credit card,,,,,,,,2016,3,1,0,0,29,2016,3,1,0,5,52
yellow,2,2016-03-01T00:00:07.000+08:00,2016-03-01T00:36:51.000+08:00,N,2,0,0,-73.78941345214844,40.64701843261719,-74.00099182128906,40.7269401550293,1,18.03,52.0,0.0,0.5,13.2,0.0,0.0,0.3,66.0,1,0,VFI,VeriFone Inc.,Mar,March,Credit card,,,,,,,,2016,3,1,0,0,7,2016,3,1,0,36,51
yellow,2,2016-03-01T00:00:02.000+08:00,2016-03-01T00:24:11.000+08:00,N,1,0,0,-74.00206756591797,40.719120025634766,-73.95211791992188,40.811241149902344,1,8.54,27.0,0.5,0.5,5.66,0.0,0.0,0.3,33.96,1,0,VFI,VeriFone Inc.,Mar,March,Credit card,,,,,,,,2016,3,1,0,0,2,2016,3,1,0,24,11
yellow,1,2016-03-01T00:00:25.000+08:00,2016-03-01T00:03:54.000+08:00,N,1,0,0,-73.97267150878906,40.75598907470703,-73.98126220703125,40.742069244384766,1,1.1,5.5,0.5,0.5,1.0,0.0,0.0,0.3,7.8,1,0,CMT,"Creative Mobile Technologies, LLC",Mar,March,Credit card,,,,,,,,2016,3,1,0,0,25,2016,3,1,0,3,54
yellow,2,2016-03-01T00:00:23.000+08:00,2016-03-01T00:15:48.000+08:00,N,1,0,0,-73.97259521484375,40.75608444213867,-73.95128631591797,40.810333251953125,1,4.65,15.5,0.5,0.5,2.0,0.0,0.0,0.3,18.8,1,0,VFI,VeriFone Inc.,Mar,March,Credit card,,,,,,,,2016,3,1,0,0,23,2016,3,1,0,15,48
yellow,1,2016-03-01T00:00:30.000+08:00,2016-03-01T00:04:32.000+08:00,N,1,0,0,-73.98301696777344,40.74217987060547,-73.98646545410156,40.72703170776367,1,0.6,4.5,0.5,0.5,1.0,0.0,0.0,0.3,6.8,1,0,CMT,"Creative Mobile Technologies, LLC",Mar,March,Credit card,,,,,,,,2016,3,1,0,0,30,2016,3,1,0,4,32
yellow,2,2016-03-01T00:00:29.000+08:00,2016-03-01T00:15:43.000+08:00,N,1,0,0,-73.91590118408203,40.76673889160156,-73.95974731445312,40.772029876708984,1,7.06,21.5,0.5,0.5,2.0,5.54,0.0,0.3,30.34,1,0,VFI,VeriFone Inc.,Mar,March,Credit card,,,,,,,,2016,3,1,0,0,29,2016,3,1,0,15,43
yellow,1,2016-03-01T00:00:24.000+08:00,2016-03-01T00:10:20.000+08:00,N,1,0,0,-74.00594329833984,40.740352630615234,-73.97843933105469,40.734275817871094,1,1.8,9.0,0.5,0.5,1.0,0.0,0.0,0.3,11.3,1,0,CMT,"Creative Mobile Technologies, LLC",Mar,March,Credit card,,,,,,,,2016,3,1,0,0,24,2016,3,1,0,10,20
yellow,2,2016-03-01T00:00:01.000+08:00,2016-03-01T00:02:03.000+08:00,N,1,0,0,-73.9884262084961,40.76416015625,-73.99239349365234,40.75822448730469,2,0.54,4.0,0.5,0.5,0.0,0.0,0.0,0.3,5.3,2,0,VFI,VeriFone Inc.,Mar,March,Cash,,,,,,,,2016,3,1,0,0,1,2016,3,1,0,2,3
yellow,2,2016-03-01T00:00:21.000+08:00,2016-03-01T00:38:01.000+08:00,N,2,0,0,-73.7894287109375,40.6477165222168,-73.97074127197266,40.793331146240234,1,19.35,52.0,0.0,0.5,6.66,5.54,0.0,0.3,65.0,1,0,VFI,VeriFone Inc.,Mar,March,Credit card,,,,,,,,2016,3,1,0,0,21,2016,3,1,0,38,1
yellow,2,2016-03-01T00:00:03.000+08:00,2016-03-01T00:08:34.000+08:00,N,1,0,0,-73.98226928710938,40.7706184387207,-73.96874237060547,40.75503921508789,1,1.59,8.0,0.5,0.5,1.86,0.0,0.0,0.3,11.16,1,0,VFI,VeriFone Inc.,Mar,March,Credit card,,,,,,,,2016,3,1,0,0,3,2016,3,1,0,8,34
yellow,2,2016-03-01T00:00:29.000+08:00,2016-03-01T00:06:23.000+08:00,N,1,0,0,-73.98741912841797,40.76068878173828,-73.99150848388672,40.750091552734375,1,0.99,6.0,0.5,0.5,0.0,0.0,0.0,0.3,7.3,2,0,VFI,VeriFone Inc.,Mar,March,Cash,,,,,,,,2016,3,1,0,0,29,2016,3,1,0,6,23
yellow,1,2016-03-01T00:00:02.000+08:00,2016-03-01T00:07:49.000+08:00,N,1,0,0,-73.96981811523438,40.797428131103516,-73.94377136230469,40.796199798583984,1,1.7,8.0,0.5,0.5,0.0,0.0,0.0,0.3,9.3,2,0,CMT,"Creative Mobile Technologies, LLC",Mar,March,Cash,,,,,,,,2016,3,1,0,0,2,2016,3,1,0,7,49
yellow,2,2016-03-01T00:00:27.000+08:00,2016-03-01T00:05:10.000+08:00,N,1,0,0,-73.99053192138672,40.734989166259766,-74.00089263916016,40.71855163574219,1,1.32,6.0,0.5,0.5,1.46,0.0,0.0,0.3,8.76,1,0,VFI,VeriFone Inc.,Mar,March,Credit card,,,,,,,,2016,3,1,0,0,27,2016,3,1,0,5,10
yellow,2,2016-03-01T00:00:30.000+08:00,2016-03-01T00:08:33.000+08:00,N,1,0,0,-73.96698760986328,40.76136016845703,-73.93946838378906,40.79051208496094,2,2.81,10.0,0.5,0.5,2.26,0.0,0.0,0.3,13.56,1,0,VFI,VeriFone Inc.,Mar,March,Credit card,,,,,,,,2016,3,1,0,0,30,2016,3,1,0,8,33
yellow,1,2016-03-01T00:00:31.000+08:00,2016-03-01T00:06:19.000+08:00,N,1,0,0,-73.9727554321289,40.75590515136719,-73.98736572265625,40.7563591003418,1,1.0,6.0,0.5,0.5,0.0,0.0,0.0,0.3,7.3,2,0,CMT,"Creative Mobile Technologies, LLC",Mar,March,Cash,,,,,,,,2016,3,1,0,0,31,2016,3,1,0,6,19
yellow,2,2016-03-01T00:00:31.000+08:00,2016-03-01T00:13:00.000+08:00,N,1,0,0,-73.98587799072266,40.74684143066406,-74.00724792480469,40.70756149291992,1,3.25,12.0,0.5,0.5,2.0,0.0,0.0,0.3,15.3,1,0,VFI,VeriFone Inc.,Mar,March,Credit card,,,,,,,,2016,3,1,0,0,31,2016,3,1,0,13,0
yellow,1,2016-03-01T00:00:17.000+08:00,2016-03-01T00:12:02.000+08:00,N,1,0,0,-74.00578308105469,40.74040985107422,-73.98197174072266,40.764007568359375,1,2.7,11.0,0.5,0.5,2.45,0.0,0.0,0.3,14.75,1,0,CMT,"Creative Mobile Technologies, LLC",Mar,March,Credit card,,,,,,,,2016,3,1,0,0,17,2016,3,1,0,12,2
yellow,2,2016-03-01T00:00:20.000+08:00,2016-03-01T00:14:37.000+08:00,N,1,0,0,-73.98390197753906,40.7681884765625,-74.0112533569336,40.713478088378906,5,4.28,15.0,0.5,0.5,4.89,0.0,0.0,0.3,21.19,1,0,VFI,VeriFone Inc.,Mar,March,Credit card,,,,,,,,2016,3,1,0,0,20,2016,3,1,0,14,37
yellow,1,2016-03-01T00:00:01.000+08:00,2016-03-01T00:05:00.000+08:00,N,1,0,0,-73.95822143554688,40.76464080810547,-73.9678955078125,40.762901306152344,1,0.7,5.5,0.5,0.5,2.0,0.0,0.0,0.3,8.8,1,0,CMT,"Creative Mobile Technologies, LLC",Mar,March,Credit card,,,,,,,,2016,3,1,0,0,1,2016,3,1,0,5,0
yellow,1,2016-03-01T00:00:02.000+08:00,2016-03-01T00:03:05.000+08:00,N,1,0,0,-73.95380401611328,40.78812789916992,-73.97154998779297,40.79523849487305,1,1.1,5.5,0.5,0.5,2.2,0.0,0.0,0.3,9.0,1,0,CMT,"Creative Mobile Technologies, LLC",Mar,March,Credit card,,,,,,,,2016,3,1,0,0,2,2016,3,1,0,3,5
yellow,2,2016-03-01T00:00:08.000+08:00,2016-03-01T00:26:18.000+08:00,N,1,0,0,-73.99230194091797,40.74971389770508,-74.03071594238281,40.618621826171875,1,11.53,33.5,0.5,0.5,0.0,0.0,0.0,0.3,34.8,2,0,VFI,VeriFone Inc.,Mar,March,Cash,,,,,,,,2016,3,1,0,0,8,2016,3,1,0,26,18
yellow,2,2016-03-01T00:00:08.000+08:00,2016-03-01T00:16:31.000+08:00,N,1,0,0,-74.00794219970703,40.706268310546875,-73.9564208984375,40.71889877319336,4,4.26,16.0,0.5,0.5,0.0,0.0,0.0,0.3,17.3,2,0,VFI,VeriFone Inc.,Mar,March,Cash,,,,,,,,2016,3,1,0,0,8,2016,3,1,0,16,31
yellow,1,2016-03-01T00:00:06.000+08:00,2016-03-01T00:12:11.000+08:00,N,1,0,0,-74.00041961669922,40.72746276855469,-73.94773864746094,40.70987319946289,1,3.5,13.0,0.5,0.5,0.0,0.0,0.0,0.3,14.3,2,0,CMT,"Creative Mobile Technologies, LLC",Mar,March,Cash,,,,,,,,2016,3,1,0,0,6,2016,3,1,0,12,11
yellow,1,2016-03-01T00:00:15.000+08:00,2016-03-01T00:09:52.000+08:00,N,1,0,0,-73.97113037109375,40.75152587890625,-73.98873901367188,40.71282196044922,1,3.8,13.0,0.5,0.5,2.85,0.0,0.0,0.3,17.15,1,0,CMT,"Creative Mobile Technologies, LLC",Mar,March,Credit card,,,,,,,,2016,3,1,0,0,15,2016,3,1,0,9,52
yellow,1,2016-03-01T00:00:10.000+08:00,2016-03-01T00:11:04.000+08:00,N,1,0,0,-73.98728942871094,40.75569152832031,-73.96084594726562,40.769500732421875,1,2.4,10.5,0.5,0.5,2.35,0.0,0.0,0.3,14.15,1,0,CMT,"Creative Mobile Technologies, LLC",Mar,March,Credit card,,,,,,,,2016,3,1,0,0,10,2016,3,1,0,11,4
yellow,2,2016-03-01T00:00:21.000+08:00,2016-03-01T00:03:19.000+08:00,N,1,0,0,-73.99212646484375,40.725372314453125,-73.987060546875,40.729835510253906,1,0.48,4.0,0.5,0.5,0.0,0.0,0.0,0.3,5.3,2,0,VFI,VeriFone Inc.,Mar,March,Cash,,,,,,,,2016,3,1,0,0,21,2016,3,1,0,3,19
yellow,2,2016-03-01T00:00:00.000+08:00,2016-03-01T00:00:00.000+08:00,N,1,0,0,-74.01719665527344,40.70538330078125,-73.97807312011719,40.75578689575195,5,5.92,23.5,1.0,0.5,5.06,0.0,0.0,0.3,30.36,1,0,VFI,VeriFone Inc.,Mar,March,Credit card,,,,,,,,2016,3,1,0,0,0,2016,3,1,0,0,0
yellow,2,2016-03-01T00:00:06.000+08:00,2016-03-01T00:07:08.000+08:00,N,1,0,0,-73.9754867553711,40.78703308105469,-73.95295715332031,40.80764389038086,5,2.17,8.5,0.5,0.5,1.96,0.0,0.0,0.3,11.76,1,0,VFI,VeriFone Inc.,Mar,March,Credit card,,,,,,,,2016,3,1,0,0,6,2016,3,1,0,7,8
yellow,2,2016-03-01T00:00:17.000+08:00,2016-03-01T00:13:03.000+08:00,N,1,0,0,-73.97879028320312,40.76246643066406,-73.98910522460938,40.730716705322266,1,2.82,11.5,0.5,0.5,3.2,0.0,0.0,0.3,16.0,1,0,VFI,VeriFone Inc.,Mar,March,Credit card,,,,,,,,2016,3,1,0,0,17,2016,3,1,0,13,3
yellow,1,2016-03-01T00:00:00.000+08:00,2016-03-01T00:11:06.000+08:00,N,1,0,0,-73.98348236083984,40.76792526245117,-74.00594329833984,40.7331657409668,1,2.9,11.0,0.5,0.5,3.05,0.0,0.0,0.3,15.35,1,0,CMT,"Creative Mobile Technologies, LLC",Mar,March,Credit card,,,,,,,,2016,3,1,0,0,0,2016,3,1,0,11,6
yellow,2,2016-03-01T00:00:13.000+08:00,2016-03-01T00:04:56.000+08:00,N,1,0,0,-73.99179077148438,40.74918746948242,-73.98950958251953,40.75777816772461,5,0.79,5.5,0.5,0.5,1.36,0.0,0.0,0.3,8.16,1,0,VFI,VeriFone Inc.,Mar,March,Credit card,,,,,,,,2016,3,1,0,0,13,2016,3,1,0,4,56
yellow,1,2016-03-01T00:00:01.000+08:00,2016-03-01T00:16:04.000+08:00,N,1,0,0,-73.78877258300781,40.64775848388672,-73.82920837402344,40.712345123291016,1,6.2,20.5,0.5,0.5,0.0,0.0,0.0,0.3,21.8,3,0,CMT,"Creative Mobile Technologies, LLC",Mar,March,No charge,,,,,,,,2016,3,1,0,0,1,2016,3,1,0,16,4
yellow,1,2016-03-01T00:00:19.000+08:00,2016-03-01T00:18:07.000+08:00,N,1,0,0,-73.96903991699219,40.7908935546875,-73.98954010009766,40.73448181152344,1,5.1,17.5,0.5,0.5,0.0,0.0,0.0,0.3,18.8,2,0,CMT,"Creative Mobile Technologies, LLC",Mar,March,Cash,,,,,,,,2016,3,1,0,0,19,2016,3,1,0,18,7
yellow,2,2016-03-01T00:00:09.000+08:00,2016-03-01T00:10:09.000+08:00,N,1,0,0,-73.95465850830078,40.7689094543457,-73.97611236572266,40.74494934082031,2,2.66,11.0,0.5,0.5,2.46,0.0,0.0,0.3,14.76,1,0,VFI,VeriFone Inc.,Mar,March,Credit card,,,,,,,,2016,3,1,0,0,9,2016,3,1,0,10,9
yellow,2,2016-03-01T00:00:29.000+08:00,2016-03-01T00:16:52.000+08:00,N,1,0,0,-74.00581359863281,40.717899322509766,-73.95327758789062,40.771549224853516,2,5.57,17.5,0.5,0.5,0.0,0.0,0.0,0.3,18.8,2,0,VFI,VeriFone Inc.,Mar,March,Cash,,,,,,,,2016,3,1,0,0,29,2016,3,1,0,16,52
yellow,1,2016-03-01T00:00:19.000+08:00,2016-03-01T00:18:02.000+08:00,N,1,0,0,-74.01290130615234,40.708072662353516,-73.96126556396484,40.64998245239258,1,7.7,23.5,0.5,0.5,1.0,0.0,0.0,0.3,25.8,1,0,CMT,"Creative Mobile Technologies, LLC",Mar,March,Credit card,,,,,,,,2016,3,1,0,0,19,2016,3,1,0,18,2
yellow,2,2016-03-01T00:00:26.000+08:00,2016-03-01T00:16:58.000+08:00,N,1,0,0,-73.87443542480469,40.77402114868164,-74.00138854980469,40.72154998779297,1,9.79,27.5,0.5,0.5,0.0,0.0,0.0,0.3,28.8,2,0,VFI,VeriFone Inc.,Mar,March,Cash,,,,,,,,2016,3,1,0,0,26,2016,3,1,0,16,58
yellow,2,2016-03-01T00:00:30.000+08:00,2016-03-01T00:12:18.000+08:00,N,1,0,0,-73.9874038696289,40.721866607666016,-73.99153137207031,40.745853424072266,3,2.45,10.5,0.5,0.5,1.0,0.0,0.0,0.3,12.8,1,0,VFI,VeriFone Inc.,Mar,March,Credit card,,,,,,,,2016,3,1,0,0,30,2016,3,1,0,12,18
yellow,2,2016-03-01T00:00:19.000+08:00,2016-03-01T00:08:24.000+08:00,N,1,0,0,-73.99240112304688,40.75899887084961,-73.97708129882812,40.747108459472656,1,1.42,7.5,0.5,0.5,2.2,0.0,0.0,0.3,11.0,1,0,VFI,VeriFone Inc.,Mar,March,Credit card,,,,,,,,2016,3,1,0,0,19,2016,3,1,0,8,24
yellow,1,2016-03-01T00:00:08.000+08:00,2016-03-01T00:03:22.000+08:00,N,1,0,0,-73.98112487792969,40.737300872802734,-73.9880142211914,40.72560119628906,1,1.0,5.0,0.5,0.5,1.0,0.0,0.0,0.3,7.3,1,0,CMT,"Creative Mobile Technologies, LLC",Mar,March,Credit card,,,,,,,,2016,3,1,0,0,8,2016,3,1,0,3,22
yellow,2,2016-03-01T00:00:00.000+08:00,2016-03-01T00:31:06.000+08:00,N,1,0,0,-73.78202056884766,40.64480972290039,-73.97454071044922,40.6757698059082,2,19.98,54.5,0.5,0.5,8.0,0.0,0.0,0.3,63.8,1,0,VFI,VeriFone Inc.,Mar,March,Credit card,,,,,,,,2016,3,1,0,0,0,2016,3,1,0,31,6
yellow,2,2016-03-01T00:00:16.000+08:00,2016-03-01T00:03:56.000+08:00,N,1,0,0,-73.96903991699219,40.79098129272461,-73.96208953857422,40.80535125732422,1,1.21,5.5,0.5,0.5,1.0,0.0,0.0,0.3,7.8,1,0,VFI,VeriFone Inc.,Mar,March,Credit card,,,,,,,,2016,3,1,0,0,16,2016,3,1,0,3,56
yellow,2,2016-03-01T00:00:19.000+08:00,2016-03-01T00:14:16.000+08:00,N,1,0,0,-73.98222351074219,40.758609771728516,-73.9395523071289,40.751731872558594,3,3.34,13.0,0.5,0.5,1.0,0.0,0.0,0.3,15.3,1,0,VFI,VeriFone Inc.,Mar,March,Credit card,,,,,,,,2016,3,1,0,0,19,2016,3,1,0,14,16
yellow,2,2016-03-01T00:00:14.000+08:00,2016-03-01T00:11:14.000+08:00,N,1,0,0,-73.98902130126953,40.71890640258789,-73.94670867919922,40.695648193359375,1,3.11,12.0,0.5,0.5,0.0,0.0,0.0,0.3,13.3,2,0,VFI,VeriFone Inc.,Mar,March,Cash,,,,,,,,2016,3,1,0,0,14,2016,3,1,0,11,14
yellow,1,2016-03-01T00:00:04.000+08:00,2016-03-01T00:03:30.000+08:00,N,1,0,0,-73.9837875366211,40.73189163208008,-73.97581481933594,40.728519439697266,2,0.5,4.5,0.5,0.5,1.15,0.0,0.0,0.3,6.95,1,0,CMT,"Creative Mobile Technologies, LLC",Mar,March,Credit card,,,,,,,,2016,3,1,0,0,4,2016,3,1,0,3,30
yellow,2,2016-03-01T00:00:31.000+08:00,2016-03-01T00:08:31.000+08:00,N,1,0,0,-73.98663330078125,40.74122619628906,-73.99603271484375,40.71889114379883,2,1.92,8.5,0.5,0.5,2.94,0.0,0.0,0.3,12.74,1,0,VFI,VeriFone Inc.,Mar,March,Credit card,,,,,,,,2016,3,1,0,0,31,2016,3,1,0,8,31
yellow,2,2016-03-01T00:00:22.000+08:00,2016-03-01T00:21:37.000+08:00,N,1,0,0,-73.87077331542969,40.77368927001953,-73.98858642578125,40.75933074951172,1,11.25,32.5,0.5,0.5,11.8,5.54,0.0,0.3,51.14,1,0,VFI,VeriFone Inc.,Mar,March,Credit card,,,,,,,,2016,3,1,0,0,22,2016,3,1,0,21,37
yellow,2,2016-03-01T00:00:13.000+08:00,2016-03-01T00:02:42.000+08:00,N,1,0,0,-73.99591827392578,40.738670349121094,-73.99203491210938,40.74949645996094,1,0.95,4.5,0.5,0.5,0.0,0.0,0.0,0.3,5.8,2,0,VFI,VeriFone Inc.,Mar,March,Cash,,,,,,,,2016,3,1,0,0,13,2016,3,1,0,2,42
yellow,1,2016-03-01T00:00:14.000+08:00,2016-03-01T00:21:58.000+08:00,N,1,0,0,-73.95418548583984,40.76414108276367,-73.90243530273438,40.826969146728516,1,6.9,22.5,0.5,0.5,0.0,0.0,0.0,0.3,23.8,2,0,CMT,"Creative Mobile Technologies, LLC",Mar,March,Cash,,,,,,,,2016,3,1,0,0,14,2016,3,1,0,21,58
yellow,2,2016-03-01T00:00:27.000+08:00,2016-03-01T00:07:37.000+08:00,N,1,0,0,-73.96793365478516,40.766998291015625,-73.98139190673828,40.76841354370117,4,1.04,6.5,0.5,0.5,1.56,0.0,0.0,0.3,9.36,1,0,VFI,VeriFone Inc.,Mar,March,Credit card,,,,,,,,2016,3,1,0,0,27,2016,3,1,0,7,37
yellow,1,2016-03-01T00:00:12.000+08:00,2016-03-01T00:08:41.000+08:00,N,1,0,0,-73.9830093383789,40.75618362426758,-73.96585845947266,40.75423812866211,1,1.3,7.5,0.5,0.5,0.0,0.0,0.0,0.3,8.8,1,0,CMT,"Creative Mobile Technologies, LLC",Mar,March,Credit card,,,,,,,,2016,3,1,0,0,12,2016,3,1,0,8,41
yellow,1,2016-03-01T00:00:25.000+08:00,2016-03-01T00:12:16.000+08:00,N,1,0,0,-73.87252044677734,40.77450942993164,-73.95454406738281,40.74215316772461,1,6.3,19.0,0.5,0.5,4.06,0.0,0.0,0.3,24.36,1,0,CMT,"Creative Mobile Technologies, LLC",Mar,March,Credit card,,,,,,,,2016,3,1,0,0,25,2016,3,1,0,12,16
yellow,2,2016-03-01T00:00:20.000+08:00,2016-03-01T00:18:00.000+08:00,N,1,0,0,-73.98654174804688,40.766788482666016,-73.97782135009766,40.72602844238281,6,3.95,15.0,0.5,0.5,3.26,0.0,0.0,0.3,19.56,1,0,VFI,VeriFone Inc.,Mar,March,Credit card,,,,,,,,2016,3,1,0,0,20,2016,3,1,0,18,0
yellow,1,2016-03-01T00:00:12.000+08:00,2016-03-01T00:29:57.000+08:00,N,1,0,0,-73.9886245727539,40.721683502197266,-73.93851470947266,40.817020416259766,1,9.2,31.0,0.5,0.5,8.05,0.0,0.0,0.3,40.35,1,0,CMT,"Creative Mobile Technologies, LLC",Mar,March,Credit card,,,,,,,,2016,3,1,0,0,12,2016,3,1,0,29,57
yellow,2,2016-03-01T00:00:31.000+08:00,2016-03-01T00:09:06.000+08:00,N,1,0,0,-74.65130615234375,40.60926055908203,-74.65130615234375,40.60926055908203,1,0.73,6.5,0.5,0.5,1.0,0.0,0.0,0.3,8.8,1,0,VFI,VeriFone Inc.,Mar,March,Credit card,,,,,,,,2016,3,1,0,0,31,2016,3,1,0,9,6
yellow,2,2016-03-01T00:00:04.000+08:00,2016-03-01T00:02:24.000+08:00,N,1,0,0,-73.96642303466797,40.76165008544922,-73.95902252197266,40.76818084716797,2,0.8,4.5,0.5,0.5,1.16,0.0,0.0,0.3,6.96,1,0,VFI,VeriFone Inc.,Mar,March,Credit card,,,,,,,,2016,3,1,0,0,4,2016,3,1,0,2,24
yellow,2,2016-03-01T00:00:19.000+08:00,2016-03-01T00:05:33.000+08:00,N,1,0,0,-74.00289916992188,40.74930953979492,-73.97846984863281,40.783138275146484,2,2.69,9.0,0.5,0.5,0.0,0.0,0.0,0.3,10.3,2,0,VFI,VeriFone Inc.,Mar,March,Cash,,,,,,,,2016,3,1,0,0,19,2016,3,1,0,5,33
yellow,2,2016-03-01T00:00:00.000+08:00,2016-03-01T00:00:00.000+08:00,N,3,0,0,-73.97174072265625,40.79218292236328,-74.17716979980469,40.69505310058594,5,30.43,98.0,0.0,0.0,0.0,15.5,0.0,0.3,113.8,1,0,VFI,VeriFone Inc.,Mar,March,Credit card,,,,,,,,2016,3,1,0,0,0,2016,3,1,0,0,0
yellow,1,2016-03-01T00:00:10.000+08:00,2016-03-01T00:10:01.000+08:00,N,1,0,0,-73.96561431884766,40.79033279418945,-73.94799041748047,40.77451705932617,1,1.7,9.0,0.5,0.5,2.05,0.0,0.0,0.3,12.35,1,0,CMT,"Creative Mobile Technologies, LLC",Mar,March,Credit card,,,,,,,,2016,3,1,0,0,10,2016,3,1,0,10,1
yellow,1,2016-03-01T00:00:28.000+08:00,2016-03-01T00:09:08.000+08:00,N,1,0,0,-73.9805908203125,40.67628479003906,-73.95732879638672,40.674293518066406,1,1.4,8.0,0.5,0.5,2.3,0.0,0.0,0.3,11.6,1,0,CMT,"Creative Mobile Technologies, LLC",Mar,March,Credit card,,,,,,,,2016,3,1,0,0,28,2016,3,1,0,9,8
yellow,2,2016-03-01T00:00:18.000+08:00,2016-03-01T00:09:52.000+08:00,N,1,0,0,-73.98250579833984,40.75724411010742,-73.98570251464844,40.7780647277832,1,2.07,9.5,0.5,0.5,1.7,0.0,0.0,0.3,12.5,1,0,VFI,VeriFone Inc.,Mar,March,Credit card,,,,,,,,2016,3,1,0,0,18,2016,3,1,0,9,52
yellow,2,2016-03-01T00:00:02.000+08:00,2016-03-01T00:08:24.000+08:00,N,1,0,0,-74.00672912597656,40.730716705322266,-74.01704406738281,40.70936584472656,1,2.0,8.5,0.5,0.5,2.0,0.0,0.0,0.3,11.8,1,0,VFI,VeriFone Inc.,Mar,March,Credit card,,,,,,,,2016,3,1,0,0,2,2016,3,1,0,8,24
yellow,2,2016-03-01T00:00:30.000+08:00,2016-03-01T00:10:57.000+08:00,N,1,0,0,-73.9783935546875,40.75227355957031,-73.97775268554688,40.77882385253906,1,2.61,10.5,0.5,0.5,2.0,0.0,0.0,0.3,13.8,1,0,VFI,VeriFone Inc.,Mar,March,Credit card,,,,,,,,2016,3,1,0,0,30,2016,3,1,0,10,57
yellow,1,2016-03-01T00:00:04.000+08:00,2016-03-01T00:06:11.000+08:00,N,1,0,0,-73.9994125366211,40.738563537597656,-74.00245666503906,40.74532699584961,1,0.6,5.5,0.5,0.5,0.0,0.0,0.0,0.3,6.8,2,0,CMT,"Creative Mobile Technologies, LLC",Mar,March,Cash,,,,,,,,2016,3,1,0,0,4,2016,3,1,0,6,11
yellow,2,2016-03-01T00:00:06.000+08:00,2016-03-01T00:31:11.000+08:00,N,1,0,0,-73.99080657958984,40.757652282714844,-73.88148498535156,40.73888397216797,2,9.14,31.0,0.5,0.5,6.46,0.0,0.0,0.3,38.76,1,0,VFI,VeriFone Inc.,Mar,March,Credit card,,,,,,,,2016,3,1,0,0,6,2016,3,1,0,31,11
yellow,1,2016-03-01T00:00:10.000+08:00,2016-03-01T00:04:38.000+08:00,N,1,0,0,-73.9818344116211,40.756263732910156,-73.987060546875,40.7486686706543,1,1.0,5.5,0.5,0.5,0.0,0.0,0.0,0.3,6.8,2,0,CMT,"Creative Mobile Technologies, LLC",Mar,March,Cash,,,,,,,,2016,3,1,0,0,10,2016,3,1,0,4,38
yellow,1,2016-03-01T00:00:25.000+08:00,2016-03-01T00:08:01.000+08:00,N,1,0,0,-73.98271942138672,40.74505615234375,-73.9718246459961,40.76203918457031,1,1.4,7.5,0.5,0.5,1.75,0.0,0.0,0.3,10.55,1,0,CMT,"Creative Mobile Technologies, LLC",Mar,March,Credit card,,,,,,,,2016,3,1,0,0,25,2016,3,1,0,8,1
yellow,1,2016-03-01T00:00:16.000+08:00,2016-03-01T00:11:59.000+08:00,N,1,0,0,-73.98197174072266,40.761695861816406,-73.97492218017578,40.793174743652344,1,2.8,11.0,0.5,0.5,0.0,0.0,0.0,0.3,12.3,2,0,CMT,"Creative Mobile Technologies, LLC",Mar,March,Cash,,,,,,,,2016,3,1,0,0,16,2016,3,1,0,11,59
yellow,1,2016-03-01T00:00:04.000+08:00,2016-03-01T00:19:39.000+08:00,N,1,0,0,-73.86585998535156,40.77117919921875,-73.92384338378906,40.69843292236328,1,9.9,28.5,0.5,0.5,0.0,0.0,0.0,0.3,29.8,2,0,CMT,"Creative Mobile Technologies, LLC",Mar,March,Cash,,,,,,,,2016,3,1,0,0,4,2016,3,1,0,19,39
yellow,2,2016-03-01T00:00:01.000+08:00,2016-03-01T00:24:06.000+08:00,N,1,0,0,-73.98577880859375,40.74119186401367,-73.94635009765625,40.79787826538086,3,7.18,23.5,0.5,0.5,3.2,0.0,0.0,0.3,28.0,1,0,VFI,VeriFone Inc.,Mar,March,Credit card,,,,,,,,2016,3,1,0,0,1,2016,3,1,0,24,6
yellow,2,2016-03-01T00:00:00.000+08:00,2016-03-01T00:00:00.000+08:00,N,1,0,0,-73.86341857910156,40.769813537597656,-73.96965026855469,40.75776672363281,3,10.78,31.5,0.0,0.5,3.78,5.54,0.0,0.3,41.62,1,0,VFI,VeriFone Inc.,Mar,March,Credit card,,,,,,,,2016,3,1,0,0,0,2016,3,1,0,0,0
yellow,2,2016-03-01T00:00:14.000+08:00,2016-03-01T00:16:37.000+08:00,N,1,0,0,-73.96170043945312,40.65494918823242,-73.93612670898438,40.69771957397461,1,4.26,15.5,0.5,0.5,2.0,0.0,0.0,0.3,18.8,1,0,VFI,VeriFone Inc.,Mar,March,Credit card,,,,,,,,2016,3,1,0,0,14,2016,3,1,0,16,37
yellow,2,2016-03-01T00:00:17.000+08:00,2016-03-01T00:25:34.000+08:00,N,1,0,0,-73.98713684082031,40.720516204833984,-73.96949768066406,40.761104583740234,1,5.39,20.5,0.5,0.5,4.36,0.0,0.0,0.3,26.16,1,0,VFI,VeriFone Inc.,Mar,March,Credit card,,,,,,,,2016,3,1,0,0,17,2016,3,1,0,25,34
yellow,2,2016-03-01T00:00:20.000+08:00,2016-03-01T00:14:56.000+08:00,N,1,0,0,-73.98704528808594,40.755615234375,-73.94645690917969,40.77686309814453,3,3.65,14.0,0.5,0.5,3.0,0.0,0.0,0.3,18.3,1,0,VFI,VeriFone Inc.,Mar,March,Credit card,,,,,,,,2016,3,1,0,0,20,2016,3,1,0,14,56
yellow,1,2016-03-01T00:00:03.000+08:00,2016-03-01T00:09:23.000+08:00,N,1,0,0,-74.0066146850586,40.71662139892578,-73.99010467529297,40.75605010986328,1,3.2,11.0,0.5,0.5,0.0,0.0,0.0,0.3,12.3,2,0,CMT,"Creative Mobile Technologies, LLC",Mar,March,Cash,,,,,,,,2016,3,1,0,0,3,2016,3,1,0,9,23
yellow,2,2016-03-01T00:00:27.000+08:00,2016-03-01T00:08:36.000+08:00,N,1,0,0,-73.98603820800781,40.72309875488281,-74.00237274169922,40.73345184326172,2,1.51,7.5,0.5,0.5,0.0,0.0,0.0,0.3,8.8,2,0,VFI,VeriFone Inc.,Mar,March,Cash,,,,,,,,2016,3,1,0,0,27,2016,3,1,0,8,36
yellow,2,2016-03-01T00:00:24.000+08:00,2016-03-01T00:35:29.000+08:00,N,1,0,0,-73.99005889892578,40.76193618774414,-73.85777282714844,40.743255615234375,1,10.34,34.5,0.5,0.5,0.0,0.0,0.0,0.3,35.8,1,0,VFI,VeriFone Inc.,Mar,March,Credit card,,,,,,,,2016,3,1,0,0,24,2016,3,1,0,35,29
yellow,1,2016-03-01T00:00:26.000+08:00,2016-03-01T00:19:26.000+08:00,N,1,0,0,-74.0061264038086,40.742332458496094,-73.99109649658203,40.71963882446289,1,3.4,15.0,0.5,0.5,0.0,0.0,0.0,0.3,16.3,2,0,CMT,"Creative Mobile Technologies, LLC",Mar,March,Cash,,,,,,,,2016,3,1,0,0,26,2016,3,1,0,19,26
green,2,2016-03-01T00:05:38.000+08:00,2016-03-01T00:07:25.000+08:00,N,1,0,0,-73.95953369140625,40.809635162353516,-73.9615707397461,40.81309509277344,1,0.38,3.5,0.5,0.5,0.0,0.0,,0.3,4.8,1,1,VFI,VeriFone Inc.,Mar,March,Credit card,Standard rate,,,,,,,2016,3,1,0,5,38,2016,3,1,0,7,25
green,2,2016-03-01T00:01:59.000+08:00,2016-03-01T00:10:56.000+08:00,N,1,0,0,-73.80699157714844,40.69917678833008,-73.8403091430664,40.67009353637695,1,4.67,14.5,0.5,0.5,3.16,0.0,,0.3,18.96,1,1,VFI,VeriFone Inc.,Mar,March,Credit card,Standard rate,,,,,,,2016,3,1,0,1,59,2016,3,1,0,10,56
green,2,2016-03-01T00:08:50.000+08:00,2016-03-01T00:14:38.000+08:00,N,1,0,0,-73.96515655517578,40.714210510253906,-73.95413970947266,40.7078857421875,1,1.03,6.0,0.5,0.5,1.46,0.0,,0.3,8.76,1,1,VFI,VeriFone Inc.,Mar,March,Credit card,Standard rate,,,,,,,2016,3,1,0,8,50,2016,3,1,0,14,38
green,2,2016-03-01T00:10:51.000+08:00,2016-03-01T00:11:15.000+08:00,N,1,0,0,-73.9382095336914,40.84760665893555,-73.93965148925781,40.847625732421875,1,0.02,2.5,0.5,0.5,0.0,0.0,,0.3,3.8,2,1,VFI,VeriFone Inc.,Mar,March,Cash,Standard rate,,,,,,,2016,3,1,0,10,51,2016,3,1,0,11,15
green,2,2016-03-01T00:02:40.000+08:00,2016-03-01T00:05:08.000+08:00,N,1,0,0,-73.9790267944336,40.67853546142578,-73.9743423461914,40.68113327026367,2,0.44,4.0,0.5,0.5,1.06,0.0,,0.3,6.36,1,1,VFI,VeriFone Inc.,Mar,March,Credit card,Standard rate,,,,,,,2016,3,1,0,2,40,2016,3,1,0,5,8
green,2,2016-03-01T00:00:25.000+08:00,2016-03-01T00:16:43.000+08:00,N,1,0,0,-73.95259857177734,40.727081298828125,-73.97126007080078,40.745365142822266,1,5.48,18.0,0.5,0.5,2.5,5.54,,0.3,27.34,1,1,VFI,VeriFone Inc.,Mar,March,Credit card,Standard rate,,,,,,,2016,3,1,0,0,25,2016,3,1,0,16,43
green,2,2016-03-01T00:02:38.000+08:00,2016-03-01T00:05:52.000+08:00,N,1,0,0,-73.9391098022461,40.80513381958008,-73.9365005493164,40.81236267089844,1,0.62,4.5,0.5,0.5,1.16,0.0,,0.3,6.96,1,1,VFI,VeriFone Inc.,Mar,March,Credit card,Standard rate,,,,,,,2016,3,1,0,2,38,2016,3,1,0,5,52
green,2,2016-03-01T00:01:27.000+08:00,2016-03-01T00:05:37.000+08:00,N,1,0,0,-73.91205596923828,40.775203704833984,-73.89995574951172,40.771881103515625,5,0.88,5.0,0.5,0.5,1.26,0.0,,0.3,7.56,1,1,VFI,VeriFone Inc.,Mar,March,Credit card,Standard rate,,,,,,,2016,3,1,0,1,27,2016,3,1,0,5,37
green,2,2016-03-01T00:09:12.000+08:00,2016-03-01T00:13:51.000+08:00,N,1,0,0,-73.95167541503906,40.713966369628906,-73.95034790039062,40.700538635253906,1,0.93,5.5,0.5,0.5,0.0,0.0,,0.3,6.8,1,1,VFI,VeriFone Inc.,Mar,March,Credit card,Standard rate,,,,,,,2016,3,1,0,9,12,2016,3,1,0,13,51
green,2,2016-03-01T00:00:10.000+08:00,2016-03-01T00:20:33.000+08:00,N,1,0,0,-73.9517593383789,40.73039245605469,-73.90784454345703,40.759098052978516,1,3.75,16.0,0.5,0.5,0.0,0.0,,0.3,17.3,2,1,VFI,VeriFone Inc.,Mar,March,Cash,Standard rate,,,,,,,2016,3,1,0,0,10,2016,3,1,0,20,33
green,2,2016-03-01T00:06:25.000+08:00,2016-03-01T00:10:38.000+08:00,N,1,0,0,-73.98062133789062,40.69961166381836,-73.97577667236328,40.68684387207031,1,0.97,5.0,0.5,0.5,0.0,0.0,,0.3,6.3,2,1,VFI,VeriFone Inc.,Mar,March,Cash,Standard rate,,,,,,,2016,3,1,0,6,25,2016,3,1,0,10,38
green,2,2016-03-01T00:02:20.000+08:00,2016-03-01T00:07:44.000+08:00,N,1,0,0,-73.94047546386719,40.80568313598633,-73.95256042480469,40.80082321166992,1,1.13,6.0,0.5,0.5,0.0,0.0,,0.3,7.3,2,1,VFI,VeriFone Inc.,Mar,March,Cash,Standard rate,,,,,,,2016,3,1,0,2,20,2016,3,1,0,7,44
green,2,2016-03-01T00:01:09.000+08:00,2016-03-01T00:04:52.000+08:00,N,1,0,0,-73.95074462890625,40.810585021972656,-73.94052124023438,40.82466506958008,1,1.13,5.5,0.5,0.5,0.0,0.0,,0.3,6.8,2,1,VFI,VeriFone Inc.,Mar,March,Cash,Standard rate,,,,,,,2016,3,1,0,1,9,2016,3,1,0,4,52
green,2,2016-03-01T00:05:18.000+08:00,2016-03-01T00:13:01.000+08:00,N,1,0,0,-73.80776977539062,40.700706481933594,-73.789306640625,40.67434310913086,1,2.08,8.5,0.5,0.5,0.0,0.0,,0.3,9.8,2,1,VFI,VeriFone Inc.,Mar,March,Cash,Standard rate,,,,,,,2016,3,1,0,5,18,2016,3,1,0,13,1
green,2,2016-03-01T00:07:04.000+08:00,2016-03-01T00:10:42.000+08:00,N,1,0,0,-73.82994842529297,40.713741302490234,-73.82302856445312,40.71464538574219,2,0.65,4.5,0.5,0.5,0.0,0.0,,0.3,5.8,2,1,VFI,VeriFone Inc.,Mar,March,Cash,Standard rate,,,,,,,2016,3,1,0,7,4,2016,3,1,0,10,42
green,2,2016-03-01T00:00:35.000+08:00,2016-03-01T00:08:19.000+08:00,N,1,0,0,-73.84429168701172,40.721351623535156,-73.81807708740234,40.7104606628418,1,1.74,8.5,0.5,0.5,0.0,0.0,,0.3,9.8,2,1,VFI,VeriFone Inc.,Mar,March,Cash,Standard rate,,,,,,,2016,3,1,0,0,35,2016,3,1,0,8,19
green,2,2016-03-01T00:01:04.000+08:00,2016-03-01T00:06:09.000+08:00,N,1,0,0,-73.95978546142578,40.655452728271484,-73.94335174560547,40.65607833862305,1,1.04,5.5,0.5,0.5,0.0,0.0,,0.3,6.8,2,1,VFI,VeriFone Inc.,Mar,March,Cash,Standard rate,,,,,,,2016,3,1,0,1,4,2016,3,1,0,6,9
green,2,2016-03-01T00:01:09.000+08:00,2016-03-01T00:10:26.000+08:00,N,1,0,0,-73.83042907714844,40.75943374633789,-73.8525390625,40.73369216918945,1,2.8,11.0,0.5,0.5,0.0,0.0,,0.3,12.3,2,1,VFI,VeriFone Inc.,Mar,March,Cash,Standard rate,,,,,,,2016,3,1,0,1,9,2016,3,1,0,10,26
green,2,2016-03-01T00:04:05.000+08:00,2016-03-01T00:17:09.000+08:00,N,1,0,0,-73.88734436035156,40.74727249145508,-73.92630004882812,40.75677490234375,1,2.58,11.5,0.5,0.5,0.0,0.0,,0.3,12.8,2,1,VFI,VeriFone Inc.,Mar,March,Cash,Standard rate,,,,,,,2016,3,1,0,4,5,2016,3,1,0,17,9
green,2,2016-03-01T00:07:51.000+08:00,2016-03-01T00:11:39.000+08:00,N,1,0,0,-73.82989501953125,40.713680267333984,-73.81746673583984,40.69379806518555,1,1.91,7.0,0.5,0.5,0.0,0.0,,0.3,8.3,2,1,VFI,VeriFone Inc.,Mar,March,Cash,Standard rate,,,,,,,2016,3,1,0,7,51,2016,3,1,0,11,39
green,2,2016-03-01T00:02:11.000+08:00,2016-03-01T00:16:36.000+08:00,N,1,0,0,-73.99688720703125,40.63880157470703,-73.96929168701172,40.63326644897461,1,2.52,11.5,0.5,0.5,3.0,0.0,,0.3,15.8,1,1,VFI,VeriFone Inc.,Mar,March,Credit card,Standard rate,,,,,,,2016,3,1,0,2,11,2016,3,1,0,16,36
green,2,2016-03-01T00:01:34.000+08:00,2016-03-01T00:26:10.000+08:00,N,1,0,0,-73.95757293701172,40.714595794677734,-73.99826049804688,40.677391052246094,1,6.12,21.5,0.5,0.5,0.0,0.0,,0.3,22.8,2,1,VFI,VeriFone Inc.,Mar,March,Cash,Standard rate,,,,,,,2016,3,1,0,1,34,2016,3,1,0,26,10
green,2,2016-03-01T00:04:53.000+08:00,2016-03-01T00:11:15.000+08:00,N,1,0,0,-73.87808990478516,40.74819564819336,-73.89674377441406,40.750553131103516,1,1.18,6.5,0.5,0.5,0.0,0.0,,0.3,7.8,2,1,VFI,VeriFone Inc.,Mar,March,Cash,Standard rate,,,,,,,2016,3,1,0,4,53,2016,3,1,0,11,15
green,2,2016-03-01T00:06:44.000+08:00,2016-03-01T00:11:39.000+08:00,N,1,0,0,-73.86982727050781,40.73356628417969,-73.86189270019531,40.735015869140625,1,0.91,5.5,0.5,0.5,0.0,0.0,,0.3,6.8,2,1,VFI,VeriFone Inc.,Mar,March,Cash,Standard rate,,,,,,,2016,3,1,0,6,44,2016,3,1,0,11,39
green,2,2016-03-01T00:00:26.000+08:00,2016-03-01T00:04:40.000+08:00,N,1,0,0,-73.89085388183594,40.74651336669922,-73.89606475830078,40.735740661621094,1,1.01,5.5,0.5,0.5,0.0,0.0,,0.3,6.8,1,1,VFI,VeriFone Inc.,Mar,March,Credit card,Standard rate,,,,,,,2016,3,1,0,0,26,2016,3,1,0,4,40
green,2,2016-03-01T00:03:53.000+08:00,2016-03-01T00:10:03.000+08:00,N,1,0,0,-73.93978881835938,40.707401275634766,-73.95391082763672,40.70722198486328,1,0.88,6.0,0.5,0.5,0.0,0.0,,0.3,7.3,1,1,VFI,VeriFone Inc.,Mar,March,Credit card,Standard rate,,,,,,,2016,3,1,0,3,53,2016,3,1,0,10,3
green,2,2016-03-01T00:05:59.000+08:00,2016-03-01T00:08:44.000+08:00,N,1,0,0,-73.93831634521484,40.8177490234375,-73.94452667236328,40.80929946899414,1,0.67,4.5,0.5,0.5,0.0,0.0,,0.3,5.8,2,1,VFI,VeriFone Inc.,Mar,March,Cash,Standard rate,,,,,,,2016,3,1,0,5,59,2016,3,1,0,8,44
green,2,2016-03-01T00:00:00.000+08:00,2016-03-01T00:01:39.000+08:00,N,1,0,0,-73.94475555419922,40.81904983520508,-73.9494857788086,40.81261444091797,1,0.49,3.5,0.5,0.5,0.0,0.0,,0.3,4.8,2,1,VFI,VeriFone Inc.,Mar,March,Cash,Standard rate,,,,,,,2016,3,1,0,0,0,2016,3,1,0,1,39
green,2,2016-03-01T00:04:32.000+08:00,2016-03-01T00:12:16.000+08:00,N,1,0,0,-73.91032409667969,40.854618072509766,-73.90998077392578,40.85975646972656,1,0.43,-4.5,-0.5,-0.5,0.0,0.0,,-0.3,-5.8,4,1,VFI,VeriFone Inc.,Mar,March,Dispute,Standard rate,,,,,,,2016,3,1,0,4,32,2016,3,1,0,12,16
green,2,2016-03-01T00:04:57.000+08:00,2016-03-01T00:12:56.000+08:00,N,1,0,0,-73.8895034790039,40.86073303222656,-73.92097473144531,40.86756134033203,1,1.93,8.5,0.5,0.5,0.0,0.0,,0.3,9.8,2,1,VFI,VeriFone Inc.,Mar,March,Cash,Standard rate,,,,,,,2016,3,1,0,4,57,2016,3,1,0,12,56
green,2,2016-03-01T00:14:08.000+08:00,2016-03-01T00:14:19.000+08:00,N,5,0,0,-73.88013458251953,40.820804595947266,-73.88017272949219,40.82078552246094,1,0.0,7.0,0.0,0.0,1.0,0.0,,0.0,8.0,1,2,VFI,VeriFone Inc.,Mar,March,Credit card,Negotiated fare,,,,,,,2016,3,1,0,14,8,2016,3,1,0,14,19
green,2,2016-03-01T00:02:43.000+08:00,2016-03-01T00:04:52.000+08:00,N,1,0,0,-73.93592834472656,40.79942321777344,-73.94055938720703,40.788818359375,1,0.93,4.5,0.5,0.5,0.0,0.0,,0.3,5.8,2,1,VFI,VeriFone Inc.,Mar,March,Cash,Standard rate,,,,,,,2016,3,1,0,2,43,2016,3,1,0,4,52
green,2,2016-03-01T00:05:56.000+08:00,2016-03-01T00:13:06.000+08:00,N,1,0,0,-73.89024353027344,40.7469367980957,-73.88497161865234,40.76322937011719,1,1.43,7.0,0.5,0.5,0.0,0.0,,0.3,8.3,2,1,VFI,VeriFone Inc.,Mar,March,Cash,Standard rate,,,,,,,2016,3,1,0,5,56,2016,3,1,0,13,6
green,2,2016-03-01T00:00:30.000+08:00,2016-03-01T00:12:23.000+08:00,N,1,0,0,-73.94988250732422,40.7221565246582,-74.0040054321289,40.72315979003906,1,3.63,13.0,0.5,0.5,2.86,0.0,,0.3,17.16,1,1,VFI,VeriFone Inc.,Mar,March,Credit card,Standard rate,,,,,,,2016,3,1,0,0,30,2016,3,1,0,12,23
green,2,2016-03-01T00:04:25.000+08:00,2016-03-01T00:08:14.000+08:00,N,1,0,0,-73.95337677001953,40.680755615234375,-73.95079040527344,40.69368362426758,1,1.08,5.0,0.5,0.5,0.0,0.0,,0.3,6.3,2,1,VFI,VeriFone Inc.,Mar,March,Cash,Standard rate,,,,,,,2016,3,1,0,4,25,2016,3,1,0,8,14
green,2,2016-03-01T00:03:53.000+08:00,2016-03-01T00:08:17.000+08:00,N,1,0,0,-73.95097351074219,40.665321350097656,-73.94322967529297,40.6561164855957,1,1.15,6.0,0.5,0.5,0.0,0.0,,0.3,7.3,1,1,VFI,VeriFone Inc.,Mar,March,Credit card,Standard rate,,,,,,,2016,3,1,0,3,53,2016,3,1,0,8,17
green,2,2016-03-01T00:07:08.000+08:00,2016-03-01T00:12:37.000+08:00,N,1,0,0,-73.95175170898438,40.71508026123047,-73.97225189208984,40.694915771484375,1,2.14,8.0,0.5,0.5,1.86,0.0,,0.3,11.16,1,1,VFI,VeriFone Inc.,Mar,March,Credit card,Standard rate,,,,,,,2016,3,1,0,7,8,2016,3,1,0,12,37
green,2,2016-03-01T00:01:54.000+08:00,2016-03-01T00:07:26.000+08:00,N,1,0,0,-73.96109771728516,40.71471405029297,-73.95777130126953,40.7335090637207,2,1.59,6.5,0.5,0.5,1.56,0.0,,0.3,9.36,1,1,VFI,VeriFone Inc.,Mar,March,Credit card,Standard rate,,,,,,,2016,3,1,0,1,54,2016,3,1,0,7,26
green,2,2016-03-01T00:02:02.000+08:00,2016-03-01T00:05:43.000+08:00,N,1,0,0,-73.94447326660156,40.82380294799805,-73.9364013671875,40.83018112182617,1,0.73,5.0,0.5,0.5,0.0,0.0,,0.3,6.3,1,1,VFI,VeriFone Inc.,Mar,March,Credit card,Standard rate,,,,,,,2016,3,1,0,2,2,2016,3,1,0,5,43
green,2,2016-03-01T00:06:08.000+08:00,2016-03-01T00:09:51.000+08:00,N,1,0,0,-73.91142272949219,40.77547073364258,-73.8996353149414,40.77915573120117,5,0.87,5.0,0.5,0.5,1.26,0.0,,0.3,7.56,1,1,VFI,VeriFone Inc.,Mar,March,Credit card,Standard rate,,,,,,,2016,3,1,0,6,8,2016,3,1,0,9,51
green,2,2016-03-01T00:08:22.000+08:00,2016-03-01T00:11:17.000+08:00,N,1,0,0,-73.91516876220703,40.76395034790039,-73.92137908935547,40.761478424072266,1,0.68,4.5,0.5,0.5,1.16,0.0,,0.3,6.96,1,1,VFI,VeriFone Inc.,Mar,March,Credit card,Standard rate,,,,,,,2016,3,1,0,8,22,2016,3,1,0,11,17
green,2,2016-03-01T00:06:48.000+08:00,2016-03-01T00:10:41.000+08:00,N,1,0,0,-73.98661041259766,40.70378494262695,-73.98297882080078,40.69488525390625,1,0.8,5.0,0.5,0.5,1.58,0.0,,0.3,7.88,1,1,VFI,VeriFone Inc.,Mar,March,Credit card,Standard rate,,,,,,,2016,3,1,0,6,48,2016,3,1,0,10,41
green,2,2016-03-01T00:00:01.000+08:00,2016-03-01T00:06:21.000+08:00,N,1,0,0,-73.95012664794922,40.811561584472656,-73.93608093261719,40.81493377685547,1,1.09,6.5,0.5,0.5,0.0,0.0,,0.3,7.8,2,1,VFI,VeriFone Inc.,Mar,March,Cash,Standard rate,,,,,,,2016,3,1,0,0,1,2016,3,1,0,6,21
green,2,2016-03-01T00:07:16.000+08:00,2016-03-01T00:10:50.000+08:00,N,1,0,0,-73.9252700805664,40.761756896972656,-73.91719055175781,40.773380279541016,2,0.94,5.0,0.5,0.5,0.0,0.0,,0.3,6.3,2,1,VFI,VeriFone Inc.,Mar,March,Cash,Standard rate,,,,,,,2016,3,1,0,7,16,2016,3,1,0,10,50
green,2,2016-03-01T00:03:07.000+08:00,2016-03-01T00:08:58.000+08:00,N,1,0,0,-73.90348052978516,40.74530029296875,-73.90158081054688,40.734195709228516,2,1.06,6.5,0.5,0.5,0.0,0.0,,0.3,7.8,2,1,VFI,VeriFone Inc.,Mar,March,Cash,Standard rate,,,,,,,2016,3,1,0,3,7,2016,3,1,0,8,58
green,2,2016-03-01T00:04:03.000+08:00,2016-03-01T00:07:58.000+08:00,N,1,0,0,-73.93568420410156,40.85028076171875,-73.94292449951172,40.8502197265625,1,0.68,4.5,0.5,0.5,1.16,0.0,,0.3,6.96,1,1,VFI,VeriFone Inc.,Mar,March,Credit card,Standard rate,,,,,,,2016,3,1,0,4,3,2016,3,1,0,7,58
green,2,2016-03-01T00:05:33.000+08:00,2016-03-01T00:10:51.000+08:00,N,1,0,0,-73.95791625976562,40.721900939941406,-73.94456481933594,40.71546173095703,1,1.0,5.5,0.5,0.5,1.36,0.0,,0.3,8.16,1,1,VFI,VeriFone Inc.,Mar,March,Credit card,Standard rate,,,,,,,2016,3,1,0,5,33,2016,3,1,0,10,51
green,2,2016-03-01T00:03:02.000+08:00,2016-03-01T00:04:12.000+08:00,N,5,0,0,-73.93687438964844,40.679725646972656,-73.9369888305664,40.679752349853516,1,0.0,-15.0,0.0,0.0,0.0,0.0,,0.0,-15.0,3,2,VFI,VeriFone Inc.,Mar,March,No charge,Negotiated fare,,,,,,,2016,3,1,0,3,2,2016,3,1,0,4,12
green,2,2016-03-01T00:00:29.000+08:00,2016-03-01T00:04:03.000+08:00,N,1,0,0,-73.90343475341797,40.74534606933594,-73.8996353149414,40.73500061035156,5,0.9,5.0,0.5,0.5,0.0,0.0,,0.3,6.3,2,1,VFI,VeriFone Inc.,Mar,March,Cash,Standard rate,,,,,,,2016,3,1,0,0,29,2016,3,1,0,4,3
green,2,2016-03-01T00:02:09.000+08:00,2016-03-01T00:13:20.000+08:00,N,1,0,0,-73.96199798583984,40.715843200683594,-73.943115234375,40.70149230957031,2,1.74,9.5,0.5,0.5,3.24,0.0,,0.3,14.04,1,1,VFI,VeriFone Inc.,Mar,March,Credit card,Standard rate,,,,,,,2016,3,1,0,2,9,2016,3,1,0,13,20
green,2,2016-03-01T00:07:56.000+08:00,2016-03-01T00:13:09.000+08:00,N,1,0,0,-73.9422607421875,40.75409698486328,-73.92857360839844,40.774112701416016,1,2.03,7.5,0.5,0.5,0.0,0.0,,0.3,8.8,2,1,VFI,VeriFone Inc.,Mar,March,Cash,Standard rate,,,,,,,2016,3,1,0,7,56,2016,3,1,0,13,9
green,2,2016-03-01T00:02:46.000+08:00,2016-03-01T00:04:29.000+08:00,N,1,0,0,-73.91485595703125,40.764007568359375,-73.91902923583984,40.7657470703125,1,0.25,3.5,0.5,0.5,1.2,0.0,,0.3,6.0,1,1,VFI,VeriFone Inc.,Mar,March,Credit card,Standard rate,,,,,,,2016,3,1,0,2,46,2016,3,1,0,4,29
green,2,2016-03-01T00:01:22.000+08:00,2016-03-01T00:14:48.000+08:00,N,1,0,0,-73.96653747558594,40.69334030151367,-73.92933654785156,40.6689567565918,1,3.75,13.5,0.5,0.5,0.0,0.0,,0.3,14.8,2,1,VFI,VeriFone Inc.,Mar,March,Cash,Standard rate,,,,,,,2016,3,1,0,1,22,2016,3,1,0,14,48
green,2,2016-03-01T00:01:04.000+08:00,2016-03-01T00:04:55.000+08:00,N,1,0,0,-73.91172790527344,40.775428771972656,-73.91460418701172,40.76444625854492,1,0.82,4.5,0.5,0.5,0.0,0.0,,0.3,5.8,2,1,VFI,VeriFone Inc.,Mar,March,Cash,Standard rate,,,,,,,2016,3,1,0,1,4,2016,3,1,0,4,55
green,2,2016-03-01T00:08:02.000+08:00,2016-03-01T00:11:00.000+08:00,N,1,0,0,-73.9369125366211,40.8196907043457,-73.9392318725586,40.810951232910156,1,0.71,4.5,0.5,0.5,0.0,0.0,,0.3,5.8,2,1,VFI,VeriFone Inc.,Mar,March,Cash,Standard rate,,,,,,,2016,3,1,0,8,2,2016,3,1,0,11,0
green,2,2016-03-01T00:06:54.000+08:00,2016-03-01T00:11:55.000+08:00,N,1,0,0,-73.89075469970703,40.86211013793945,-73.87785339355469,40.87486267089844,1,1.32,6.5,0.5,0.5,0.0,0.0,,0.3,7.8,2,1,VFI,VeriFone Inc.,Mar,March,Cash,Standard rate,,,,,,,2016,3,1,0,6,54,2016,3,1,0,11,55
green,2,2016-03-01T00:01:05.000+08:00,2016-03-01T00:05:32.000+08:00,N,1,0,0,-73.96920776367188,40.69316101074219,-73.98246002197266,40.695743560791016,1,0.85,5.5,0.5,0.5,0.0,0.0,,0.3,6.8,2,1,VFI,VeriFone Inc.,Mar,March,Cash,Standard rate,,,,,,,2016,3,1,0,1,5,2016,3,1,0,5,32
green,2,2016-03-01T00:02:52.000+08:00,2016-03-01T00:06:28.000+08:00,N,1,0,0,-73.95674133300781,40.71288299560547,-73.94676971435547,40.718238830566406,5,0.71,5.0,0.5,0.5,0.0,0.0,,0.3,6.3,2,1,VFI,VeriFone Inc.,Mar,March,Cash,Standard rate,,,,,,,2016,3,1,0,2,52,2016,3,1,0,6,28
green,2,2016-03-01T00:02:10.000+08:00,2016-03-01T00:06:16.000+08:00,N,1,0,0,-73.86139678955078,40.8333625793457,-73.86421203613281,40.840023040771484,1,0.6,4.5,0.5,0.5,0.0,0.0,,0.3,5.8,1,1,VFI,VeriFone Inc.,Mar,March,Credit card,Standard rate,,,,,,,2016,3,1,0,2,10,2016,3,1,0,6,16
green,2,2016-03-01T00:06:20.000+08:00,2016-03-01T00:12:34.000+08:00,N,1,0,0,-73.93809509277344,40.67980194091797,-73.95686340332031,40.69070053100586,4,1.66,7.5,0.5,0.5,0.0,0.0,,0.3,8.8,2,1,VFI,VeriFone Inc.,Mar,March,Cash,Standard rate,,,,,,,2016,3,1,0,6,20,2016,3,1,0,12,34
green,2,2016-03-01T00:06:14.000+08:00,2016-03-01T00:10:50.000+08:00,N,1,0,0,-73.95077514648438,40.81070327758789,-73.93904113769531,40.828773498535156,1,1.41,6.5,0.5,0.5,0.0,0.0,,0.3,7.8,2,1,VFI,VeriFone Inc.,Mar,March,Cash,Standard rate,,,,,,,2016,3,1,0,6,14,2016,3,1,0,10,50
green,2,2016-03-01T00:03:51.000+08:00,2016-03-01T00:13:18.000+08:00,N,1,0,0,-73.97984313964844,40.68178176879883,-73.95238494873047,40.67439270019531,1,1.76,8.5,0.5,0.5,0.0,0.0,,0.3,9.8,2,1,VFI,VeriFone Inc.,Mar,March,Cash,Standard rate,,,,,,,2016,3,1,0,3,51,2016,3,1,0,13,18
green,2,2016-03-01T00:04:14.000+08:00,2016-03-01T00:29:52.000+08:00,N,1,0,0,-73.95800018310547,40.7218132019043,-73.86146545410156,40.81898880004883,1,13.17,37.0,0.5,0.5,0.0,5.54,,0.3,43.84,1,1,VFI,VeriFone Inc.,Mar,March,Credit card,Standard rate,,,,,,,2016,3,1,0,4,14,2016,3,1,0,29,52
green,2,2016-03-01T00:04:29.000+08:00,2016-03-01T00:13:25.000+08:00,N,1,0,0,-73.94355773925781,40.82561111450195,-73.93138885498047,40.831199645996094,1,1.93,8.5,0.5,0.5,2.94,0.0,,0.3,12.74,1,1,VFI,VeriFone Inc.,Mar,March,Credit card,Standard rate,,,,,,,2016,3,1,0,4,29,2016,3,1,0,13,25
green,2,2016-03-01T00:06:56.000+08:00,2016-03-01T00:06:57.000+08:00,N,5,0,0,0.0,0.0,-73.91590881347656,40.86862564086914,1,0.01,7.0,0.0,0.0,5.0,0.0,,0.0,12.0,1,2,VFI,VeriFone Inc.,Mar,March,Credit card,Negotiated fare,,,,,,,2016,3,1,0,6,56,2016,3,1,0,6,57
green,2,2016-03-01T00:09:45.000+08:00,2016-03-01T00:11:30.000+08:00,N,1,0,0,-73.94432067871094,40.81433868408203,-73.93822479248047,40.818756103515625,1,0.43,3.5,0.5,0.5,0.0,0.0,,0.3,4.8,2,1,VFI,VeriFone Inc.,Mar,March,Cash,Standard rate,,,,,,,2016,3,1,0,9,45,2016,3,1,0,11,30
green,2,2016-03-01T00:02:54.000+08:00,2016-03-01T00:08:30.000+08:00,N,1,0,0,-73.8746337890625,40.73509979248047,-73.88934326171875,40.733848571777344,2,1.06,6.0,0.5,0.5,1.0,0.0,,0.3,8.3,1,1,VFI,VeriFone Inc.,Mar,March,Credit card,Standard rate,,,,,,,2016,3,1,0,2,54,2016,3,1,0,8,30
green,2,2016-03-01T00:01:41.000+08:00,2016-03-01T00:05:02.000+08:00,N,1,0,0,-73.91148376464844,40.69979476928711,-73.9039306640625,40.70762634277344,1,0.69,4.5,0.5,0.5,0.0,0.0,,0.3,5.8,2,1,VFI,VeriFone Inc.,Mar,March,Cash,Standard rate,,,,,,,2016,3,1,0,1,41,2016,3,1,0,5,2
green,2,2016-03-01T00:00:07.000+08:00,2016-03-01T00:09:58.000+08:00,N,1,0,0,-73.99280548095703,40.68864822387695,-73.99954223632812,40.655433654785156,2,2.67,10.5,0.5,0.5,0.0,0.0,,0.3,11.8,2,1,VFI,VeriFone Inc.,Mar,March,Cash,Standard rate,,,,,,,2016,3,1,0,0,7,2016,3,1,0,9,58
green,2,2016-03-01T00:08:05.000+08:00,2016-03-01T00:12:50.000+08:00,N,1,0,0,-73.89310455322266,40.748809814453125,-73.87679290771484,40.750003814697266,1,0.85,5.5,0.5,0.5,0.0,0.0,,0.3,6.8,2,1,VFI,VeriFone Inc.,Mar,March,Cash,Standard rate,,,,,,,2016,3,1,0,8,5,2016,3,1,0,12,50
green,2,2016-03-01T00:00:34.000+08:00,2016-03-01T00:23:50.000+08:00,N,1,0,0,-73.99243927001953,40.68392562866211,-73.91600799560547,40.649147033691406,6,5.84,21.0,0.5,0.5,4.46,0.0,,0.3,26.76,1,1,VFI,VeriFone Inc.,Mar,March,Credit card,Standard rate,,,,,,,2016,3,1,0,0,34,2016,3,1,0,23,50
green,2,2016-03-01T00:08:21.000+08:00,2016-03-01T00:12:12.000+08:00,N,1,0,0,-73.87716674804688,40.73764419555664,-73.87637329101562,40.748435974121094,1,0.85,5.0,0.5,0.5,0.0,0.0,,0.3,6.3,2,1,VFI,VeriFone Inc.,Mar,March,Cash,Standard rate,,,,,,,2016,3,1,0,8,21,2016,3,1,0,12,12
green,2,2016-03-01T00:00:24.000+08:00,2016-03-01T00:03:10.000+08:00,N,1,0,0,-73.93033599853516,40.67682647705078,-73.92720794677734,40.68846130371094,1,0.91,5.0,0.5,0.5,0.0,0.0,,0.3,6.3,2,1,VFI,VeriFone Inc.,Mar,March,Cash,Standard rate,,,,,,,2016,3,1,0,0,24,2016,3,1,0,3,10
green,2,2016-03-01T00:03:35.000+08:00,2016-03-01T00:12:19.000+08:00,N,1,0,0,-73.92411804199219,40.80960464477539,-73.86373901367188,40.82069778442383,1,3.93,13.0,0.5,0.5,3.58,0.0,,0.3,17.88,1,1,VFI,VeriFone Inc.,Mar,March,Credit card,Standard rate,,,,,,,2016,3,1,0,3,35,2016,3,1,0,12,19
green,2,2016-03-01T00:02:22.000+08:00,2016-03-01T00:05:45.000+08:00,N,1,0,0,-73.94995880126953,40.72208023071289,-73.9570541381836,40.729881286621094,6,0.85,5.0,0.5,0.5,1.26,0.0,,0.3,7.56,1,1,VFI,VeriFone Inc.,Mar,March,Credit card,Standard rate,,,,,,,2016,3,1,0,2,22,2016,3,1,0,5,45
green,2,2016-03-01T00:04:32.000+08:00,2016-03-01T00:12:16.000+08:00,N,1,0,0,-73.91032409667969,40.854618072509766,-73.90998077392578,40.85975646972656,1,0.43,4.5,0.5,0.5,0.0,0.0,,0.3,5.8,2,1,VFI,VeriFone Inc.,Mar,March,Cash,Standard rate,,,,,,,2016,3,1,0,4,32,2016,3,1,0,12,16
green,2,2016-03-01T00:10:21.000+08:00,2016-03-01T00:10:24.000+08:00,N,5,0,0,-73.93936157226562,40.84843826293945,-73.93927001953125,40.848445892333984,3,0.0,30.0,0.0,0.0,0.0,0.0,,0.0,30.0,1,2,VFI,VeriFone Inc.,Mar,March,Credit card,Negotiated fare,,,,,,,2016,3,1,0,10,21,2016,3,1,0,10,24
green,2,2016-03-01T00:01:27.000+08:00,2016-03-01T00:06:42.000+08:00,N,1,0,0,-73.9253921508789,40.818111419677734,-73.92816162109375,40.83244323730469,1,1.16,6.0,0.5,0.5,0.0,0.0,,0.3,7.3,2,1,VFI,VeriFone Inc.,Mar,March,Cash,Standard rate,,,,,,,2016,3,1,0,1,27,2016,3,1,0,6,42
green,2,2016-03-01T00:00:42.000+08:00,2016-03-01T00:05:30.000+08:00,N,1,0,0,-73.84405517578125,40.72114181518555,-73.85961151123047,40.719505310058594,1,1.0,5.5,0.5,0.5,1.7,0.0,,0.3,8.5,1,1,VFI,VeriFone Inc.,Mar,March,Credit card,Standard rate,,,,,,,2016,3,1,0,0,42,2016,3,1,0,5,30
green,2,2016-03-01T00:05:33.000+08:00,2016-03-01T00:08:25.000+08:00,N,1,0,0,-73.94432067871094,40.82560348510742,-73.93927001953125,40.83309555053711,1,0.75,4.5,0.5,0.5,1.16,0.0,,0.3,6.96,1,1,VFI,VeriFone Inc.,Mar,March,Credit card,Standard rate,,,,,,,2016,3,1,0,5,33,2016,3,1,0,8,25
green,2,2016-03-01T00:04:07.000+08:00,2016-03-01T00:09:51.000+08:00,N,1,0,0,-73.95782470703125,40.721981048583984,-73.9383773803711,40.721553802490234,1,1.41,6.5,0.5,0.5,1.56,0.0,,0.3,9.36,1,1,VFI,VeriFone Inc.,Mar,March,Credit card,Standard rate,,,,,,,2016,3,1,0,4,7,2016,3,1,0,9,51
green,2,2016-03-01T00:00:45.000+08:00,2016-03-01T00:12:49.000+08:00,N,1,0,0,-73.9538345336914,40.74356460571289,-73.95931243896484,40.73114776611328,1,1.32,9.5,0.5,0.5,2.7,0.0,,0.3,13.5,1,1,VFI,VeriFone Inc.,Mar,March,Credit card,Standard rate,,,,,,,2016,3,1,0,0,45,2016,3,1,0,12,49
green,2,2016-03-01T00:05:26.000+08:00,2016-03-01T00:07:49.000+08:00,N,1,0,0,-73.83028411865234,40.76335906982422,-73.83284759521484,40.76708984375,1,0.41,4.0,0.5,0.5,0.0,0.0,,0.3,5.3,1,1,VFI,VeriFone Inc.,Mar,March,Credit card,Standard rate,,,,,,,2016,3,1,0,5,26,2016,3,1,0,7,49
green,2,2016-03-01T00:03:02.000+08:00,2016-03-01T00:04:12.000+08:00,N,5,0,0,-73.93687438964844,40.679725646972656,-73.9369888305664,40.679752349853516,1,0.0,15.0,0.0,0.0,0.0,0.0,,0.0,15.0,2,2,VFI,VeriFone Inc.,Mar,March,Cash,Negotiated fare,,,,,,,2016,3,1,0,3,2,2016,3,1,0,4,12
green,2,2016-03-01T00:08:03.000+08:00,2016-03-01T00:11:10.000+08:00,N,1,0,0,-73.96358489990234,40.80826187133789,-73.95909118652344,40.810264587402344,6,0.41,4.5,0.5,0.5,1.16,0.0,,0.3,6.96,1,1,VFI,VeriFone Inc.,Mar,March,Credit card,Standard rate,,,,,,,2016,3,1,0,8,3,2016,3,1,0,11,10
green,2,2016-03-01T00:05:35.000+08:00,2016-03-01T00:09:56.000+08:00,N,1,0,0,-73.96145629882812,40.7142448425293,-73.9578857421875,40.721839904785156,1,0.78,5.0,0.5,0.5,2.0,0.0,,0.3,8.3,1,1,VFI,VeriFone Inc.,Mar,March,Credit card,Standard rate,,,,,,,2016,3,1,0,5,35,2016,3,1,0,9,56
green,2,2016-03-01T00:08:51.000+08:00,2016-03-01T00:12:58.000+08:00,N,1,0,0,-73.94419860839844,40.81473159790039,-73.9420394897461,40.80966567993164,2,0.71,5.0,0.5,0.5,1.26,0.0,,0.3,7.56,1,1,VFI,VeriFone Inc.,Mar,March,Credit card,Standard rate,,,,,,,2016,3,1,0,8,51,2016,3,1,0,12,58
green,2,2016-03-01T00:05:05.000+08:00,2016-03-01T00:12:26.000+08:00,N,1,0,0,-73.9759292602539,40.687049865722656,-73.95470428466797,40.687278747558594,1,1.71,8.0,0.5,0.5,0.0,0.0,,0.3,9.3,2,1,VFI,VeriFone Inc.,Mar,March,Cash,Standard rate,,,,,,,2016,3,1,0,5,5,2016,3,1,0,12,26
green,2,2016-03-01T00:04:36.000+08:00,2016-03-01T00:09:30.000+08:00,N,1,0,0,-73.94461059570312,40.80915832519531,-73.94593048095703,40.79875183105469,1,1.14,6.0,0.5,0.5,0.0,0.0,,0.3,7.3,2,1,VFI,VeriFone Inc.,Mar,March,Cash,Standard rate,,,,,,,2016,3,1,0,4,36,2016,3,1,0,9,30
green,2,2016-03-01T00:05:38.000+08:00,2016-03-01T00:16:11.000+08:00,N,1,0,0,-73.93184661865234,40.84763717651367,-73.93851470947266,40.84507369995117,1,12.05,34.0,0.5,0.5,10.59,0.0,,0.3,45.89,1,1,VFI,VeriFone Inc.,Mar,March,Credit card,Standard rate,,,,,,,2016,3,1,0,5,38,2016,3,1,0,16,11
green,2,2016-03-01T00:08:06.000+08:00,2016-03-01T00:11:24.000+08:00,N,1,0,0,-73.94544982910156,40.807979583740234,-73.95117950439453,40.8047981262207,1,0.65,4.5,0.5,0.5,0.0,0.0,,0.3,5.8,1,1,VFI,VeriFone Inc.,Mar,March,Credit card,Standard rate,,,,,,,2016,3,1,0,8,6,2016,3,1,0,11,24
green,2,2016-03-01T00:00:23.000+08:00,2016-03-01T00:03:20.000+08:00,N,1,0,0,-73.8697509765625,40.733612060546875,-73.85908508300781,40.73881149291992,1,0.71,4.5,0.5,0.5,0.0,0.0,,0.3,5.8,2,1,VFI,VeriFone Inc.,Mar,March,Cash,Standard rate,,,,,,,2016,3,1,0,0,23,2016,3,1,0,3,20
green,2,2016-03-01T00:02:22.000+08:00,2016-03-01T00:14:40.000+08:00,N,1,0,0,-73.98065185546875,40.6884765625,-73.93295288085938,40.6767692565918,1,3.03,11.5,0.5,0.5,0.0,0.0,,0.3,12.8,2,1,VFI,VeriFone Inc.,Mar,March,Cash,Standard rate,,,,,,,2016,3,1,0,2,22,2016,3,1,0,14,40
green,2,2016-03-01T00:04:50.000+08:00,2016-03-01T00:08:31.000+08:00,N,1,0,0,-73.84407043457031,40.72118377685547,-73.84950256347656,40.732879638671875,1,0.88,5.0,0.5,0.5,1.26,0.0,,0.3,7.56,1,1,VFI,VeriFone Inc.,Mar,March,Credit card,Standard rate,,,,,,,2016,3,1,0,4,50,2016,3,1,0,8,31
green,2,2016-03-01T00:02:28.000+08:00,2016-03-01T00:14:49.000+08:00,N,1,0,0,-73.86986541748047,40.73358917236328,-73.91938018798828,40.743408203125,1,2.68,12.0,0.5,0.5,0.0,0.0,,0.3,13.3,2,1,VFI,VeriFone Inc.,Mar,March,Cash,Standard rate,,,,,,,2016,3,1,0,2,28,2016,3,1,0,14,49
green,2,2016-03-01T00:05:35.000+08:00,2016-03-01T00:13:59.000+08:00,N,1,0,0,-73.9097900390625,40.666038513183594,-73.88334655761719,40.673587799072266,1,1.76,8.0,0.5,0.5,0.0,0.0,,0.3,9.3,2,1,VFI,VeriFone Inc.,Mar,March,Cash,Standard rate,,,,,,,2016,3,1,0,5,35,2016,3,1,0,13,59
green,2,2016-03-01T00:05:00.000+08:00,2016-03-01T00:08:35.000+08:00,N,1,0,0,-73.9214859008789,40.86765670776367,-73.91716766357422,40.87001037597656,1,0.64,4.5,0.5,0.5,1.0,0.0,,0.3,6.8,1,1,VFI,VeriFone Inc.,Mar,March,Credit card,Standard rate,,,,,,,2016,3,1,0,5,0,2016,3,1,0,8,35
green,2,2016-03-01T00:07:19.000+08:00,2016-03-01T00:09:38.000+08:00,N,1,0,0,-73.91181945800781,40.7750244140625,-73.9072494506836,40.77042770385742,1,0.56,4.0,0.5,0.5,0.0,0.0,,0.3,5.3,2,1,VFI,VeriFone Inc.,Mar,March,Cash,Standard rate,,,,,,,2016,3,1,0,7,19,2016,3,1,0,9,38
