taxi_type,vendor_id,pickup_datetime,dropoff_datetime,store_and_fwd_flag,rate_code_id,pickup_location_id,dropoff_location_id,pickup_longitude,pickup_latitude,dropoff_longitude,dropoff_latitude,passenger_count,trip_distance,fare_amount,extra,mta_tax,tip_amount,tolls_amount,ehail_fee,improvement_surcharge,total_amount,payment_type,trip_type,pickup_year,pickup_month,pickup_day,pickup_hour,pickup_minute,pickup_second,pickup_date,dropoff_year,dropoff_month,dropoff_day,dropoff_hour,dropoff_minute,dropoff_second,dropoff_date,vendor_abbreviation,vendor_description,month_name_short,month_name_full,payment_type_description,rate_code_description,pickup_borough,pickup_zone,pickup_service_zone,dropoff_borough,dropoff_zone,dropoff_service_zone
green,2,2014-01-01T00:02:13.000+08:00,2014-01-01T00:16:27.000+08:00,N,1,0,0,-73.99524688720703,40.70064926147461,-74.03871154785156,40.62302017211914,1,7.99,23.5,0.5,0.5,0.0,0.0,"",0.0,24.5,2,"",2014,1,1,0,2,13,2014-01-01,2014,1,1,0,16,27,2014-01-01,VFI,VeriFone Inc.,Jan,January,Cash,Standard rate,"","","","","",""
green,1,2014-01-01T00:02:06.000+08:00,2014-01-01T00:13:23.000+08:00,N,1,0,0,-73.89331817626953,40.74747848510742,-73.8543701171875,40.752960205078125,1,2.4,10.0,0.5,0.5,0.0,0.0,"",0.0,11.0,2,"",2014,1,1,0,2,6,2014-01-01,2014,1,1,0,13,23,2014-01-01,CMT,"Creative Mobile Technologies, LLC",Jan,January,Cash,Standard rate,"","","","","",""
green,2,2014-01-01T00:00:10.000+08:00,2014-01-01T00:10:30.000+08:00,N,1,0,0,-73.8450927734375,40.722190856933594,-73.7994155883789,40.733577728271484,5,2.9,11.0,0.5,0.5,1.0,0.0,"",0.0,13.0,1,"",2014,1,1,0,0,10,2014-01-01,2014,1,1,0,10,30,2014-01-01,VFI,VeriFone Inc.,Jan,January,Credit card,Standard rate,"","","","","",""
green,2,2014-01-01T00:00:13.000+08:00,2014-01-01T00:18:35.000+08:00,N,1,0,0,-73.9116439819336,40.7679557800293,-73.94696044921875,40.751373291015625,1,2.66,14.0,0.5,0.5,0.0,0.0,"",0.0,15.0,2,"",2014,1,1,0,0,13,2014-01-01,2014,1,1,0,18,35,2014-01-01,VFI,VeriFone Inc.,Jan,January,Cash,Standard rate,"","","","","",""
green,1,2014-01-01T00:03:46.000+08:00,2014-01-01T00:18:54.000+08:00,N,1,0,0,-73.94083404541016,40.72063446044922,-74.0063705444336,40.71894454956055,1,4.3,16.5,0.5,0.5,3.5,0.0,"",0.0,21.0,1,"",2014,1,1,0,3,46,2014-01-01,2014,1,1,0,18,54,2014-01-01,CMT,"Creative Mobile Technologies, LLC",Jan,January,Credit card,Standard rate,"","","","","",""
green,2,2014-01-01T00:00:13.000+08:00,2014-01-01T00:07:26.000+08:00,N,1,0,0,-73.84410858154297,40.721107482910156,-73.81632995605469,40.71437454223633,1,1.66,8.0,0.5,0.5,0.0,0.0,"",0.0,9.0,2,"",2014,1,1,0,0,13,2014-01-01,2014,1,1,0,7,26,2014-01-01,VFI,VeriFone Inc.,Jan,January,Cash,Standard rate,"","","","","",""
green,2,2014-01-01T00:02:47.000+08:00,2014-01-01T00:07:26.000+08:00,N,1,0,0,-73.91804504394531,40.770347595214844,-73.92909240722656,40.775936126708984,1,0.84,5.5,0.5,0.5,0.0,0.0,"",0.0,6.5,2,"",2014,1,1,0,2,47,2014-01-01,2014,1,1,0,7,26,2014-01-01,VFI,VeriFone Inc.,Jan,January,Cash,Standard rate,"","","","","",""
green,1,2014-01-01T00:02:06.000+08:00,2014-01-01T00:04:48.000+08:00,N,1,0,0,-73.91807556152344,40.77029800415039,-73.92516326904297,40.77306365966797,1,0.5,4.0,0.5,0.5,0.0,0.0,"",0.0,5.0,2,"",2014,1,1,0,2,6,2014-01-01,2014,1,1,0,4,48,2014-01-01,CMT,"Creative Mobile Technologies, LLC",Jan,January,Cash,Standard rate,"","","","","",""
green,1,2014-01-01T00:03:09.000+08:00,2014-01-01T00:03:30.000+08:00,N,1,0,0,-73.88092041015625,40.74180221557617,-73.88092041015625,40.741798400878906,1,4.9,2.5,0.5,0.5,0.0,0.0,"",0.0,3.5,2,"",2014,1,1,0,3,9,2014-01-01,2014,1,1,0,3,30,2014-01-01,CMT,"Creative Mobile Technologies, LLC",Jan,January,Cash,Standard rate,"","","","","",""
green,2,2014-01-01T00:03:04.000+08:00,2014-01-01T00:18:08.000+08:00,N,1,0,0,-73.95746612548828,40.718101501464844,-73.92890167236328,40.7046012878418,1,2.49,12.0,0.5,0.5,0.0,0.0,"",0.0,13.0,2,"",2014,1,1,0,3,4,2014-01-01,2014,1,1,0,18,8,2014-01-01,VFI,VeriFone Inc.,Jan,January,Cash,Standard rate,"","","","","",""
green,2,2014-01-01T00:00:00.000+08:00,2014-01-01T19:07:40.000+08:00,N,1,0,0,0.0,0.0,-73.94893646240234,40.66542053222656,1,3.42,12.5,0.0,0.5,3.12,0.0,"",0.0,16.12,1,"",2014,1,1,0,0,0,2014-01-01,2014,1,1,19,7,40,2014-01-01,VFI,VeriFone Inc.,Jan,January,Credit card,Standard rate,"","","","","",""
green,2,2014-01-01T00:03:35.000+08:00,2014-01-01T00:11:28.000+08:00,N,1,0,0,-73.95433044433594,40.82139587402344,-73.96841430664062,40.79829025268555,1,1.81,8.5,0.5,0.5,0.0,0.0,"",0.0,9.5,2,"",2014,1,1,0,3,35,2014-01-01,2014,1,1,0,11,28,2014-01-01,VFI,VeriFone Inc.,Jan,January,Cash,Standard rate,"","","","","",""
green,2,2014-01-01T00:01:23.000+08:00,2014-01-01T00:30:53.000+08:00,N,1,0,0,-73.89397430419922,40.746421813964844,-73.89707946777344,40.862186431884766,1,10.36,33.5,0.5,0.5,0.0,5.33,"",0.0,39.83,2,"",2014,1,1,0,1,23,2014-01-01,2014,1,1,0,30,53,2014-01-01,VFI,VeriFone Inc.,Jan,January,Cash,Standard rate,"","","","","",""
green,1,2014-01-01T00:03:45.000+08:00,2014-01-01T00:14:49.000+08:00,N,1,0,0,-73.8442611694336,40.72138214111328,-73.86479187011719,40.736549377441406,1,1.7,10.0,0.5,0.5,0.0,0.0,"",0.0,11.0,2,"",2014,1,1,0,3,45,2014-01-01,2014,1,1,0,14,49,2014-01-01,CMT,"Creative Mobile Technologies, LLC",Jan,January,Cash,Standard rate,"","","","","",""
green,2,2014-01-01T00:04:17.000+08:00,2014-01-01T00:14:48.000+08:00,N,1,0,0,-73.9190902709961,40.765865325927734,-73.95272827148438,40.746768951416016,5,3.13,12.0,0.5,0.5,0.0,0.0,"",0.0,13.0,2,"",2014,1,1,0,4,17,2014-01-01,2014,1,1,0,14,48,2014-01-01,VFI,VeriFone Inc.,Jan,January,Cash,Standard rate,"","","","","",""
green,2,2014-01-01T00:02:29.000+08:00,2014-01-01T00:23:41.000+08:00,N,1,0,0,-73.96653747558594,40.71526336669922,-73.95025634765625,40.6572265625,5,5.12,18.5,0.5,0.5,5.7,0.0,"",0.0,25.2,1,"",2014,1,1,0,2,29,2014-01-01,2014,1,1,0,23,41,2014-01-01,VFI,VeriFone Inc.,Jan,January,Credit card,Standard rate,"","","","","",""
green,2,2014-01-01T00:03:03.000+08:00,2014-01-01T00:19:45.000+08:00,N,1,0,0,-73.925537109375,40.76171875,-73.88201904296875,40.74422073364258,1,3.18,13.5,0.5,0.5,0.0,0.0,"",0.0,14.5,1,"",2014,1,1,0,3,3,2014-01-01,2014,1,1,0,19,45,2014-01-01,VFI,VeriFone Inc.,Jan,January,Credit card,Standard rate,"","","","","",""
green,2,2014-01-01T00:00:46.000+08:00,2014-01-01T00:14:42.000+08:00,N,1,0,0,-73.95172882080078,40.7232666015625,-73.94159698486328,40.708160400390625,1,1.76,10.5,0.5,0.5,2.75,0.0,"",0.0,14.25,1,"",2014,1,1,0,0,46,2014-01-01,2014,1,1,0,14,42,2014-01-01,VFI,VeriFone Inc.,Jan,January,Credit card,Standard rate,"","","","","",""
green,1,2014-01-01T00:01:51.000+08:00,2014-01-01T00:07:42.000+08:00,N,1,0,0,-73.96023559570312,40.71748733520508,-73.95962524414062,40.71234893798828,1,0.5,5.5,0.5,0.5,0.0,0.0,"",0.0,6.5,2,"",2014,1,1,0,1,51,2014-01-01,2014,1,1,0,7,42,2014-01-01,CMT,"Creative Mobile Technologies, LLC",Jan,January,Cash,Standard rate,"","","","","",""
green,2,2014-01-01T00:01:26.000+08:00,2014-01-01T00:02:10.000+08:00,N,1,0,0,-73.8775863647461,40.88047790527344,-73.92294311523438,40.81747817993164,1,0.05,2.5,0.5,0.5,0.0,0.0,"",0.0,3.5,2,"",2014,1,1,0,1,26,2014-01-01,2014,1,1,0,2,10,2014-01-01,VFI,VeriFone Inc.,Jan,January,Cash,Standard rate,"","","","","",""
green,2,2014-01-01T00:03:06.000+08:00,2014-01-01T00:14:22.000+08:00,N,1,0,0,-73.89917755126953,40.87160110473633,-73.87886810302734,40.8830451965332,1,2.14,10.0,0.5,0.5,0.0,0.0,"",0.0,11.0,2,"",2014,1,1,0,3,6,2014-01-01,2014,1,1,0,14,22,2014-01-01,VFI,VeriFone Inc.,Jan,January,Cash,Standard rate,"","","","","",""
green,2,2014-01-01T00:00:00.000+08:00,2014-01-01T18:22:44.000+08:00,N,1,0,0,0.0,0.0,-73.93264770507812,40.85257339477539,2,0.81,5.0,0.5,0.5,0.0,0.0,"",0.0,6.0,1,"",2014,1,1,0,0,0,2014-01-01,2014,1,1,18,22,44,2014-01-01,VFI,VeriFone Inc.,Jan,January,Credit card,Standard rate,"","","","","",""
green,1,2014-01-01T00:00:59.000+08:00,2014-01-01T00:12:13.000+08:00,N,1,0,0,-73.9864501953125,40.668983459472656,-73.99508666992188,40.66054153442383,1,1.1,9.0,0.5,0.5,0.0,0.0,"",0.0,10.0,2,"",2014,1,1,0,0,59,2014-01-01,2014,1,1,0,12,13,2014-01-01,CMT,"Creative Mobile Technologies, LLC",Jan,January,Cash,Standard rate,"","","","","",""
green,1,2014-01-01T00:01:15.000+08:00,2014-01-01T00:12:42.000+08:00,N,1,0,0,-73.91712188720703,40.761375427246094,-73.8671646118164,40.76068115234375,1,4.1,14.0,0.5,0.5,0.0,0.0,"",0.0,15.0,2,"",2014,1,1,0,1,15,2014-01-01,2014,1,1,0,12,42,2014-01-01,CMT,"Creative Mobile Technologies, LLC",Jan,January,Cash,Standard rate,"","","","","",""
green,2,2014-01-01T00:01:40.000+08:00,2014-01-01T00:06:25.000+08:00,N,1,0,0,-73.93363952636719,40.798526763916016,-73.9295654296875,40.81833267211914,1,2.1,8.0,0.5,0.5,0.0,0.0,"",0.0,9.0,2,"",2014,1,1,0,1,40,2014-01-01,2014,1,1,0,6,25,2014-01-01,VFI,VeriFone Inc.,Jan,January,Cash,Standard rate,"","","","","",""
green,1,2014-01-01T00:00:54.000+08:00,2014-01-01T00:05:36.000+08:00,Y,1,0,0,-73.96151733398438,40.670860290527344,-73.93653106689453,40.669700622558594,1,1.3,6.5,0.5,0.5,0.0,0.0,"",0.0,7.5,2,"",2014,1,1,0,0,54,2014-01-01,2014,1,1,0,5,36,2014-01-01,CMT,"Creative Mobile Technologies, LLC",Jan,January,Cash,Standard rate,"","","","","",""
green,2,2014-01-01T00:00:00.000+08:00,2014-01-01T00:52:03.000+08:00,N,1,0,0,0.0,0.0,-73.99407958984375,40.74909210205078,1,9.55,33.5,0.5,0.5,2.17,5.33,"",0.0,42.0,1,"",2014,1,1,0,0,0,2014-01-01,2014,1,1,0,52,3,2014-01-01,VFI,VeriFone Inc.,Jan,January,Credit card,Standard rate,"","","","","",""
green,2,2014-01-01T00:00:00.000+08:00,2014-01-01T02:37:20.000+08:00,N,1,0,0,0.0,0.0,-73.93531799316406,40.73701095581055,1,7.5,40.0,0.5,0.5,0.0,0.0,"",0.0,41.0,2,"",2014,1,1,0,0,0,2014-01-01,2014,1,1,2,37,20,2014-01-01,VFI,VeriFone Inc.,Jan,January,Cash,Standard rate,"","","","","",""
green,2,2014-01-01T00:01:18.000+08:00,2014-01-01T00:18:48.000+08:00,N,1,0,0,-73.98798370361328,40.69080352783203,-73.9894027709961,40.64403533935547,1,5.5,19.0,0.5,0.5,0.0,0.0,"",0.0,20.0,2,"",2014,1,1,0,1,18,2014-01-01,2014,1,1,0,18,48,2014-01-01,VFI,VeriFone Inc.,Jan,January,Cash,Standard rate,"","","","","",""
green,1,2014-01-01T00:01:09.000+08:00,2014-01-01T00:03:59.000+08:00,N,1,0,0,-73.98184204101562,40.66668701171875,-73.98532104492188,40.66252517700195,2,0.3,4.0,0.5,0.5,0.0,0.0,"",0.0,5.0,2,"",2014,1,1,0,1,9,2014-01-01,2014,1,1,0,3,59,2014-01-01,CMT,"Creative Mobile Technologies, LLC",Jan,January,Cash,Standard rate,"","","","","",""
green,2,2014-01-01T00:03:10.000+08:00,2014-01-01T00:10:17.000+08:00,N,1,0,0,-73.9576644897461,40.72218322753906,-73.96642303466797,40.7076416015625,1,1.17,6.5,0.5,0.5,0.0,0.0,"",0.0,7.5,2,"",2014,1,1,0,3,10,2014-01-01,2014,1,1,0,10,17,2014-01-01,VFI,VeriFone Inc.,Jan,January,Cash,Standard rate,"","","","","",""
green,2,2014-01-01T00:00:16.000+08:00,2014-01-01T00:08:32.000+08:00,N,1,0,0,-73.92443084716797,40.74366760253906,-73.93402099609375,40.73625564575195,1,1.1,7.5,0.5,0.5,0.0,0.0,"",0.0,8.5,2,"",2014,1,1,0,0,16,2014-01-01,2014,1,1,0,8,32,2014-01-01,VFI,VeriFone Inc.,Jan,January,Cash,Standard rate,"","","","","",""
green,1,2014-01-01T00:00:43.000+08:00,2014-01-01T00:07:44.000+08:00,N,1,0,0,-73.92456817626953,40.86161422729492,-73.942626953125,40.8218879699707,2,3.1,10.5,0.5,0.5,0.0,0.0,"",0.0,11.5,1,"",2014,1,1,0,0,43,2014-01-01,2014,1,1,0,7,44,2014-01-01,CMT,"Creative Mobile Technologies, LLC",Jan,January,Credit card,Standard rate,"","","","","",""
green,2,2014-01-01T00:04:19.000+08:00,2014-01-01T00:35:06.000+08:00,N,1,0,0,-73.94204711914062,40.75428009033203,-73.91352081298828,40.678218841552734,1,6.53,25.0,0.5,0.5,0.0,0.0,"",0.0,26.0,2,"",2014,1,1,0,4,19,2014-01-01,2014,1,1,0,35,6,2014-01-01,VFI,VeriFone Inc.,Jan,January,Cash,Standard rate,"","","","","",""
green,2,2014-01-01T00:00:00.000+08:00,2014-01-01T01:08:06.000+08:00,N,1,0,0,0.0,0.0,-73.86504364013672,40.87230682373047,1,6.47,20.0,0.5,0.5,0.0,0.0,"",0.0,21.0,1,"",2014,1,1,0,0,0,2014-01-01,2014,1,1,1,8,6,2014-01-01,VFI,VeriFone Inc.,Jan,January,Credit card,Standard rate,"","","","","",""
green,2,2014-01-01T00:00:44.000+08:00,2014-01-01T00:05:42.000+08:00,N,1,0,0,-74.01136016845703,40.64414596557617,-74.00379943847656,40.65483474731445,6,1.04,6.0,0.5,0.5,0.0,0.0,"",0.0,7.0,2,"",2014,1,1,0,0,44,2014-01-01,2014,1,1,0,5,42,2014-01-01,VFI,VeriFone Inc.,Jan,January,Cash,Standard rate,"","","","","",""
green,2,2014-01-01T00:02:09.000+08:00,2014-01-01T00:09:53.000+08:00,N,1,0,0,-73.98904418945312,40.68870544433594,-73.99090576171875,40.700443267822266,1,1.64,7.5,0.5,0.5,0.0,0.0,"",0.0,8.5,2,"",2014,1,1,0,2,9,2014-01-01,2014,1,1,0,9,53,2014-01-01,VFI,VeriFone Inc.,Jan,January,Cash,Standard rate,"","","","","",""
green,2,2014-01-01T00:01:54.000+08:00,2014-01-01T00:06:16.000+08:00,N,1,0,0,-73.91644287109375,40.77165985107422,-73.90946197509766,40.770145416259766,1,0.65,5.0,0.5,0.5,0.0,0.0,"",0.0,6.0,2,"",2014,1,1,0,1,54,2014-01-01,2014,1,1,0,6,16,2014-01-01,VFI,VeriFone Inc.,Jan,January,Cash,Standard rate,"","","","","",""
green,1,2014-01-01T00:00:37.000+08:00,2014-01-01T00:16:14.000+08:00,N,1,0,0,-73.84497833251953,40.886192321777344,-73.9070816040039,40.836612701416016,1,5.7,19.0,0.5,0.5,0.0,0.0,"",0.0,20.0,2,"",2014,1,1,0,0,37,2014-01-01,2014,1,1,0,16,14,2014-01-01,CMT,"Creative Mobile Technologies, LLC",Jan,January,Cash,Standard rate,"","","","","",""
green,2,2014-01-01T00:02:09.000+08:00,2014-01-01T00:07:21.000+08:00,N,1,0,0,-73.9575424194336,40.72972106933594,-73.94271087646484,40.72057342529297,1,1.34,6.5,0.5,0.5,0.0,0.0,"",0.0,7.5,2,"",2014,1,1,0,2,9,2014-01-01,2014,1,1,0,7,21,2014-01-01,VFI,VeriFone Inc.,Jan,January,Cash,Standard rate,"","","","","",""
green,2,2014-01-01T00:03:33.000+08:00,2014-01-01T00:07:56.000+08:00,N,1,0,0,-73.9411849975586,40.806060791015625,-73.94805908203125,40.804691314697266,1,0.76,5.0,0.5,0.5,0.0,0.0,"",0.0,6.0,2,"",2014,1,1,0,3,33,2014-01-01,2014,1,1,0,7,56,2014-01-01,VFI,VeriFone Inc.,Jan,January,Cash,Standard rate,"","","","","",""
green,1,2014-01-01T00:00:21.000+08:00,2014-01-01T00:11:36.000+08:00,N,1,0,0,-73.91505432128906,40.763912200927734,-73.96392822265625,40.761070251464844,1,3.4,12.5,0.5,0.5,0.0,0.0,"",0.0,13.5,2,"",2014,1,1,0,0,21,2014-01-01,2014,1,1,0,11,36,2014-01-01,CMT,"Creative Mobile Technologies, LLC",Jan,January,Cash,Standard rate,"","","","","",""
green,2,2014-01-01T00:03:46.000+08:00,2014-01-01T00:10:33.000+08:00,N,1,0,0,-73.94790649414062,40.68035888671875,-73.95501708984375,40.69465637207031,5,1.31,7.0,0.5,0.5,1.5,0.0,"",0.0,9.5,1,"",2014,1,1,0,3,46,2014-01-01,2014,1,1,0,10,33,2014-01-01,VFI,VeriFone Inc.,Jan,January,Credit card,Standard rate,"","","","","",""
green,1,2014-01-01T00:02:39.000+08:00,2014-01-01T00:06:04.000+08:00,N,1,0,0,-73.95259857177734,40.72686004638672,-73.94558715820312,40.72547149658203,1,0.9,5.0,0.5,0.5,1.2,0.0,"",0.0,7.2,1,"",2014,1,1,0,2,39,2014-01-01,2014,1,1,0,6,4,2014-01-01,CMT,"Creative Mobile Technologies, LLC",Jan,January,Credit card,Standard rate,"","","","","",""
green,2,2014-01-01T00:01:56.000+08:00,2014-01-01T00:09:08.000+08:00,N,1,0,0,-73.97126770019531,40.68007278442383,-73.96979522705078,40.69302749633789,1,0.0,6.0,0.5,0.5,0.0,0.0,"",0.0,7.0,2,"",2014,1,1,0,1,56,2014-01-01,2014,1,1,0,9,8,2014-01-01,VFI,VeriFone Inc.,Jan,January,Cash,Standard rate,"","","","","",""
green,2,2014-01-01T00:01:36.000+08:00,2014-01-01T00:12:24.000+08:00,N,1,0,0,-73.95388793945312,40.806480407714844,-73.93754577636719,40.79766082763672,2,1.21,8.0,0.5,0.5,0.0,0.0,"",0.0,9.0,2,"",2014,1,1,0,1,36,2014-01-01,2014,1,1,0,12,24,2014-01-01,VFI,VeriFone Inc.,Jan,January,Cash,Standard rate,"","","","","",""
green,2,2014-01-01T00:01:00.000+08:00,2014-01-01T00:22:21.000+08:00,N,1,0,0,-73.95012664794922,40.717018127441406,-74.00377655029297,40.75093078613281,1,5.69,19.5,0.5,0.5,3.0,0.0,"",0.0,23.5,1,"",2014,1,1,0,1,0,2014-01-01,2014,1,1,0,22,21,2014-01-01,VFI,VeriFone Inc.,Jan,January,Credit card,Standard rate,"","","","","",""
green,2,2014-01-01T00:02:10.000+08:00,2014-01-01T00:04:54.000+08:00,N,1,0,0,-73.95162200927734,40.71432876586914,-73.95046997070312,40.711063385009766,1,0.47,4.0,0.5,0.5,0.0,0.0,"",0.0,5.0,2,"",2014,1,1,0,2,10,2014-01-01,2014,1,1,0,4,54,2014-01-01,VFI,VeriFone Inc.,Jan,January,Cash,Standard rate,"","","","","",""
green,1,2014-01-01T00:01:05.000+08:00,2014-01-01T00:14:43.000+08:00,N,1,0,0,-73.92933654785156,40.70357131958008,-73.95757293701172,40.729713439941406,2,3.3,13.0,0.5,0.5,0.0,0.0,"",0.0,14.0,2,"",2014,1,1,0,1,5,2014-01-01,2014,1,1,0,14,43,2014-01-01,CMT,"Creative Mobile Technologies, LLC",Jan,January,Cash,Standard rate,"","","","","",""
green,2,2014-01-01T00:00:00.000+08:00,2014-01-01T00:01:15.000+08:00,N,1,0,0,0.0,0.0,-73.91215515136719,40.684059143066406,2,4.27,17.0,0.5,0.5,0.0,0.0,"",0.0,18.0,2,"",2014,1,1,0,0,0,2014-01-01,2014,1,1,0,1,15,2014-01-01,VFI,VeriFone Inc.,Jan,January,Cash,Standard rate,"","","","","",""
green,2,2014-01-01T00:00:07.000+08:00,2014-01-01T00:08:28.000+08:00,N,1,0,0,-73.9169921875,40.77100372314453,-73.8885498046875,40.745452880859375,1,2.52,10.0,0.5,0.5,0.0,0.0,"",0.0,11.0,2,"",2014,1,1,0,0,7,2014-01-01,2014,1,1,0,8,28,2014-01-01,VFI,VeriFone Inc.,Jan,January,Cash,Standard rate,"","","","","",""
green,2,2014-01-01T00:01:05.000+08:00,2014-01-01T00:05:16.000+08:00,N,1,0,0,-73.99049377441406,40.693748474121094,-73.99818420410156,40.686683654785156,1,1.09,5.5,0.5,0.5,0.0,0.0,"",0.0,6.5,2,"",2014,1,1,0,1,5,2014-01-01,2014,1,1,0,5,16,2014-01-01,VFI,VeriFone Inc.,Jan,January,Cash,Standard rate,"","","","","",""
green,2,2014-01-01T00:03:54.000+08:00,2014-01-01T00:06:14.000+08:00,N,1,0,0,-73.94683074951172,40.78839111328125,-73.93681335449219,40.80221176147461,1,1.08,5.0,0.5,0.5,0.0,0.0,"",0.0,6.0,2,"",2014,1,1,0,3,54,2014-01-01,2014,1,1,0,6,14,2014-01-01,VFI,VeriFone Inc.,Jan,January,Cash,Standard rate,"","","","","",""
green,2,2014-01-01T00:03:17.000+08:00,2014-01-01T00:08:13.000+08:00,N,1,0,0,-73.88691711425781,40.82732009887695,-73.88809967041016,40.839866638183594,1,1.18,5.5,0.5,0.5,0.0,0.0,"",0.0,6.5,2,"",2014,1,1,0,3,17,2014-01-01,2014,1,1,0,8,13,2014-01-01,VFI,VeriFone Inc.,Jan,January,Cash,Standard rate,"","","","","",""
green,1,2014-01-01T00:03:16.000+08:00,2014-01-01T00:13:14.000+08:00,N,1,0,0,-73.9516372680664,40.71383285522461,-73.95768737792969,40.73204803466797,1,1.8,9.0,0.5,0.5,0.0,0.0,"",0.0,10.0,2,"",2014,1,1,0,3,16,2014-01-01,2014,1,1,0,13,14,2014-01-01,CMT,"Creative Mobile Technologies, LLC",Jan,January,Cash,Standard rate,"","","","","",""
green,2,2014-01-01T00:01:19.000+08:00,2014-01-01T00:07:58.000+08:00,N,1,0,0,-73.9468765258789,40.71139144897461,-73.93936920166016,40.721336364746094,1,1.41,7.0,0.5,0.5,2.25,0.0,"",0.0,10.25,1,"",2014,1,1,0,1,19,2014-01-01,2014,1,1,0,7,58,2014-01-01,VFI,VeriFone Inc.,Jan,January,Credit card,Standard rate,"","","","","",""
green,1,2014-01-01T00:02:59.000+08:00,2014-01-01T00:23:47.000+08:00,N,1,0,0,-73.92171478271484,40.745277404785156,-74.00372314453125,40.645668029785156,1,10.9,31.5,0.5,0.5,0.0,0.0,"",0.0,32.5,2,"",2014,1,1,0,2,59,2014-01-01,2014,1,1,0,23,47,2014-01-01,CMT,"Creative Mobile Technologies, LLC",Jan,January,Cash,Standard rate,"","","","","",""
green,1,2014-01-01T00:01:24.000+08:00,2014-01-01T00:07:52.000+08:00,Y,1,0,0,-73.95137023925781,40.799617767333984,-73.9418716430664,40.81953811645508,1,1.7,6.5,0.5,0.5,0.0,0.0,"",0.0,7.5,2,"",2014,1,1,0,1,24,2014-01-01,2014,1,1,0,7,52,2014-01-01,CMT,"Creative Mobile Technologies, LLC",Jan,January,Cash,Standard rate,"","","","","",""
green,2,2014-01-01T00:01:16.000+08:00,2014-01-01T00:07:05.000+08:00,N,1,0,0,-73.94950103759766,40.71401596069336,-73.94738006591797,40.71006774902344,1,0.88,6.0,0.5,0.5,1.3,0.0,"",0.0,8.3,1,"",2014,1,1,0,1,16,2014-01-01,2014,1,1,0,7,5,2014-01-01,VFI,VeriFone Inc.,Jan,January,Credit card,Standard rate,"","","","","",""
green,2,2014-01-01T00:03:40.000+08:00,2014-01-01T00:15:17.000+08:00,N,1,0,0,-73.93975830078125,40.84135055541992,-73.96534729003906,40.80586624145508,1,2.82,12.0,0.5,0.5,0.0,0.0,"",0.0,13.0,2,"",2014,1,1,0,3,40,2014-01-01,2014,1,1,0,15,17,2014-01-01,VFI,VeriFone Inc.,Jan,January,Cash,Standard rate,"","","","","",""
green,2,2014-01-01T00:04:08.000+08:00,2014-01-01T00:18:53.000+08:00,N,1,0,0,-73.88085174560547,40.74178695678711,-73.8078384399414,40.679466247558594,1,7.51,23.0,0.5,0.5,0.0,0.0,"",0.0,24.0,2,"",2014,1,1,0,4,8,2014-01-01,2014,1,1,0,18,53,2014-01-01,VFI,VeriFone Inc.,Jan,January,Cash,Standard rate,"","","","","",""
green,2,2014-01-01T00:00:00.000+08:00,2014-01-01T13:04:11.000+08:00,N,1,0,0,0.0,0.0,-73.99115753173828,40.639381408691406,1,0.0,17.5,1.0,0.5,0.0,0.0,"",0.0,19.0,2,"",2014,1,1,0,0,0,2014-01-01,2014,1,1,13,4,11,2014-01-01,VFI,VeriFone Inc.,Jan,January,Cash,Standard rate,"","","","","",""
green,2,2014-01-01T00:00:16.000+08:00,2014-01-01T00:04:05.000+08:00,N,1,0,0,-73.95472717285156,40.800071716308594,-73.94689178466797,40.81333541870117,1,1.02,5.5,0.5,0.5,0.0,0.0,"",0.0,6.5,2,"",2014,1,1,0,0,16,2014-01-01,2014,1,1,0,4,5,2014-01-01,VFI,VeriFone Inc.,Jan,January,Cash,Standard rate,"","","","","",""
green,1,2014-01-01T00:02:38.000+08:00,2014-01-01T00:11:52.000+08:00,N,1,0,0,-73.92689514160156,40.756221771240234,-73.96994018554688,40.7631721496582,1,2.7,10.5,0.5,0.5,0.0,0.0,"",0.0,11.5,2,"",2014,1,1,0,2,38,2014-01-01,2014,1,1,0,11,52,2014-01-01,CMT,"Creative Mobile Technologies, LLC",Jan,January,Cash,Standard rate,"","","","","",""
green,2,2014-01-01T00:03:27.000+08:00,2014-01-01T00:13:14.000+08:00,N,1,0,0,-73.90363311767578,40.7449836730957,-73.91228485107422,40.76047134399414,5,1.43,8.5,0.5,0.5,0.0,0.0,"",0.0,9.5,2,"",2014,1,1,0,3,27,2014-01-01,2014,1,1,0,13,14,2014-01-01,VFI,VeriFone Inc.,Jan,January,Cash,Standard rate,"","","","","",""
green,2,2014-01-01T00:01:48.000+08:00,2014-01-01T00:11:48.000+08:00,N,1,0,0,-73.92053985595703,40.835391998291016,-73.89543151855469,40.848167419433594,1,2.31,10.0,0.5,0.5,0.0,0.0,"",0.0,11.0,2,"",2014,1,1,0,1,48,2014-01-01,2014,1,1,0,11,48,2014-01-01,VFI,VeriFone Inc.,Jan,January,Cash,Standard rate,"","","","","",""
green,2,2014-01-01T00:00:00.000+08:00,2014-01-01T00:49:25.000+08:00,N,1,0,0,0.0,0.0,-73.93606567382812,40.73472595214844,1,1.22,7.0,0.5,0.5,2.0,0.0,"",0.0,10.0,1,"",2014,1,1,0,0,0,2014-01-01,2014,1,1,0,49,25,2014-01-01,VFI,VeriFone Inc.,Jan,January,Credit card,Standard rate,"","","","","",""
green,2,2014-01-01T00:00:58.000+08:00,2014-01-01T00:28:57.000+08:00,N,1,0,0,-73.93768310546875,40.828758239746094,-73.99605560302734,40.731014251708984,1,9.89,31.5,0.5,0.5,3.0,0.0,"",0.0,35.5,1,"",2014,1,1,0,0,58,2014-01-01,2014,1,1,0,28,57,2014-01-01,VFI,VeriFone Inc.,Jan,January,Credit card,Standard rate,"","","","","",""
green,2,2014-01-01T00:03:43.000+08:00,2014-01-01T00:11:39.000+08:00,N,1,0,0,-73.95787048339844,40.721824645996094,-73.94355010986328,40.70892333984375,2,1.47,7.5,0.5,0.5,0.0,0.0,"",0.0,8.5,2,"",2014,1,1,0,3,43,2014-01-01,2014,1,1,0,11,39,2014-01-01,VFI,VeriFone Inc.,Jan,January,Cash,Standard rate,"","","","","",""
green,1,2014-01-01T00:02:58.000+08:00,2014-01-01T00:09:59.000+08:00,N,1,0,0,-73.99945831298828,40.67390823364258,-73.99105834960938,40.6996955871582,2,2.5,10.0,0.5,0.5,0.0,0.0,"",0.0,11.0,2,"",2014,1,1,0,2,58,2014-01-01,2014,1,1,0,9,59,2014-01-01,CMT,"Creative Mobile Technologies, LLC",Jan,January,Cash,Standard rate,"","","","","",""
green,2,2014-01-01T00:00:00.000+08:00,2014-01-01T06:11:44.000+08:00,N,1,0,0,0.0,0.0,0.0,0.0,5,3.02,15.0,0.5,0.5,0.0,0.0,"",0.0,16.0,2,"",2014,1,1,0,0,0,2014-01-01,2014,1,1,6,11,44,2014-01-01,VFI,VeriFone Inc.,Jan,January,Cash,Standard rate,"","","","","",""
green,2,2014-01-01T00:00:00.000+08:00,2014-01-01T05:08:05.000+08:00,N,1,0,0,0.0,0.0,-74.01026916503906,40.64192199707031,1,0.0,2.5,0.5,0.5,0.0,0.0,"",0.0,3.5,2,"",2014,1,1,0,0,0,2014-01-01,2014,1,1,5,8,5,2014-01-01,VFI,VeriFone Inc.,Jan,January,Cash,Standard rate,"","","","","",""
green,2,2014-01-01T00:01:38.000+08:00,2014-01-01T00:29:23.000+08:00,N,1,0,0,-73.95178985595703,40.79026794433594,-73.82608032226562,40.7827262878418,5,11.66,35.0,0.5,0.5,8.17,5.33,"",0.0,49.5,1,"",2014,1,1,0,1,38,2014-01-01,2014,1,1,0,29,23,2014-01-01,VFI,VeriFone Inc.,Jan,January,Credit card,Standard rate,"","","","","",""
green,2,2014-01-01T00:04:05.000+08:00,2014-01-01T00:13:21.000+08:00,N,1,0,0,-73.93524169921875,40.7962760925293,-73.93688201904297,40.8422966003418,1,4.23,13.5,0.5,0.5,0.0,0.0,"",0.0,14.5,2,"",2014,1,1,0,4,5,2014-01-01,2014,1,1,0,13,21,2014-01-01,VFI,VeriFone Inc.,Jan,January,Cash,Standard rate,"","","","","",""
green,2,2014-01-01T00:02:50.000+08:00,2014-01-01T00:05:51.000+08:00,N,1,0,0,-73.92521667480469,40.76176071166992,-73.91732025146484,40.75813674926758,2,0.51,4.0,0.5,0.5,0.0,0.0,"",0.0,5.0,2,"",2014,1,1,0,2,50,2014-01-01,2014,1,1,0,5,51,2014-01-01,VFI,VeriFone Inc.,Jan,January,Cash,Standard rate,"","","","","",""
green,1,2014-01-01T00:04:05.000+08:00,2014-01-01T00:05:04.000+08:00,N,1,0,0,-73.98274993896484,40.69218444824219,-73.9813003540039,40.689266204833984,1,0.2,3.0,0.5,0.5,0.0,0.0,"",0.0,4.0,3,"",2014,1,1,0,4,5,2014-01-01,2014,1,1,0,5,4,2014-01-01,CMT,"Creative Mobile Technologies, LLC",Jan,January,No charge,Standard rate,"","","","","",""
green,2,2014-01-01T00:01:57.000+08:00,2014-01-01T00:12:11.000+08:00,N,1,0,0,-73.86396026611328,40.88188171386719,-73.89541625976562,40.851436614990234,5,3.71,13.0,0.5,0.5,0.0,0.0,"",0.0,14.0,2,"",2014,1,1,0,1,57,2014-01-01,2014,1,1,0,12,11,2014-01-01,VFI,VeriFone Inc.,Jan,January,Cash,Standard rate,"","","","","",""
green,2,2014-01-01T00:00:38.000+08:00,2014-01-01T00:08:37.000+08:00,N,1,0,0,-73.88076782226562,40.751258850097656,-73.90294647216797,40.74587631225586,1,0.78,6.5,0.5,0.5,0.0,0.0,"",0.0,7.5,2,"",2014,1,1,0,0,38,2014-01-01,2014,1,1,0,8,37,2014-01-01,VFI,VeriFone Inc.,Jan,January,Cash,Standard rate,"","","","","",""
green,2,2014-01-01T00:02:40.000+08:00,2014-01-01T00:07:29.000+08:00,N,1,0,0,-73.80779266357422,40.70075988769531,-73.81919860839844,40.698646545410156,1,1.08,5.5,0.5,0.5,0.0,0.0,"",0.0,6.5,2,"",2014,1,1,0,2,40,2014-01-01,2014,1,1,0,7,29,2014-01-01,VFI,VeriFone Inc.,Jan,January,Cash,Standard rate,"","","","","",""
green,2,2014-01-01T00:01:49.000+08:00,2014-01-01T00:07:01.000+08:00,N,1,0,0,-73.92628479003906,40.76245880126953,-73.87669372558594,40.748268127441406,1,0.73,5.0,0.5,0.5,0.0,0.0,"",0.0,6.0,2,"",2014,1,1,0,1,49,2014-01-01,2014,1,1,0,7,1,2014-01-01,VFI,VeriFone Inc.,Jan,January,Cash,Standard rate,"","","","","",""
green,2,2014-01-01T00:02:11.000+08:00,2014-01-01T00:06:53.000+08:00,N,1,0,0,-73.9578857421875,40.7177734375,-73.95720672607422,40.72745895385742,1,0.89,5.5,0.5,0.5,1.5,0.0,"",0.0,8.0,1,"",2014,1,1,0,2,11,2014-01-01,2014,1,1,0,6,53,2014-01-01,VFI,VeriFone Inc.,Jan,January,Credit card,Standard rate,"","","","","",""
green,1,2014-01-01T00:03:21.000+08:00,2014-01-01T00:23:03.000+08:00,N,1,0,0,-73.95526123046875,40.7200813293457,-73.97212982177734,40.67241668701172,1,5.6,20.0,0.5,0.5,0.0,0.0,"",0.0,21.0,2,"",2014,1,1,0,3,21,2014-01-01,2014,1,1,0,23,3,2014-01-01,CMT,"Creative Mobile Technologies, LLC",Jan,January,Cash,Standard rate,"","","","","",""
green,2,2014-01-01T00:04:19.000+08:00,2014-01-01T00:05:02.000+08:00,N,1,0,0,-73.89555358886719,40.74636459350586,-73.89389038085938,40.746543884277344,4,0.05,2.5,0.5,0.5,0.0,0.0,"",0.0,3.5,2,"",2014,1,1,0,4,19,2014-01-01,2014,1,1,0,5,2,2014-01-01,VFI,VeriFone Inc.,Jan,January,Cash,Standard rate,"","","","","",""
green,2,2014-01-01T00:00:56.000+08:00,2014-01-01T00:15:36.000+08:00,N,1,0,0,-73.94456481933594,40.80921936035156,-73.98289489746094,40.77192687988281,1,3.71,14.0,0.5,0.5,0.0,0.0,"",0.0,15.0,2,"",2014,1,1,0,0,56,2014-01-01,2014,1,1,0,15,36,2014-01-01,VFI,VeriFone Inc.,Jan,January,Cash,Standard rate,"","","","","",""
green,2,2014-01-01T00:00:00.000+08:00,2014-01-01T01:17:43.000+08:00,N,1,0,0,0.0,0.0,-73.91567993164062,40.77630615234375,1,1.41,9.0,0.5,0.5,2.38,0.0,"",0.0,12.38,1,"",2014,1,1,0,0,0,2014-01-01,2014,1,1,1,17,43,2014-01-01,VFI,VeriFone Inc.,Jan,January,Credit card,Standard rate,"","","","","",""
green,1,2014-01-01T00:03:16.000+08:00,2014-01-01T00:10:26.000+08:00,N,5,0,0,-73.83368682861328,40.67417907714844,-73.84996795654297,40.684356689453125,1,1.5,10.0,0.0,0.0,0.0,0.0,"",0.0,10.0,2,"",2014,1,1,0,3,16,2014-01-01,2014,1,1,0,10,26,2014-01-01,CMT,"Creative Mobile Technologies, LLC",Jan,January,Cash,Negotiated fare,"","","","","",""
green,2,2014-01-01T00:01:50.000+08:00,2014-01-01T00:16:57.000+08:00,N,1,0,0,-73.97940826416016,40.669246673583984,-73.95098876953125,40.67781448364258,1,2.89,12.5,0.5,0.5,2.6,0.0,"",0.0,16.1,1,"",2014,1,1,0,1,50,2014-01-01,2014,1,1,0,16,57,2014-01-01,VFI,VeriFone Inc.,Jan,January,Credit card,Standard rate,"","","","","",""
green,1,2014-01-01T00:01:06.000+08:00,2014-01-01T00:15:05.000+08:00,Y,1,0,0,-73.93596649169922,40.81490707397461,-73.90767669677734,40.83563232421875,1,3.4,13.0,0.5,0.5,0.0,0.0,"",0.0,14.0,1,"",2014,1,1,0,1,6,2014-01-01,2014,1,1,0,15,5,2014-01-01,CMT,"Creative Mobile Technologies, LLC",Jan,January,Credit card,Standard rate,"","","","","",""
green,2,2014-01-01T00:01:38.000+08:00,2014-01-01T00:05:36.000+08:00,N,1,0,0,-73.9019546508789,40.746009826660156,-73.89490509033203,40.754310607910156,1,0.83,5.0,0.5,0.5,0.0,0.0,"",0.0,6.0,2,"",2014,1,1,0,1,38,2014-01-01,2014,1,1,0,5,36,2014-01-01,VFI,VeriFone Inc.,Jan,January,Cash,Standard rate,"","","","","",""
green,1,2014-01-01T00:00:45.000+08:00,2014-01-01T00:07:29.000+08:00,N,1,0,0,-73.8472900390625,40.73674392700195,-73.88490295410156,40.739173889160156,4,2.3,9.0,0.5,0.5,0.0,0.0,"",0.0,10.0,2,"",2014,1,1,0,0,45,2014-01-01,2014,1,1,0,7,29,2014-01-01,CMT,"Creative Mobile Technologies, LLC",Jan,January,Cash,Standard rate,"","","","","",""
green,2,2014-01-01T00:04:11.000+08:00,2014-01-01T00:11:25.000+08:00,N,1,0,0,-73.93667602539062,40.83007049560547,-73.94058990478516,40.814884185791016,1,1.33,6.5,0.5,0.5,0.0,0.0,"",0.0,7.5,2,"",2014,1,1,0,4,11,2014-01-01,2014,1,1,0,11,25,2014-01-01,VFI,VeriFone Inc.,Jan,January,Cash,Standard rate,"","","","","",""
green,2,2014-01-01T00:03:35.000+08:00,2014-01-01T00:27:28.000+08:00,N,1,0,0,-73.93099975585938,40.848106384277344,-73.9737777709961,40.78977584838867,1,6.38,23.5,0.5,0.5,1.0,0.0,"",0.0,25.5,1,"",2014,1,1,0,3,35,2014-01-01,2014,1,1,0,27,28,2014-01-01,VFI,VeriFone Inc.,Jan,January,Credit card,Standard rate,"","","","","",""
green,1,2014-01-01T00:00:37.000+08:00,2014-01-01T00:06:03.000+08:00,N,1,0,0,-73.88195037841797,40.853416442871094,-73.88463592529297,40.84214782714844,1,0.9,6.0,0.5,0.5,0.0,0.0,"",0.0,7.0,2,"",2014,1,1,0,0,37,2014-01-01,2014,1,1,0,6,3,2014-01-01,CMT,"Creative Mobile Technologies, LLC",Jan,January,Cash,Standard rate,"","","","","",""
green,2,2014-01-01T00:00:00.000+08:00,2014-01-01T15:24:02.000+08:00,N,5,0,0,0.0,0.0,-73.93746948242188,40.804195404052734,2,0.02,18.0,0.0,0.5,0.0,0.0,"",0.0,18.5,1,"",2014,1,1,0,0,0,2014-01-01,2014,1,1,15,24,2,2014-01-01,VFI,VeriFone Inc.,Jan,January,Credit card,Negotiated fare,"","","","","",""
green,2,2014-01-01T00:03:35.000+08:00,2014-01-01T00:14:56.000+08:00,N,1,0,0,-73.9162826538086,40.81947326660156,-73.896484375,40.82243347167969,1,1.57,9.5,0.5,0.5,0.0,0.0,"",0.0,10.5,2,"",2014,1,1,0,3,35,2014-01-01,2014,1,1,0,14,56,2014-01-01,VFI,VeriFone Inc.,Jan,January,Cash,Standard rate,"","","","","",""
green,2,2014-01-01T00:02:52.000+08:00,2014-01-01T00:15:46.000+08:00,N,1,0,0,-73.8298568725586,40.759735107421875,-73.92375946044922,40.761226654052734,1,6.47,19.5,0.5,0.5,0.0,0.0,"",0.0,20.5,2,"",2014,1,1,0,2,52,2014-01-01,2014,1,1,0,15,46,2014-01-01,VFI,VeriFone Inc.,Jan,January,Cash,Standard rate,"","","","","",""
green,2,2014-01-01T00:00:00.000+08:00,2014-01-01T06:03:57.000+08:00,N,2,0,0,0.0,0.0,-73.7763671875,40.64548873901367,1,20.12,52.0,0.0,0.5,0.0,5.33,"",0.0,57.83,1,"",2014,1,1,0,0,0,2014-01-01,2014,1,1,6,3,57,2014-01-01,VFI,VeriFone Inc.,Jan,January,Credit card,JFK,"","","","","",""
