,VendorID,lpep_pickup_datetime,lpep_dropoff_datetime,store_and_fwd_flag,RatecodeID,PULocationID,DOLocationID,passenger_count,trip_distance,fare_amount,extra,mta_tax,tip_amount,tolls_amount,ehail_fee,improvement_surcharge,total_amount,payment_type,trip_type,congestion_surcharge
0,2,2018-12-21 15:17:29,2018-12-21 15:18:57,N,1,264,264,5,0.0,3.0,0.5,0.5,0.0,0.0,,0.3,4.3,2,1,
1,2,2019-01-01 00:10:16,2019-01-01 00:16:32,N,1,97,49,2,0.86,6.0,0.5,0.5,0.0,0.0,,0.3,7.3,2,1,
2,2,2019-01-01 00:27:11,2019-01-01 00:31:38,N,1,49,189,2,0.66,4.5,0.5,0.5,0.0,0.0,,0.3,5.8,1,1,
3,2,2019-01-01 00:46:20,2019-01-01 01:04:54,N,1,189,17,2,2.68,13.5,0.5,0.5,2.96,0.0,,0.3,19.71,1,1,
4,2,2019-01-01 00:19:06,2019-01-01 00:39:43,N,1,82,258,1,4.53,18.0,0.5,0.5,0.0,0.0,,0.3,19.3,2,1,
5,2,2019-01-01 00:12:35,2019-01-01 00:19:09,N,1,49,17,1,1.05,6.5,0.5,0.5,0.0,0.0,,0.3,7.8,1,1,
6,2,2019-01-01 00:47:55,2019-01-01 01:00:01,N,1,255,33,1,3.77,13.5,0.5,0.5,0.0,0.0,,0.3,14.8,1,1,
7,1,2019-01-01 00:12:47,2019-01-01 00:30:50,N,1,76,225,1,4.1,16.0,0.5,0.5,0.0,0.0,,0.3,17.3,1,1,
8,2,2019-01-01 00:16:23,2019-01-01 00:39:46,N,1,25,89,1,7.75,25.5,0.5,0.5,0.0,0.0,,0.3,26.8,1,1,
9,2,2019-01-01 00:58:02,2019-01-01 01:19:02,N,1,85,39,1,3.68,15.5,0.5,0.5,0.0,0.0,,0.3,16.8,1,1,
10,2,2019-01-01 00:37:00,2019-01-01 00:56:42,N,1,223,238,1,6.84,22.0,0.5,0.5,8.0,5.76,,0.3,37.06,1,1,
11,2,2019-01-01 00:13:48,2019-01-01 00:21:00,N,1,129,129,2,1.15,6.5,0.5,0.5,1.56,0.0,,0.3,9.36,1,1,
12,2,2019-01-01 00:19:59,2019-01-01 00:45:50,N,1,71,71,1,0.49,15.5,0.5,0.5,0.0,0.0,,0.3,16.8,1,1,
13,2,2019-01-01 00:57:57,2019-01-01 01:20:10,N,1,85,177,1,3.61,17.0,0.5,0.5,0.0,0.0,,0.3,18.3,1,1,
14,1,2019-01-01 00:09:02,2019-01-01 00:17:50,N,1,256,80,1,1.2,7.5,0.5,0.5,5.2,0.0,,0.3,14.0,1,1,
15,1,2019-01-01 00:22:12,2019-01-01 00:25:29,N,1,80,80,1,0.5,4.0,0.5,0.5,0.0,0.0,,0.3,5.3,2,1,
16,1,2019-01-01 00:31:55,2019-01-01 00:52:59,N,1,256,229,1,5.5,19.5,0.5,0.5,4.15,0.0,,0.3,24.95,1,1,
17,2,2019-01-01 00:30:20,2019-01-01 00:54:19,N,1,255,231,1,5.01,20.0,0.5,0.5,4.26,0.0,,0.3,25.56,1,1,
18,2,2018-12-31 23:58:06,2019-01-01 00:00:57,N,1,146,7,1,0.43,4.0,0.5,0.5,1.06,0.0,,0.3,6.36,1,1,
19,2,2019-01-01 00:40:17,2019-01-01 00:50:23,N,1,146,129,1,2.72,10.5,0.5,0.5,2.36,0.0,,0.3,14.16,1,1,
20,2,2019-01-01 00:51:16,2019-01-01 01:04:10,N,1,129,157,1,2.15,10.5,0.5,0.5,2.95,0.0,,0.3,14.75,1,1,
21,2,2019-01-01 00:30:28,2019-01-01 00:41:18,N,1,256,112,5,2.18,9.5,0.5,0.5,3.24,0.0,,0.3,14.04,1,1,
22,2,2019-01-01 00:26:59,2019-01-01 01:01:33,N,1,66,68,5,6.66,25.5,0.5,0.5,0.0,0.0,,0.3,26.8,2,1,
23,2,2019-01-01 00:39:09,2019-01-01 00:42:32,N,1,7,7,1,0.57,4.5,0.5,0.5,0.0,0.0,,0.3,5.8,2,1,
24,2,2019-01-01 00:35:13,2019-01-01 01:18:53,N,1,74,62,1,13.9,44.0,0.5,0.5,0.0,0.0,,0.3,45.3,1,1,
25,1,2019-01-01 00:35:52,2019-01-01 00:40:00,N,1,7,260,1,0.8,5.0,0.5,0.5,0.0,0.0,,0.3,6.3,2,1,
26,1,2019-01-01 00:48:27,2019-01-01 00:55:49,N,1,7,223,1,1.4,7.0,0.5,0.5,0.0,0.0,,0.3,8.3,2,1,
27,2,2019-01-01 00:01:21,2019-01-01 00:08:45,N,1,97,181,1,1.21,7.0,0.5,0.5,0.0,0.0,,0.3,8.3,2,1,
28,2,2019-01-01 00:24:39,2019-01-01 00:43:17,N,1,181,17,1,2.74,14.0,0.5,0.5,2.0,0.0,,0.3,17.3,1,1,
29,2,2019-01-01 00:44:25,2019-01-01 00:53:03,N,1,17,256,1,1.99,8.5,0.5,0.5,2.45,0.0,,0.3,12.25,1,1,
30,2,2019-01-01 00:44:58,2019-01-01 01:13:46,N,1,41,254,1,9.97,32.0,0.5,0.5,0.0,0.0,,0.3,33.3,1,1,
31,2,2019-01-01 00:08:07,2019-01-01 00:18:36,N,1,182,182,3,1.36,8.5,0.5,0.5,0.0,0.0,,0.3,9.8,2,1,
32,2,2019-01-01 00:40:23,2019-01-01 00:56:12,N,1,106,89,2,2.8,13.0,0.5,0.5,0.0,0.0,,0.3,14.3,1,1,
33,2,2019-01-01 00:29:46,2019-01-01 00:41:09,N,1,181,52,6,1.52,9.0,0.5,0.5,2.06,0.0,,0.3,12.36,1,1,
34,2,2019-01-01 00:01:17,2019-01-01 00:21:33,N,1,106,14,1,3.08,15.0,0.5,0.5,0.0,0.0,,0.3,16.3,2,1,
35,2,2019-01-01 00:59:07,2019-01-01 01:30:20,N,1,97,42,1,12.03,35.5,0.5,0.5,0.0,0.0,,0.3,36.8,2,1,
36,2,2019-01-01 00:44:31,2019-01-01 01:25:32,N,1,223,223,1,13.54,42.5,0.5,0.5,0.0,0.0,,0.3,43.8,2,1,
37,2,2019-01-01 00:23:15,2019-01-01 01:10:07,N,1,95,262,1,10.76,40.0,0.5,0.5,0.0,0.0,,0.3,41.3,1,1,
38,2,2019-01-01 00:33:41,2019-01-01 00:54:35,N,1,75,137,1,4.58,16.5,0.5,0.5,3.56,0.0,,0.3,21.36,1,1,
39,2,2019-01-01 00:33:40,2019-01-01 00:59:29,N,1,119,32,1,5.52,21.5,0.5,0.5,0.0,0.0,,0.3,22.8,1,1,
40,2,2019-01-01 00:31:28,2019-01-01 00:57:27,N,5,255,91,3,10.98,30.0,0.0,0.0,6.0,0.0,,0.0,36.0,1,2,
41,1,2019-01-01 00:19:22,2019-01-01 00:31:33,N,1,66,65,2,1.4,9.5,0.5,0.5,0.0,0.0,,0.3,10.8,2,1,
42,1,2019-01-01 00:45:24,2019-01-01 01:09:30,N,1,49,35,2,4.1,18.0,0.5,0.5,0.0,0.0,,0.3,19.3,1,1,
43,2,2019-01-01 01:00:28,2019-01-01 01:16:36,N,1,173,129,1,2.26,11.5,0.5,0.5,0.0,0.0,,0.3,12.8,2,1,
44,2,2019-01-01 00:41:11,2019-01-01 00:48:14,N,1,166,74,1,1.43,7.0,0.5,0.5,2.49,0.0,,0.3,10.79,1,1,
45,2,2019-01-01 00:55:18,2019-01-01 00:58:08,N,1,223,223,1,0.76,4.5,0.5,0.5,1.45,0.0,,0.3,7.25,1,1,
46,1,2019-01-01 00:18:13,2019-01-01 00:32:22,N,1,145,146,4,2.5,11.0,0.5,0.5,0.0,0.0,,0.3,12.3,2,1,
47,1,2019-01-01 00:59:59,2019-01-01 01:12:23,N,1,146,237,2,2.8,12.0,0.5,0.5,2.65,0.0,,0.3,15.95,1,1,
48,2,2019-01-01 00:51:48,2019-01-01 00:51:58,N,5,145,145,2,0.0,50.0,0.0,0.0,10.0,0.0,,0.0,60.0,1,2,
49,2,2019-01-01 00:39:04,2019-01-01 00:52:06,N,1,260,95,4,3.14,13.0,0.5,0.5,0.0,0.0,,0.3,14.3,2,1,
50,2,2019-01-01 00:47:37,2019-01-01 00:50:08,N,1,116,42,1,0.74,4.5,0.5,0.5,0.0,0.0,,0.3,5.8,2,1,
51,1,2019-01-01 00:50:16,2019-01-01 01:25:21,N,1,256,263,2,8.9,31.0,0.5,0.5,0.0,0.0,,0.3,32.3,2,1,
52,2,2019-01-01 00:23:10,2019-01-01 00:39:03,N,1,112,61,1,4.65,16.0,0.5,0.5,3.46,0.0,,0.3,20.76,1,1,
53,2,2019-01-01 00:55:59,2019-01-01 01:48:31,N,1,17,21,1,9.98,41.0,0.5,0.5,0.0,0.0,,0.3,42.3,1,1,
54,1,2019-01-01 00:39:43,2019-01-01 00:54:21,N,1,242,94,1,2.2,11.5,0.5,0.5,0.0,0.0,,0.3,12.8,1,1,
55,2,2019-01-01 00:10:35,2019-01-01 00:32:51,N,1,42,233,1,6.44,22.0,0.5,0.5,0.0,0.0,,0.3,23.3,2,1,
56,2,2019-01-01 00:12:41,2019-01-01 00:29:20,N,1,37,177,1,2.22,11.5,0.5,0.5,0.0,0.0,,0.3,12.8,2,1,
57,2,2019-01-01 00:44:36,2019-01-01 00:58:31,N,1,80,255,1,2.27,11.0,0.5,0.5,0.0,0.0,,0.3,12.3,2,1,
58,2,2019-01-01 01:02:35,2019-01-01 01:07:00,N,1,255,80,1,0.88,5.0,0.5,0.5,0.0,0.0,,0.3,6.3,2,1,
59,2,2019-01-01 00:08:09,2019-01-01 00:35:40,N,1,66,186,2,8.73,28.5,0.5,0.5,0.0,0.0,,0.3,29.8,2,1,
60,2,2019-01-01 00:46:27,2019-01-01 01:22:54,N,1,25,233,1,7.0,30.5,0.5,0.5,6.36,0.0,,0.3,38.16,1,1,
61,1,2019-01-01 00:00:51,2019-01-01 00:03:15,N,1,116,116,1,0.4,3.5,0.5,0.5,0.0,0.0,,0.3,4.8,2,1,
62,1,2019-01-01 00:52:26,2019-01-01 00:59:56,N,1,42,159,1,1.4,7.0,0.5,0.5,0.0,0.0,,0.3,8.3,2,1,
63,2,2019-01-01 00:10:43,2019-01-01 00:15:37,N,1,42,41,1,0.89,5.5,0.5,0.5,1.36,0.0,,0.3,8.16,1,1,
64,2,2019-01-01 00:18:39,2019-01-01 00:21:48,N,1,74,74,1,0.29,4.0,0.5,0.5,0.0,0.0,,0.3,5.3,2,1,
65,2,2019-01-01 00:12:45,2019-01-01 00:25:00,N,1,95,95,1,2.11,10.5,0.5,0.5,0.0,0.0,,0.3,11.8,2,1,
66,2,2019-01-01 00:43:00,2019-01-01 00:53:38,N,1,95,216,1,3.4,12.0,0.5,0.5,0.0,0.0,,0.3,13.3,2,1,
67,2,2019-01-01 00:39:51,2019-01-01 00:43:05,N,1,260,83,3,0.75,4.5,0.5,0.5,0.0,0.0,,0.3,5.8,2,1,
68,1,2019-01-01 00:52:32,2019-01-01 00:55:48,N,1,228,227,1,0.7,4.5,0.5,0.5,0.0,0.0,,0.3,5.8,3,1,
69,1,2019-01-01 00:26:04,2019-01-01 00:42:16,N,1,42,224,1,7.1,21.5,0.5,0.5,4.55,0.0,,0.3,27.35,1,1,
70,1,2019-01-01 00:36:35,2019-01-01 00:54:14,N,1,152,68,1,6.3,20.5,0.5,0.5,0.0,0.0,,0.3,21.8,2,1,
71,2,2019-01-01 00:05:29,2019-01-01 00:07:24,N,1,25,40,1,0.76,4.0,0.5,0.5,0.0,0.0,,0.3,5.3,2,1,
72,2,2019-01-01 00:24:54,2019-01-01 00:27:14,N,1,66,33,1,0.24,3.5,0.5,0.5,0.0,0.0,,0.3,4.8,2,1,
73,2,2019-01-01 00:28:31,2019-01-01 00:30:24,N,1,33,33,1,0.39,3.5,0.5,0.5,0.0,0.0,,0.3,4.8,2,1,
74,2,2019-01-01 00:31:27,2019-01-01 00:56:07,N,1,33,70,1,11.73,33.5,0.5,0.5,6.96,0.0,,0.3,41.76,1,1,
75,2,2019-01-01 00:38:22,2019-01-01 00:50:32,N,1,25,80,5,4.66,15.5,0.5,0.5,3.36,0.0,,0.3,20.16,1,1,
76,2,2019-01-01 00:51:47,2019-01-01 01:04:03,N,1,80,17,5,1.58,9.5,0.5,0.5,2.16,0.0,,0.3,12.96,1,1,
77,2,2019-01-01 00:06:52,2019-01-01 00:23:35,N,1,116,74,1,2.58,13.0,0.5,0.5,0.0,0.0,,0.3,14.3,2,1,
78,2,2019-01-01 00:29:33,2019-01-01 00:37:17,N,1,75,238,1,1.67,8.0,0.5,0.5,0.0,0.0,,0.3,9.3,2,1,
79,2,2019-01-01 00:51:56,2019-01-02 00:37:17,N,1,41,42,1,1.61,8.0,0.5,0.5,1.4,0.0,,0.3,10.7,1,1,
80,2,2019-01-01 01:01:56,2019-01-01 01:21:03,N,1,42,143,1,5.75,19.5,0.5,0.5,0.0,0.0,,0.3,20.8,2,1,
81,2,2019-01-01 00:00:15,2019-01-01 00:11:28,N,1,42,213,1,5.17,16.0,0.5,0.5,0.0,0.0,,0.3,17.3,1,1,
82,2,2019-01-01 00:40:18,2019-01-01 01:03:58,N,1,236,186,1,4.36,18.0,0.5,0.5,0.0,0.0,,0.3,19.3,2,1,
83,2,2019-01-01 00:15:19,2019-01-01 00:42:21,N,1,37,195,1,7.57,25.0,0.5,0.5,0.0,0.0,,0.3,26.3,1,1,
84,2,2019-01-01 00:56:06,2019-01-01 01:29:56,N,1,25,142,1,9.17,30.5,0.5,0.5,3.88,0.0,,0.3,35.68,1,1,
85,1,2019-01-01 00:40:34,2019-01-01 00:51:16,N,1,41,163,1,3.4,11.5,0.5,0.5,2.55,0.0,,0.3,15.35,1,1,
86,2,2019-01-01 00:18:45,2019-01-01 00:29:12,N,1,75,168,2,2.74,10.5,0.5,0.5,0.0,0.0,,0.3,11.8,2,1,
87,2,2019-01-01 00:07:33,2019-01-01 00:22:44,N,1,55,210,1,4.49,15.5,0.5,0.5,0.0,0.0,,0.3,16.8,1,1,
88,2,2019-01-01 00:40:36,2019-01-01 01:07:56,N,1,71,22,1,10.38,31.5,0.5,0.5,0.0,0.0,,0.3,32.8,1,1,
89,2,2019-01-01 00:06:31,2019-01-01 00:14:44,N,1,134,197,1,2.31,9.0,0.5,0.5,0.0,0.0,,0.3,10.3,2,1,
90,2,2019-01-01 00:10:50,2019-01-01 00:11:23,N,1,244,244,2,0.23,3.0,0.5,0.5,0.86,0.0,,0.3,5.16,1,1,
91,2,2019-01-01 00:39:52,2019-01-01 01:11:33,N,1,244,232,2,11.25,35.0,0.5,0.5,0.0,0.0,,0.3,36.3,1,1,
92,2,2019-01-01 00:21:11,2019-01-01 00:26:29,N,1,41,42,1,0.81,5.5,0.5,0.5,0.0,0.0,,0.3,6.8,2,1,
93,2,2019-01-01 00:45:11,2019-01-01 00:55:26,N,1,41,75,1,1.83,8.5,0.5,0.5,0.0,0.0,,0.3,9.8,1,1,
94,2,2019-01-01 00:38:41,2019-01-02 00:00:00,N,1,25,237,1,8.4,26.5,0.5,0.5,0.0,0.0,,0.3,27.8,2,1,
95,2,2019-01-01 00:15:42,2019-01-01 00:41:04,N,1,97,179,1,7.83,26.0,0.5,0.5,5.46,0.0,,0.3,32.76,1,1,
96,2,2019-01-01 00:21:28,2019-01-01 00:48:15,N,1,7,230,1,4.49,20.0,0.5,0.5,4.0,0.0,,0.3,25.3,1,1,
97,2,2019-01-01 00:17:10,2019-01-01 00:23:34,N,1,42,42,1,1.08,6.5,0.5,0.5,0.0,0.0,,0.3,7.8,2,1,
98,2,2019-01-01 00:25:01,2019-01-01 00:43:55,N,1,42,232,2,8.74,25.0,0.5,0.5,0.0,0.0,,0.3,26.3,2,1,
99,2,2019-01-01 00:36:56,2019-01-01 00:43:50,N,1,223,7,5,1.32,7.0,0.5,0.5,2.0,0.0,,0.3,10.3,1,1,
100,2,2019-01-01 00:53:11,2019-01-01 00:57:04,N,1,7,7,5,0.68,4.5,0.5,0.5,1.16,0.0,,0.3,8.91,1,1,
101,2,2019-01-01 00:01:00,2019-01-01 00:06:27,N,1,82,196,1,1.43,7.0,0.5,0.5,2.08,0.0,,0.3,10.38,1,1,
102,2,2019-01-01 00:15:05,2019-01-01 00:29:39,N,1,66,195,1,2.44,12.0,0.5,0.5,0.0,0.0,,0.3,13.3,2,1,
103,2,2019-01-01 00:41:51,2019-01-01 01:16:48,N,1,33,262,1,10.11,33.5,0.5,0.5,0.0,0.0,,0.3,34.8,2,1,
104,2,2019-01-01 00:30:32,2019-01-01 00:56:42,N,1,181,108,1,6.89,23.0,0.5,0.5,0.0,0.0,,0.3,24.3,2,1,
105,1,2019-01-01 00:23:48,2019-01-01 00:35:11,N,1,7,70,1,3.1,11.5,0.5,0.5,0.0,0.0,,0.3,12.8,2,1,
106,2,2019-01-01 00:27:27,2019-01-01 00:47:42,N,1,112,87,1,7.19,22.5,0.5,0.5,4.76,0.0,,0.3,28.56,1,1,
107,2,2019-01-01 00:09:47,2019-01-01 00:20:41,N,1,116,116,1,0.58,8.0,0.5,0.5,0.0,0.0,,0.3,9.3,1,1,
108,2,2019-01-01 00:21:09,2019-01-01 00:34:06,N,1,116,127,1,3.11,12.5,0.5,0.5,0.0,0.0,,0.3,13.8,2,1,
109,2,2019-01-01 00:25:00,2019-01-01 00:34:56,N,1,181,25,1,1.16,8.0,0.5,0.5,0.0,0.0,,0.3,9.3,2,1,
110,2,2019-01-01 00:43:59,2019-01-01 01:11:13,N,1,181,80,1,4.9,22.0,0.5,0.5,2.0,0.0,,0.3,25.3,1,1,
111,2,2019-01-01 00:09:03,2019-01-01 00:17:07,N,1,215,10,5,1.38,7.5,0.5,0.5,0.0,0.0,,0.3,8.8,1,1,
112,2,2019-01-01 00:29:21,2019-01-01 00:33:56,N,1,215,205,5,0.73,5.5,0.5,0.5,0.0,0.0,,0.3,6.8,1,1,
113,2,2019-01-01 00:34:39,2019-01-01 01:06:30,N,1,77,55,1,13.06,39.0,0.5,0.5,0.0,0.0,,0.3,40.3,1,1,
114,2,2019-01-01 00:07:56,2019-01-01 00:38:49,N,1,255,188,1,5.91,23.0,0.5,0.5,7.29,0.0,,0.3,31.59,1,1,
115,2,2019-01-01 00:56:53,2019-01-01 01:07:00,N,1,213,185,1,3.37,11.5,0.5,0.5,0.0,0.0,,0.3,12.8,2,1,
116,2,2019-01-01 00:09:01,2019-01-01 00:22:00,N,1,7,70,1,2.99,12.0,0.5,0.5,0.0,0.0,,0.3,13.3,2,1,
117,2,2019-01-01 00:42:12,2019-01-01 00:50:27,N,1,7,223,1,1.45,7.5,0.5,0.5,0.0,0.0,,0.3,8.8,2,1,
118,2,2019-01-01 00:28:42,2019-01-01 00:42:18,N,1,130,122,1,2.78,11.5,0.5,0.5,2.56,0.0,,0.3,15.36,1,1,
119,2,2019-01-01 00:11:16,2019-01-01 00:19:01,N,1,145,260,5,1.96,8.5,0.5,0.5,2.94,0.0,,0.3,12.74,1,1,
120,2,2019-01-01 00:35:17,2019-01-01 00:53:32,N,1,226,57,5,6.54,21.5,0.5,0.5,0.0,0.0,,0.3,22.8,2,1,
121,2,2019-01-01 00:31:03,2019-01-01 00:31:06,N,5,181,181,1,0.0,45.0,0.0,0.0,0.0,0.0,,0.0,45.0,1,2,
122,2,2019-01-01 00:14:19,2019-01-01 00:23:00,N,1,129,173,1,1.33,7.5,0.5,0.5,0.0,0.0,,0.3,8.8,2,1,
123,2,2019-01-01 00:48:00,2019-01-01 01:18:15,N,1,129,244,1,10.39,32.5,0.5,0.5,0.0,5.76,,0.3,39.56,2,1,
124,2,2019-01-01 00:28:31,2019-01-01 00:49:48,N,1,41,224,1,6.91,23.0,0.5,0.5,0.0,0.0,,0.3,24.3,2,1,
125,2,2019-01-01 00:09:44,2019-01-01 00:23:55,N,1,167,208,1,5.37,17.5,0.5,0.5,0.0,0.0,,0.3,18.8,1,1,
126,2,2019-01-01 00:40:59,2019-01-01 00:57:52,N,1,60,119,1,4.56,16.5,0.5,0.5,0.0,0.0,,0.3,17.8,1,1,
127,2,2019-01-01 00:24:31,2019-01-01 00:44:23,N,1,146,198,5,5.1,18.5,0.5,0.5,0.0,0.0,,0.3,19.8,2,1,
128,2,2019-01-01 00:03:58,2019-01-01 00:15:28,N,1,152,127,1,4.75,15.0,0.5,0.5,0.0,0.0,,0.3,16.3,2,1,
129,2,2019-01-01 00:27:02,2019-01-01 00:43:08,N,1,244,69,1,2.94,13.0,0.5,0.5,0.0,0.0,,0.3,14.3,2,1,
130,2,2019-01-01 00:53:12,2019-01-01 01:01:54,N,1,247,116,1,1.37,8.0,0.5,0.5,0.0,0.0,,0.3,9.3,2,1,
131,2,2019-01-01 00:18:28,2019-01-01 00:27:38,N,1,42,116,1,1.78,8.5,0.5,0.5,0.0,0.0,,0.3,9.8,2,1,
132,2,2019-01-01 00:23:06,2019-01-01 00:34:44,N,1,42,236,1,2.19,10.5,0.5,0.5,0.0,0.0,,0.3,11.8,2,1,
133,2,2019-01-01 00:47:15,2019-01-01 01:04:28,N,1,112,7,2,3.25,14.0,0.5,0.5,3.82,0.0,,0.3,19.12,1,1,
134,2,2019-01-01 00:58:39,2019-01-01 01:18:12,N,1,7,82,1,4.7,17.5,0.5,0.5,0.0,0.0,,0.3,18.8,2,1,
135,2,2019-01-01 00:17:14,2019-01-01 00:36:29,N,1,37,7,1,6.81,21.5,0.5,0.5,0.0,0.0,,0.3,22.8,2,1,
136,2,2019-01-01 00:49:22,2019-01-01 01:28:15,N,4,145,265,1,27.43,106.5,0.5,0.5,0.0,0.0,,0.3,107.8,2,1,
137,2,2019-01-01 00:37:45,2019-01-01 01:22:23,N,1,228,243,1,19.5,54.5,0.5,0.5,9.65,5.76,,0.3,75.91,1,1,
138,2,2019-01-01 00:44:43,2019-01-01 00:51:15,N,1,256,112,1,0.87,6.0,0.5,0.5,2.19,0.0,,0.3,9.49,1,1,
139,2,2019-01-01 00:56:53,2019-01-01 01:14:10,N,1,255,97,1,4.9,17.5,0.5,0.5,3.76,0.0,,0.3,22.56,1,1,
140,2,2019-01-01 00:13:02,2019-01-01 00:20:05,N,1,41,42,1,1.12,7.0,0.5,0.5,0.0,0.0,,0.3,8.3,1,1,
141,2,2019-01-01 00:38:33,2019-01-01 00:43:56,N,1,41,74,1,1.18,6.0,0.5,0.5,0.0,0.0,,0.3,7.3,2,1,
142,2,2019-01-01 00:47:17,2019-01-01 01:05:12,N,1,74,182,1,7.08,22.0,0.5,0.5,2.0,0.0,,0.3,25.3,1,1,
143,2,2019-01-01 00:26:53,2019-01-01 00:33:40,N,1,74,42,2,1.16,6.5,0.5,0.5,1.0,0.0,,0.3,8.8,1,1,
144,2,2019-01-01 00:28:03,2019-01-01 00:36:24,N,1,74,152,1,1.44,7.5,0.5,0.5,2.64,0.0,,0.3,11.44,1,1,
145,2,2019-01-01 00:41:25,2019-01-01 01:09:57,N,1,166,148,1,8.38,28.5,0.5,0.5,1.0,0.0,,0.3,30.8,1,1,
146,2,2019-01-01 00:21:35,2019-01-01 00:43:55,N,1,181,137,1,4.63,18.5,0.5,0.5,3.96,0.0,,0.3,23.76,1,1,
147,2,2019-01-01 00:05:06,2019-01-01 00:26:26,N,1,223,148,1,8.8,26.5,0.5,0.5,3.0,0.0,,0.3,30.8,1,1,
148,2,2019-01-01 00:15:45,2019-01-01 00:20:25,N,1,78,78,4,0.53,5.0,0.5,0.5,0.0,0.0,,0.3,6.3,1,1,
149,2,2019-01-01 00:35:40,2019-01-01 01:20:13,N,1,3,201,3,23.77,65.5,0.5,0.5,0.0,7.92,,0.3,74.72,1,1,
150,2,2019-01-01 00:22:27,2019-01-01 00:28:37,N,1,74,41,1,1.1,6.5,0.5,0.5,0.0,0.0,,0.3,7.8,2,1,
151,2,2019-01-01 00:38:43,2019-01-01 00:43:32,N,1,74,74,1,0.9,5.5,0.5,0.5,0.1,0.0,,0.3,6.9,1,1,
152,2,2019-01-01 00:45:19,2019-01-01 00:56:46,N,1,74,69,1,2.72,11.0,0.5,0.5,0.0,0.0,,0.3,12.3,2,1,
153,2,2019-01-01 00:34:31,2019-01-01 00:44:30,N,1,169,136,1,2.0,9.0,0.5,0.5,0.0,0.0,,0.3,10.3,2,1,
154,2,2019-01-01 00:55:07,2019-01-02 00:44:30,N,1,127,247,1,2.82,10.5,0.5,0.5,0.0,0.0,,0.3,11.8,2,1,
155,1,2019-01-01 00:34:17,2019-01-01 00:51:40,N,1,25,188,1,2.6,13.5,0.5,0.5,2.95,0.0,,0.3,17.75,1,1,
156,1,2019-01-01 00:53:13,2019-01-01 01:07:42,N,1,188,89,1,2.3,11.5,0.5,0.5,2.0,0.0,,0.3,14.8,1,1,
157,2,2019-01-01 00:30:59,2019-01-01 00:38:53,N,1,7,226,5,1.67,7.5,0.5,0.5,0.0,0.0,,0.3,8.8,2,1,
158,2,2019-01-01 00:58:29,2019-01-01 01:08:12,N,1,223,146,5,2.21,9.5,0.5,0.5,0.0,0.0,,0.3,10.8,2,1,
159,2,2019-01-01 00:26:13,2019-01-01 00:30:41,N,1,7,7,1,1.05,5.5,0.5,0.5,0.0,0.0,,0.3,6.8,2,1,
160,2,2019-01-01 00:57:08,2019-01-01 01:03:13,N,1,7,7,1,0.96,6.0,0.5,0.5,1.46,0.0,,0.3,8.76,1,1,
161,2,2019-01-01 00:32:00,2019-01-01 00:41:57,N,1,255,112,1,2.21,9.5,0.5,0.5,2.7,0.0,,0.3,13.5,1,1,
162,2,2019-01-01 00:47:30,2019-01-01 00:52:32,N,1,82,82,1,0.34,5.0,0.5,0.5,0.0,0.0,,0.3,6.3,2,1,
163,2,2019-01-01 00:56:23,2019-01-01 01:02:13,N,1,129,129,1,0.74,5.5,0.5,0.5,2.0,0.0,,0.3,8.8,1,1,
164,2,2019-01-01 00:04:59,2019-01-01 00:25:28,N,1,75,60,1,6.65,22.0,0.5,0.5,0.0,0.0,,0.3,23.3,1,1,
165,2,2019-01-01 00:40:33,2019-01-01 00:55:53,N,1,60,212,2,2.85,12.5,0.5,0.5,0.0,0.0,,0.3,13.8,1,1,
166,2,2019-01-01 00:19:33,2019-01-01 00:51:18,N,1,74,152,1,7.6,26.5,0.5,0.5,0.0,0.0,,0.3,27.8,2,1,
167,2,2019-01-01 00:21:53,2019-01-01 00:31:28,N,1,41,42,6,2.16,9.5,0.5,0.5,0.0,0.0,,0.3,10.8,2,1,
168,2,2019-01-01 00:45:06,2019-01-01 00:54:44,N,1,42,41,6,1.7,8.5,0.5,0.5,1.96,0.0,,0.3,11.76,1,1,
169,2,2019-01-01 00:59:01,2019-01-01 01:02:51,N,1,41,166,6,0.65,4.5,0.5,0.5,0.0,0.0,,0.3,5.8,2,1,
170,2,2019-01-01 01:07:31,2019-01-01 01:15:10,N,1,24,42,6,1.45,7.5,0.5,0.5,2.64,0.0,,0.3,11.44,1,1,
171,2,2019-01-01 00:51:03,2019-01-01 00:55:39,N,1,7,7,2,0.81,5.0,0.5,0.5,0.0,0.0,,0.3,6.3,2,1,
172,2,2019-01-01 00:22:22,2019-01-01 00:25:53,N,1,129,129,1,0.45,4.0,0.5,0.5,0.0,0.0,,0.3,5.3,2,1,
173,2,2019-01-01 00:31:37,2019-01-01 00:36:13,N,1,260,157,1,1.0,5.5,0.5,0.5,0.0,0.0,,0.3,6.8,2,1,
174,2,2019-01-01 00:48:56,2019-01-01 00:52:51,N,1,260,260,1,0.58,4.5,0.5,0.5,0.0,0.0,,0.3,5.8,2,1,
175,2,2019-01-01 00:11:22,2019-01-01 00:29:29,N,1,196,226,1,3.77,15.0,0.5,0.5,0.0,0.0,,0.3,16.3,2,1,
176,1,2019-01-01 00:54:52,2019-01-01 01:03:37,N,1,41,41,1,1.2,6.5,0.5,0.5,2.3,0.0,,0.3,10.1,1,1,
177,2,2019-01-01 00:38:32,2019-01-01 00:57:44,N,1,18,74,1,8.56,25.5,0.5,0.5,5.36,0.0,,0.3,34.11,1,1,
178,2,2019-01-01 00:30:28,2019-01-01 00:39:00,N,1,106,257,1,2.16,9.0,0.5,0.5,0.0,0.0,,0.3,10.3,1,1,
179,2,2019-01-01 00:53:17,2019-01-01 01:07:33,N,1,181,25,1,2.04,11.0,0.5,0.5,3.69,0.0,,0.3,17.94,1,1,
180,2,2019-01-01 00:59:37,2019-01-01 01:52:53,N,1,242,210,1,27.89,76.5,0.5,0.5,0.0,5.76,,0.3,83.56,1,1,
181,2,2019-01-01 00:43:16,2019-01-01 00:53:39,N,1,116,244,1,1.6,9.0,0.5,0.5,0.0,0.0,,0.3,10.3,2,1,
182,2,2019-01-01 00:40:28,2019-01-01 00:49:16,N,1,95,56,1,2.1,9.0,0.5,0.5,2.06,0.0,,0.3,12.36,1,1,
183,1,2019-01-01 00:38:09,2019-01-01 01:05:55,N,1,255,37,1,4.5,19.5,0.5,0.5,7.28,0.0,,0.3,28.08,1,1,
184,2,2019-01-01 00:28:46,2019-01-01 00:36:39,N,1,61,17,1,1.53,7.5,0.5,0.5,0.0,0.0,,0.3,8.8,2,1,
185,2,2019-01-01 00:09:09,2019-01-01 01:04:26,N,1,61,55,3,11.75,43.0,0.5,0.5,0.0,0.0,,0.3,44.3,1,1,
186,2,2019-01-01 00:31:01,2019-01-01 00:40:23,N,1,62,188,1,1.23,8.0,0.5,0.5,0.0,0.0,,0.3,9.3,1,1,
187,2,2019-01-01 00:54:46,2019-01-01 01:06:08,N,1,89,123,1,1.91,9.5,0.5,0.5,0.0,0.0,,0.3,10.8,1,1,
188,2,2019-01-01 00:06:08,2019-01-01 00:13:22,N,1,42,159,1,1.64,7.5,0.5,0.5,0.0,0.0,,0.3,8.8,2,1,
189,2,2019-01-01 00:36:22,2019-01-01 00:50:21,N,1,41,142,1,3.54,13.0,0.5,0.5,4.29,0.0,,0.3,18.59,1,1,
190,2,2019-01-01 00:10:25,2019-01-01 00:23:14,N,1,25,188,2,2.36,11.0,0.5,0.5,0.0,0.0,,0.3,12.3,2,1,
191,1,2019-01-01 00:39:21,2019-01-01 00:39:51,N,5,49,49,1,0.0,10.0,0.0,0.0,2.0,0.0,,0.0,12.0,1,2,
192,2,2019-01-01 00:28:26,2019-01-01 00:45:03,N,1,25,61,1,2.14,12.0,0.5,0.5,0.0,0.0,,0.3,13.3,1,1,
193,2,2019-01-01 00:51:29,2019-01-01 00:56:53,N,1,189,181,1,0.91,6.0,0.5,0.5,1.46,0.0,,0.3,8.76,1,1,
194,2,2019-01-01 00:48:24,2019-01-01 00:48:44,N,1,42,42,1,0.0,2.5,0.5,0.5,0.0,0.0,,0.3,3.8,2,1,
195,1,2019-01-01 00:35:17,2019-01-01 00:45:20,N,1,181,61,1,1.6,8.5,0.5,0.5,1.95,0.0,,0.3,11.75,1,1,
196,1,2019-01-01 00:47:59,2019-01-01 01:06:43,N,1,61,65,1,2.7,14.0,0.5,0.5,3.05,0.0,,0.3,18.35,1,1,
197,2,2019-01-01 00:43:40,2019-01-01 00:48:22,N,1,223,7,1,0.97,5.5,0.5,0.5,2.04,0.0,,0.3,8.84,1,1,
198,2,2019-01-01 00:49:25,2019-01-01 00:58:40,N,1,7,7,1,1.44,8.0,0.5,0.5,1.86,0.0,,0.3,11.16,1,1,
199,2,2019-01-01 00:27:59,2019-01-01 00:41:18,N,1,216,203,5,4.95,16.5,0.5,0.5,0.0,0.0,,0.3,17.8,1,1,
200,2,2019-01-01 00:22:30,2019-01-01 00:25:41,N,1,116,116,1,0.45,4.0,0.5,0.5,0.0,0.0,,0.3,5.3,2,1,
201,2,2019-01-01 00:20:55,2019-01-01 00:27:04,N,1,74,74,1,0.92,6.0,0.5,0.5,0.0,0.0,,0.3,7.3,2,1,
202,2,2019-01-01 00:36:26,2019-01-01 00:52:46,N,5,74,92,1,8.26,54.0,0.0,0.0,0.0,5.76,,0.0,59.76,1,2,
203,1,2019-01-01 00:40:08,2019-01-01 00:51:59,N,1,95,82,1,2.1,11.0,0.5,0.5,0.0,0.0,,0.3,12.3,2,1,
204,2,2019-01-01 00:12:09,2019-01-01 00:25:45,N,1,66,17,1,2.95,12.0,0.5,0.5,0.0,0.0,,0.3,13.3,2,1,
205,2,2019-01-01 00:41:47,2019-01-01 00:57:17,N,1,66,190,1,3.01,13.0,0.5,0.5,0.0,0.0,,0.3,14.3,2,1,
206,1,2019-01-01 00:27:13,2019-01-01 00:46:14,N,1,66,158,1,4.0,16.5,0.5,0.5,3.55,0.0,,0.3,21.35,1,1,
207,1,2019-01-01 00:21:30,2019-01-01 00:31:00,N,1,97,148,1,2.5,10.0,0.5,0.5,2.25,0.0,,0.3,13.55,1,1,
208,1,2019-01-01 00:41:52,2019-01-01 00:53:57,N,1,25,80,1,3.1,13.0,0.5,0.5,0.0,0.0,,0.3,14.3,2,1,
209,1,2019-01-01 00:56:10,2019-01-01 01:16:11,Y,1,80,125,1,3.8,16.5,0.5,0.5,4.0,0.0,,0.3,21.8,1,1,
210,2,2019-01-01 00:38:54,2019-01-01 00:59:22,N,1,258,177,1,3.92,17.0,0.5,0.5,0.0,0.0,,0.3,18.3,1,1,
211,2,2019-01-01 00:31:42,2019-01-01 00:34:53,N,1,260,260,1,0.69,4.5,0.5,0.5,1.16,0.0,,0.3,6.96,1,1,
212,2,2019-01-01 00:37:03,2019-01-01 01:09:06,N,1,260,133,1,12.92,38.0,0.5,0.5,2.0,0.0,,0.3,41.3,1,1,
213,2,2019-01-01 00:16:23,2019-01-01 00:33:21,N,1,43,116,1,3.93,14.5,0.5,0.5,0.0,0.0,,0.3,15.8,2,1,
214,2,2019-01-01 00:41:39,2019-01-01 00:49:01,N,1,244,243,1,1.4,7.0,0.5,0.5,0.0,0.0,,0.3,8.3,2,1,
215,2,2019-01-01 00:11:20,2019-01-01 00:24:58,N,1,71,89,1,2.74,11.0,0.5,0.5,0.0,0.0,,0.3,12.3,1,1,
216,2,2019-01-01 00:39:04,2019-01-01 00:59:06,N,1,89,188,1,1.38,13.0,0.5,0.5,0.0,0.0,,0.3,14.3,1,1,
217,2,2019-01-01 00:44:19,2019-01-01 00:49:34,N,1,108,108,1,0.96,5.5,0.5,0.5,0.0,0.0,,0.3,6.8,1,1,
218,2,2019-01-01 00:13:16,2019-01-01 00:19:23,N,1,42,116,1,0.89,6.0,0.5,0.5,0.0,0.0,,0.3,7.3,2,1,
219,2,2019-01-01 00:38:57,2019-01-01 00:44:06,N,1,41,42,1,0.84,5.5,0.5,0.5,1.36,0.0,,0.3,8.16,1,1,
220,2,2019-01-01 00:55:51,2019-01-01 01:01:16,N,1,41,74,1,1.35,6.5,0.5,0.5,1.56,0.0,,0.3,9.36,1,1,
221,2,2019-01-01 00:17:15,2019-01-01 00:42:12,N,1,75,265,1,13.31,37.0,0.5,0.5,0.0,2.64,,0.3,40.94,2,1,
222,2,2019-01-01 00:30:29,2019-01-01 00:36:32,N,1,41,41,1,0.86,6.0,0.5,0.5,0.0,0.0,,0.3,7.3,2,1,
223,2,2019-01-01 00:50:49,2019-01-01 01:12:58,N,1,74,32,1,8.19,25.5,0.5,0.5,0.0,0.0,,0.3,26.8,2,1,
224,2,2019-01-01 00:25:54,2019-01-01 01:04:50,N,1,216,133,5,13.74,41.5,0.5,0.5,0.0,0.0,,0.3,42.8,2,1,
225,2,2019-01-01 00:30:10,2019-01-01 00:49:39,N,1,242,81,1,3.26,15.5,0.5,0.5,0.0,0.0,,0.3,16.8,1,1,
226,2,2019-01-01 01:00:15,2019-01-01 01:26:37,N,1,81,74,1,10.95,32.5,0.5,0.5,0.0,0.0,,0.3,33.8,1,1,
227,2,2019-01-01 00:12:10,2019-01-01 00:30:16,N,1,25,188,1,3.57,15.0,0.5,0.5,0.0,0.0,,0.3,16.3,1,1,
228,2,2019-01-01 00:44:36,2019-01-01 00:52:24,N,1,62,188,1,0.83,7.0,0.5,0.5,0.0,0.0,,0.3,8.3,1,1,
229,2,2019-01-01 00:27:03,2019-01-01 00:43:53,N,1,25,162,2,6.71,21.0,0.5,0.5,4.46,0.0,,0.3,26.76,1,1,
230,2,2019-01-01 00:42:55,2019-01-01 01:05:30,N,1,116,94,1,5.03,20.0,0.5,0.5,0.0,0.0,,0.3,21.3,1,1,
231,1,2019-01-01 00:31:31,2019-01-01 00:43:51,N,1,97,65,1,1.2,9.0,0.5,0.5,2.05,0.0,,0.3,12.35,1,1,
232,2,2019-01-01 00:15:29,2019-01-01 00:15:44,N,1,42,42,1,0.0,2.5,0.5,0.5,0.0,0.0,,0.3,3.8,2,1,
233,2,2019-01-01 00:19:51,2019-01-01 00:23:59,N,1,42,41,1,0.79,5.0,0.5,0.5,0.0,0.0,,0.3,6.3,2,1,
234,1,2019-01-01 00:07:24,2019-01-01 00:20:20,N,1,75,75,1,1.9,10.0,0.5,0.5,2.25,0.0,,0.3,13.55,1,1,
235,1,2019-01-01 00:22:43,2019-01-01 00:33:27,N,1,75,168,1,3.2,10.5,0.5,0.5,0.0,0.0,,0.3,11.8,2,1,
236,1,2019-01-01 00:16:06,2019-01-01 00:27:59,N,1,61,225,2,1.0,9.0,0.5,0.5,0.0,0.0,,0.3,10.3,1,1,
237,2,2019-01-01 00:41:33,2019-01-01 00:46:42,N,1,65,65,1,0.59,5.5,0.5,0.5,0.0,0.0,,0.3,6.8,2,1,
238,2,2019-01-01 00:13:56,2019-01-01 00:20:08,N,1,244,243,6,1.07,6.0,0.5,0.5,0.0,0.0,,0.3,7.3,1,1,
239,2,2019-01-01 00:38:29,2019-01-01 00:57:22,N,1,18,42,6,5.58,19.0,0.5,0.5,0.0,0.0,,0.3,20.3,1,1,
240,2,2019-01-01 00:12:25,2019-01-01 00:28:48,N,1,42,239,1,3.14,13.5,0.5,0.5,3.7,0.0,,0.3,18.5,1,1,
241,2,2019-01-01 00:04:16,2019-01-01 00:18:07,N,5,244,69,2,2.68,25.0,0.0,0.0,0.0,0.0,,0.0,25.0,2,2,
242,2,2019-01-01 00:36:38,2019-01-01 01:10:15,N,1,20,230,1,13.08,38.5,0.5,0.5,5.0,0.0,,0.3,47.55,1,1,
243,2,2019-01-01 00:20:50,2019-01-01 00:25:02,N,1,75,42,1,1.7,6.5,0.5,0.5,0.0,0.0,,0.3,7.8,2,1,
244,2,2019-01-01 00:43:53,2019-01-01 01:02:41,N,1,74,167,1,3.86,15.5,0.5,0.5,0.0,0.0,,0.3,16.8,2,1,
245,2,2019-01-01 00:24:56,2019-01-01 00:41:35,N,1,223,226,3,2.96,13.0,0.5,0.5,2.86,0.0,,0.3,17.16,1,1,
246,2,2019-01-01 00:05:24,2019-01-01 00:16:40,N,1,41,263,1,2.55,11.0,0.5,0.5,3.69,0.0,,0.3,15.99,1,1,
247,2,2019-01-01 00:24:44,2019-01-01 00:42:18,N,1,74,94,1,6.01,19.5,0.5,0.5,0.0,0.0,,0.3,20.8,2,1,
248,2,2019-01-01 00:28:28,2019-01-01 00:44:22,N,1,130,191,1,3.68,14.5,0.5,0.5,3.16,0.0,,0.3,18.96,1,1,
249,2,2019-01-01 00:34:20,2019-01-01 00:50:28,N,1,255,7,1,6.52,20.0,0.5,0.5,0.0,0.0,,0.3,21.3,2,1,
250,2,2019-01-01 00:59:37,2019-01-01 01:04:26,N,1,179,7,1,0.77,5.0,0.5,0.5,0.0,0.0,,0.3,6.3,2,1,
251,1,2019-01-01 00:03:55,2019-01-01 00:15:25,N,1,129,226,1,2.4,10.5,0.5,0.5,0.0,0.0,,0.3,11.8,2,1,
252,1,2019-01-01 00:24:11,2019-01-01 00:35:22,N,1,260,260,1,1.4,8.5,0.5,0.5,0.0,0.0,,0.3,9.8,2,1,
253,2,2019-01-01 00:19:24,2019-01-01 00:25:05,N,1,61,61,1,0.82,5.5,0.5,0.5,1.7,0.0,,0.3,10.45,1,1,
254,2,2019-01-01 00:46:20,2019-01-01 01:03:20,N,1,188,222,1,3.55,15.0,0.5,0.5,0.0,0.0,,0.3,16.3,1,1,
255,2,2019-01-01 00:43:20,2019-01-01 00:49:58,N,1,80,255,1,0.91,6.0,0.5,0.5,0.0,0.0,,0.3,7.3,1,1,
256,2,2019-01-01 00:51:18,2019-01-01 00:54:51,N,1,255,256,1,0.72,4.5,0.5,0.5,1.74,0.0,,0.3,7.54,1,1,
257,2,2019-01-01 00:58:42,2019-01-01 01:25:05,N,1,256,223,1,8.19,26.0,0.5,0.5,2.0,0.0,,0.3,29.3,1,1,
258,1,2019-01-01 00:27:52,2019-01-01 00:51:30,N,1,181,107,1,6.7,23.0,0.5,0.5,0.0,0.0,,0.3,24.3,2,1,
259,2,2019-01-01 00:26:25,2019-01-01 00:31:03,N,1,129,129,1,0.76,5.0,0.5,0.5,0.0,0.0,,0.3,6.3,2,1,
260,2,2019-01-01 00:48:51,2019-01-01 00:59:07,N,1,260,129,1,2.17,9.5,0.5,0.5,2.16,0.0,,0.3,12.96,1,1,
261,2,2019-01-01 00:16:31,2019-01-01 00:39:32,N,1,25,189,1,2.28,16.0,0.5,0.5,4.32,0.0,,0.3,21.62,1,1,
262,2,2019-01-01 00:44:28,2019-01-01 00:50:10,N,1,181,228,1,1.08,6.0,0.5,0.5,0.0,0.0,,0.3,7.3,2,1,
263,2,2019-01-01 00:17:02,2019-01-01 00:28:14,N,1,166,116,1,1.9,10.0,0.5,0.5,0.0,0.0,,0.3,11.3,2,1,
264,2,2019-01-01 00:46:31,2019-01-01 01:02:10,N,1,166,263,1,3.06,13.5,0.5,0.5,0.0,0.0,,0.3,14.8,2,1,
265,2,2019-01-01 00:19:34,2019-01-01 00:36:47,N,1,256,189,1,3.24,13.5,0.5,0.5,2.96,0.0,,0.3,17.76,1,1,
266,2,2019-01-01 00:36:20,2019-01-01 00:52:31,N,1,250,51,1,5.04,16.5,0.5,0.5,0.0,0.0,,0.3,17.8,1,1,
267,2,2019-01-01 00:15:45,2019-01-01 00:20:32,N,1,7,7,1,0.78,5.5,0.5,0.5,1.36,0.0,,0.3,8.16,1,1,
268,2,2019-01-01 00:16:18,2019-01-01 00:32:28,N,1,66,144,1,2.99,13.0,0.5,0.5,0.0,0.0,,0.3,14.3,2,1,
269,2,2019-01-01 00:51:41,2019-01-01 01:05:54,N,1,223,82,1,4.41,15.5,0.5,0.5,0.0,0.0,,0.3,16.8,2,1,
270,1,2019-01-01 00:24:57,2019-01-01 00:28:07,N,1,82,82,1,0.6,4.5,0.5,0.5,0.0,0.0,,0.3,5.8,2,1,
271,1,2019-01-01 00:29:22,2019-01-01 00:38:50,N,1,82,160,1,2.1,9.0,0.5,0.5,0.0,0.0,,0.3,10.3,2,1,
272,1,2019-01-01 00:54:10,2019-01-01 00:57:45,N,1,82,56,1,0.9,5.0,0.5,0.5,0.0,0.0,,0.3,6.3,2,1,
273,2,2019-01-01 00:40:53,2019-01-01 00:45:56,N,1,42,166,1,0.9,5.5,0.5,0.5,0.0,0.0,,0.3,6.8,2,1,
274,2,2019-01-01 00:52:13,2019-01-01 01:01:53,N,1,116,244,1,1.77,9.0,0.5,0.5,2.06,0.0,,0.3,12.36,1,1,
275,1,2019-01-01 00:12:07,2019-01-01 00:19:16,N,1,82,129,1,1.0,6.5,0.5,0.5,1.55,0.0,,0.3,9.35,1,1,
276,1,2019-01-01 00:32:17,2019-01-01 00:44:17,N,1,83,226,1,2.2,10.0,0.5,0.5,2.0,0.0,,0.3,13.3,1,1,
277,2,2019-01-01 00:14:07,2019-01-01 00:23:17,N,1,74,236,1,1.95,9.0,0.5,0.5,2.58,0.0,,0.3,12.88,1,1,
278,2,2019-01-01 00:33:32,2019-01-01 00:40:36,N,1,42,263,1,2.61,9.5,0.5,0.5,1.2,0.0,,0.3,12.0,1,1,
279,2,2019-01-01 00:46:29,2019-01-01 00:51:52,N,1,75,74,1,1.0,5.5,0.5,0.5,0.0,0.0,,0.3,6.8,2,1,
280,2,2019-01-01 00:27:31,2019-01-01 00:35:54,N,1,47,60,1,0.93,7.0,0.5,0.5,0.0,0.0,,0.3,8.3,1,1,
281,2,2019-01-01 00:46:51,2019-01-01 01:09:04,N,1,47,220,2,4.6,19.5,0.5,0.5,0.0,0.0,,0.3,20.8,1,1,
282,2,2019-01-01 00:18:57,2019-01-01 00:31:52,N,1,181,181,1,1.21,9.5,0.5,0.5,0.0,0.0,,0.3,10.8,2,1,
283,2,2019-01-01 00:37:32,2019-01-01 01:07:04,N,1,181,148,1,3.76,20.5,0.5,0.5,0.0,0.0,,0.3,21.8,2,1,
284,2,2019-01-01 00:18:17,2019-01-01 00:23:25,N,1,7,179,1,0.85,5.5,0.5,0.5,0.0,0.0,,0.3,6.8,2,1,
285,2,2019-01-01 00:36:51,2019-01-01 01:06:44,N,1,179,231,1,9.74,30.5,0.5,0.5,6.36,0.0,,0.3,40.11,1,1,
286,2,2019-01-01 00:14:22,2019-01-01 00:14:27,N,1,40,40,5,0.02,2.5,0.5,0.5,0.0,0.0,,0.3,3.8,2,1,
287,2,2019-01-01 00:28:43,2019-01-01 00:31:56,N,1,244,244,1,1.03,5.0,0.5,0.5,0.0,0.0,,0.3,6.3,2,1,
288,2,2019-01-01 00:45:51,2019-01-01 01:06:35,N,1,60,168,1,5.23,20.5,0.5,0.5,0.0,0.0,,0.3,21.8,1,1,
289,2,2019-01-01 00:51:44,2019-01-01 01:05:36,N,1,42,116,2,1.78,10.5,0.5,0.5,0.0,0.0,,0.3,11.8,1,1,
290,1,2019-01-01 00:26:14,2019-01-01 00:46:25,N,1,112,181,1,8.0,24.0,0.5,0.5,6.3,0.0,,0.3,31.6,1,1,
291,1,2019-01-01 00:51:19,2019-01-01 01:02:49,N,1,181,188,1,2.5,11.0,0.5,0.5,0.0,0.0,,0.3,12.3,1,1,
292,1,2019-01-01 00:46:48,2019-01-01 00:53:59,N,1,193,7,1,1.4,7.0,0.5,0.5,1.65,0.0,,0.3,9.95,1,1,
293,2,2019-01-01 00:44:18,2019-01-01 00:56:35,N,1,71,188,1,1.8,10.0,0.5,0.5,0.0,0.0,,0.3,11.3,1,1,
294,2,2019-01-01 00:54:30,2019-01-01 00:59:18,N,1,244,116,1,1.15,6.0,0.5,0.5,0.0,0.0,,0.3,7.3,2,1,
295,2,2019-01-01 00:38:46,2019-01-01 00:45:22,N,1,25,33,1,1.11,6.5,0.5,0.5,1.56,0.0,,0.3,9.36,1,1,
296,2,2019-01-01 00:50:55,2019-01-01 00:55:07,N,1,65,33,1,1.39,6.0,0.5,0.5,1.46,0.0,,0.3,8.76,1,1,
297,2,2019-01-01 00:56:01,2019-01-01 01:16:40,N,1,33,107,1,5.34,20.0,0.5,0.5,4.26,0.0,,0.3,25.56,1,1,
298,2,2019-01-01 00:15:27,2019-01-01 00:21:31,N,1,78,169,1,1.16,6.0,0.5,0.5,0.0,0.0,,0.3,7.3,2,1,
299,2,2019-01-01 00:32:14,2019-01-01 00:37:47,N,1,145,146,1,0.86,5.5,0.5,0.5,1.7,0.0,,0.3,8.5,1,1,
300,2,2019-01-01 00:42:21,2019-01-01 01:00:29,N,1,145,129,1,3.51,14.0,0.5,0.5,0.0,0.0,,0.3,15.3,2,1,
301,1,2019-01-01 00:51:59,2019-01-01 00:55:43,N,1,7,7,1,0.5,4.5,0.5,0.5,0.0,0.0,,0.3,5.8,2,1,
302,1,2019-01-01 00:59:38,2019-01-01 01:13:30,N,1,7,223,1,2.3,11.0,0.5,0.5,0.0,0.0,,0.3,12.3,2,1,
303,2,2019-01-01 00:19:32,2019-01-01 00:28:44,N,1,49,225,3,0.0,7.0,0.5,0.5,0.0,0.0,,0.3,8.3,1,1,
304,2,2019-01-01 00:35:30,2019-01-01 00:50:17,N,1,225,80,3,0.0,9.5,0.5,0.5,0.0,0.0,,0.3,10.8,1,1,
305,2,2019-01-01 00:51:26,2019-01-01 00:57:26,N,1,80,256,3,0.0,5.5,0.5,0.5,2.04,0.0,,0.3,8.84,1,1,
306,2,2019-01-01 00:04:20,2019-01-01 00:27:33,N,1,36,181,1,9.88,29.5,0.5,0.5,1.0,0.0,,0.3,31.8,1,1,
307,2,2019-01-01 00:31:04,2019-01-01 00:50:45,N,1,181,49,1,4.06,16.0,0.5,0.5,1.73,0.0,,0.3,19.03,1,1,
308,2,2019-01-01 00:13:44,2019-01-01 00:57:00,N,1,61,42,1,16.22,48.0,0.5,0.5,0.0,0.0,,0.3,49.3,1,1,
309,2,2019-01-01 00:54:16,2019-01-01 01:20:59,N,1,41,182,1,7.97,26.0,0.5,0.5,0.0,0.0,,0.3,27.3,1,1,
310,2,2018-12-31 09:39:52,2018-12-31 09:46:30,N,1,129,82,1,0.98,6.0,0.5,0.5,0.0,0.0,,0.3,7.3,2,1,
311,2,2019-01-01 00:13:18,2019-01-01 00:17:46,N,1,181,189,1,0.74,5.0,0.5,0.5,1.26,0.0,,0.3,7.56,1,1,
312,2,2019-01-01 00:28:36,2019-01-01 00:39:50,N,1,97,17,1,2.04,9.0,0.5,0.5,3.09,0.0,,0.3,13.39,1,1,
313,2,2019-01-01 00:49:04,2019-01-01 01:21:07,N,1,225,39,1,6.38,24.0,0.5,0.5,0.0,0.0,,0.3,25.3,1,1,
314,2,2019-01-01 00:09:25,2019-01-01 00:21:53,N,1,235,69,1,2.46,11.0,0.5,0.5,0.0,0.0,,0.3,12.3,2,1,
315,2,2019-01-01 00:23:46,2019-01-01 00:41:03,N,1,247,166,1,3.36,14.0,0.5,0.5,0.0,0.0,,0.3,15.3,2,1,
316,2,2019-01-01 00:44:22,2019-01-01 01:00:28,N,1,166,168,1,3.62,14.0,0.5,0.5,0.0,0.0,,0.3,15.3,2,1,
317,2,2019-01-01 00:42:49,2019-01-01 00:49:04,N,1,129,260,1,1.32,6.5,0.5,0.5,0.0,0.0,,0.3,7.8,2,1,
318,2,2019-01-01 00:55:01,2019-01-01 01:18:57,N,1,83,40,1,9.47,29.0,0.5,0.5,0.0,0.0,,0.3,30.3,2,1,
319,2,2019-01-01 00:21:54,2019-01-01 00:33:07,N,1,75,170,1,4.06,13.5,0.5,0.5,2.96,0.0,,0.3,17.76,1,1,
320,2,2019-01-01 00:47:30,2019-01-01 01:00:45,N,1,75,127,1,5.77,17.5,0.5,0.5,1.0,0.0,,0.3,19.8,1,1,
321,2,2019-01-01 00:12:14,2019-01-01 00:28:49,N,1,255,40,1,7.06,21.5,0.5,0.5,4.56,0.0,,0.3,27.36,1,1,
322,2,2019-01-01 00:33:20,2019-01-01 00:37:32,N,1,25,33,1,0.89,5.0,0.5,0.5,0.0,0.0,,0.3,6.3,2,1,
323,2,2019-01-01 00:43:36,2019-01-01 00:55:41,N,1,33,148,1,2.76,11.0,0.5,0.5,2.46,0.0,,0.3,14.76,1,1,
324,2,2019-01-01 00:54:36,2019-01-01 01:11:53,N,1,41,42,1,0.86,11.5,0.5,0.5,0.0,0.0,,0.3,12.8,2,1,
325,2,2019-01-01 00:20:51,2019-01-01 00:29:36,N,1,41,74,1,0.93,7.0,0.5,0.5,0.0,0.0,,0.3,8.3,2,1,
326,2,2019-01-01 00:37:22,2019-01-01 00:45:11,N,1,42,75,1,2.13,8.5,0.5,0.5,0.0,0.0,,0.3,9.8,2,1,
327,2,2019-01-01 00:46:48,2019-01-01 00:59:37,N,1,75,152,1,3.25,12.0,0.5,0.5,2.66,0.0,,0.3,15.96,1,1,
328,2,2019-01-01 00:34:28,2019-01-01 00:55:09,N,1,61,25,1,2.85,15.0,0.5,0.5,0.0,0.0,,0.3,16.3,1,1,
329,1,2019-01-01 00:16:21,2019-01-01 00:41:40,N,1,25,55,2,14.1,39.0,0.5,0.5,0.0,0.0,,0.3,40.3,1,1,
330,2,2019-01-01 00:14:49,2019-01-01 00:22:45,N,1,49,97,1,1.23,7.5,0.5,0.5,0.0,0.0,,0.3,8.8,1,1,
331,2,2019-01-01 00:32:23,2019-01-01 01:27:20,N,1,97,24,1,10.17,41.5,0.5,0.5,8.56,0.0,,0.3,51.36,1,1,
332,1,2019-01-01 00:18:45,2019-01-01 00:23:16,N,1,41,42,1,0.6,5.0,0.5,0.5,0.0,0.0,,0.3,6.3,2,1,
333,1,2019-01-01 00:29:47,2019-01-01 00:52:57,N,1,41,68,1,7.2,24.0,0.5,0.5,15.0,0.0,,0.3,40.3,1,1,
334,2,2019-01-01 00:04:45,2019-01-01 00:31:20,N,1,74,50,2,6.03,24.0,0.5,0.5,0.0,0.0,,0.3,25.3,2,1,
335,2,2019-01-01 00:09:26,2019-01-01 00:17:42,N,1,166,116,1,1.49,8.0,0.5,0.5,1.0,0.0,,0.3,10.3,1,1,
336,2,2018-12-31 23:49:43,2018-12-31 23:55:18,N,1,82,129,1,1.05,6.0,0.5,0.5,0.0,0.0,,0.3,7.3,2,1,
337,2,2019-01-01 00:30:57,2019-01-01 00:36:09,N,1,129,82,1,0.46,5.0,0.5,0.5,0.0,0.0,,0.3,6.3,2,1,
338,2,2019-01-01 00:14:56,2019-01-01 00:36:02,N,1,119,255,1,12.47,34.5,0.5,0.5,0.0,5.76,,0.3,41.56,1,1,
339,1,2019-01-01 00:23:19,2019-01-01 00:41:29,N,1,80,79,1,2.7,13.5,0.5,0.5,3.7,0.0,,0.3,18.5,1,1,
340,1,2019-01-01 00:49:46,2019-01-01 00:57:15,N,1,83,82,1,1.5,7.0,0.5,0.5,0.0,0.0,,0.3,8.3,2,1,
341,2,2019-01-01 00:39:26,2019-01-01 00:47:03,N,1,179,70,5,3.2,11.0,0.5,0.5,0.0,0.0,,0.3,12.3,2,1,
342,2,2019-01-01 00:59:13,2019-01-01 01:22:45,N,1,179,127,5,8.23,26.5,0.5,0.5,0.0,5.76,,0.3,33.56,2,1,
343,2,2019-01-01 00:05:20,2019-01-01 00:14:07,N,1,225,177,1,1.43,8.0,0.5,0.5,0.0,0.0,,0.3,9.3,1,1,
344,2,2019-01-01 00:24:22,2019-01-01 00:41:30,N,1,37,97,1,3.25,14.0,0.5,0.5,1.0,0.0,,0.3,18.25,1,1,
345,2,2019-01-01 00:42:06,2019-01-01 00:57:04,N,1,97,181,1,0.99,10.0,0.5,0.5,2.26,0.0,,0.3,13.56,1,1,
346,2,2019-01-01 00:27:51,2019-01-01 00:37:17,N,1,41,152,1,1.49,8.5,0.5,0.5,0.0,0.0,,0.3,9.8,2,1,
347,2,2019-01-01 00:40:09,2019-01-01 00:51:19,N,1,152,244,1,2.29,10.0,0.5,0.5,0.0,0.0,,0.3,11.3,2,1,
348,2,2019-01-01 00:57:13,2019-01-01 01:03:02,N,1,244,244,1,1.06,6.0,0.5,0.5,0.0,0.0,,0.3,7.3,2,1,
349,2,2019-01-01 00:11:05,2019-01-01 00:13:48,N,1,42,42,1,0.68,4.0,0.5,0.5,0.0,0.0,,0.3,5.3,2,1,
350,2,2019-01-01 00:25:30,2019-01-01 00:31:01,N,1,41,42,1,0.94,6.0,0.5,0.5,0.0,0.0,,0.3,7.3,2,1,
351,2,2019-01-01 00:17:30,2019-01-01 00:23:19,N,1,167,159,1,1.2,6.5,0.5,0.5,0.0,0.0,,0.3,7.8,2,1,
352,2,2019-01-01 00:50:56,2019-01-01 00:58:06,N,1,41,238,1,1.39,7.0,0.5,0.5,1.66,0.0,,0.3,9.96,1,1,
353,1,2019-01-01 00:19:07,2019-01-01 00:28:49,N,1,116,42,1,1.6,9.0,0.5,0.5,0.0,0.0,,0.3,10.3,2,1,
354,1,2019-01-01 00:34:07,2019-01-01 01:05:48,N,1,41,80,1,11.3,35.5,0.5,0.5,10.6,5.76,,0.3,53.16,1,1,
355,2,2019-01-01 00:47:17,2019-01-01 01:00:00,N,1,75,42,1,2.47,11.0,0.5,0.5,2.46,0.0,,0.3,14.76,1,1,
356,2,2019-01-01 00:38:17,2019-01-01 00:38:28,N,1,95,95,1,0.0,-2.5,-0.5,-0.5,0.0,0.0,,-0.3,-3.8,3,1,
357,2,2019-01-01 00:38:17,2019-01-01 00:38:28,N,1,95,95,1,0.0,2.5,0.5,0.5,0.0,0.0,,0.3,3.8,2,1,
358,2,2019-01-01 00:03:18,2019-01-01 00:13:10,N,1,95,121,1,2.49,10.0,0.5,0.5,0.0,0.0,,0.3,11.3,2,1,
359,2,2019-01-01 00:21:11,2019-01-01 00:36:06,N,1,40,227,5,4.94,16.5,0.5,0.5,3.56,0.0,,0.3,21.36,1,1,
360,2,2019-01-01 00:53:08,2019-01-01 01:02:07,N,1,106,257,5,2.63,10.5,0.5,0.5,2.36,0.0,,0.3,16.11,1,1,
361,2,2019-01-01 00:09:28,2019-01-02 00:00:00,N,1,181,211,1,3.59,15.0,0.5,0.5,0.0,0.0,,0.3,16.3,2,1,
362,2,2019-01-01 00:40:01,2019-01-01 01:14:48,N,1,97,246,1,8.59,31.0,0.5,0.5,6.46,0.0,,0.3,38.76,1,1,
363,2,2019-01-01 00:07:14,2019-01-01 00:15:33,N,1,41,41,1,0.85,7.0,0.5,0.5,1.0,0.0,,0.3,9.3,1,1,
364,2,2019-01-01 00:22:49,2019-01-01 00:36:53,N,1,41,263,1,2.76,12.0,0.5,0.5,2.66,0.0,,0.3,15.96,1,1,
365,2,2019-01-01 00:44:36,2019-01-01 00:54:34,N,5,74,42,1,1.58,14.0,0.0,0.0,0.88,0.0,,0.0,14.88,1,2,
366,2,2019-01-01 00:50:02,2019-01-01 01:17:22,N,1,181,61,1,4.1,19.5,0.5,0.5,4.16,0.0,,0.3,26.91,1,1,
367,2,2019-01-01 00:55:26,2019-01-01 01:02:31,N,1,130,130,1,1.05,6.5,0.5,0.5,0.0,0.0,,0.3,7.8,2,1,
368,2,2019-01-01 00:18:50,2019-01-01 00:32:29,N,1,82,56,1,1.67,9.5,0.5,0.5,0.0,0.0,,0.3,10.8,2,1,
369,2,2019-01-01 00:34:11,2019-01-01 00:52:36,N,1,241,244,1,3.79,15.0,0.5,0.5,0.0,0.0,,0.3,16.3,2,1,
370,2,2019-01-01 00:34:22,2019-01-01 00:58:25,N,1,60,81,1,5.66,20.0,0.5,0.5,0.0,0.0,,0.3,21.3,1,1,
371,2,2019-01-01 00:29:56,2019-01-01 00:45:24,N,1,213,51,1,6.37,19.0,0.5,0.5,0.0,0.0,,0.3,20.3,1,1,
372,2,2019-01-01 00:17:47,2019-01-01 00:26:20,N,1,159,168,2,1.36,7.5,0.5,0.5,0.0,0.0,,0.3,8.8,1,1,
373,2,2019-01-01 00:36:14,2019-01-01 00:49:32,N,1,74,116,2,2.73,11.5,0.5,0.5,0.0,0.0,,0.3,12.8,2,1,
374,2,2019-01-01 00:58:08,2019-01-01 01:18:53,N,1,116,70,2,10.19,29.0,0.5,0.5,0.0,5.76,,0.3,36.06,2,1,
375,2,2019-01-01 00:13:39,2019-01-01 00:18:41,N,1,181,189,2,0.79,5.0,0.5,0.5,1.26,0.0,,0.3,7.56,1,1,
376,2,2019-01-01 00:34:50,2019-01-01 01:00:36,N,1,181,195,2,0.27,15.0,0.5,0.5,0.0,0.0,,0.3,16.3,2,1,
377,2,2019-01-01 00:37:49,2019-01-01 00:37:51,N,5,264,181,1,0.06,60.0,0.0,0.0,0.0,0.0,,0.0,60.0,1,2,
378,2,2019-01-01 00:36:04,2019-01-01 00:51:13,N,1,83,95,1,2.91,13.0,0.5,0.5,3.58,0.0,,0.3,17.88,1,1,
379,2,2019-01-01 00:36:50,2019-01-01 00:53:21,N,1,112,198,5,3.47,14.0,0.5,0.5,0.0,0.0,,0.3,15.3,2,1,
380,1,2019-01-01 00:14:07,2019-01-01 00:26:35,N,1,25,97,1,1.7,9.5,0.5,0.5,2.7,0.0,,0.3,13.5,1,1,
381,1,2019-01-01 00:28:21,2019-01-01 00:41:24,N,1,97,33,1,2.3,10.5,0.5,0.5,0.0,0.0,,0.3,11.8,2,1,
382,2,2019-01-01 00:27:50,2019-01-01 00:37:24,N,1,7,193,1,2.02,9.0,0.5,0.5,0.0,0.0,,0.3,10.3,2,1,
383,2,2019-01-01 00:47:05,2019-01-01 01:06:02,N,1,7,112,1,3.4,15.0,0.5,0.5,4.89,0.0,,0.3,21.19,1,1,
384,2,2019-01-01 00:11:12,2019-01-01 00:17:58,N,1,225,61,2,0.89,6.0,0.5,0.5,0.0,0.0,,0.3,7.3,1,1,
385,2,2019-01-01 00:45:26,2019-01-01 00:59:04,N,1,49,188,1,2.92,12.0,0.5,0.5,2.66,0.0,,0.3,15.96,1,1,
386,2,2019-01-01 00:59:50,2019-01-01 01:05:53,N,1,188,85,1,1.13,6.5,0.5,0.5,1.56,0.0,,0.3,9.36,1,1,
387,2,2019-01-01 00:22:35,2019-01-01 00:41:07,N,1,25,225,1,3.76,14.5,0.5,0.5,3.16,0.0,,0.3,18.96,1,1,
388,2,2019-01-01 00:29:56,2019-01-01 00:42:33,N,1,183,259,1,4.58,15.0,0.5,0.5,0.0,0.0,,0.3,16.3,1,1,
389,2,2019-01-01 00:30:58,2019-01-01 00:35:18,N,1,83,83,1,0.95,5.5,0.5,0.5,3.2,0.0,,0.3,10.0,1,1,
390,2,2019-01-01 00:57:37,2019-01-01 01:06:41,N,1,82,70,1,3.02,11.0,0.5,0.5,2.46,0.0,,0.3,14.76,1,1,
391,1,2019-01-01 00:23:06,2019-01-01 00:45:06,N,1,25,61,1,2.5,15.0,0.5,0.5,4.05,0.0,,0.3,20.35,1,1,
392,2,2019-01-01 00:03:29,2019-01-01 00:31:40,N,1,53,7,1,8.32,28.5,0.5,0.5,0.0,0.0,,0.3,29.8,2,1,
393,2,2019-01-01 00:40:54,2019-01-01 01:03:11,N,1,112,211,1,4.03,17.5,0.5,0.5,3.0,0.0,,0.3,21.8,1,1,
394,2,2019-01-01 01:00:44,2019-01-01 01:01:04,N,1,126,126,1,0.15,2.5,0.5,0.5,0.0,0.0,,0.3,3.8,2,1,
395,2,2019-01-01 00:09:23,2019-01-01 00:41:23,N,1,130,130,1,1.89,20.0,0.5,0.5,0.0,0.0,,0.3,21.3,1,1,
396,2,2019-01-01 00:10:39,2019-01-01 00:18:05,N,1,112,256,5,1.05,7.0,0.5,0.5,0.0,0.0,,0.3,8.3,2,1,
397,2,2019-01-01 00:30:40,2019-01-01 00:46:47,N,1,255,228,5,6.87,20.5,0.5,0.5,4.36,0.0,,0.3,26.16,1,1,
398,2,2019-01-01 00:56:56,2019-01-01 01:10:27,N,1,181,257,5,3.0,11.5,0.5,0.5,2.56,0.0,,0.3,15.36,1,1,
399,1,2019-01-01 00:19:00,2019-01-01 00:27:03,N,1,41,152,1,1.3,7.5,0.5,0.5,0.0,0.0,,0.3,8.8,2,1,
400,2,2019-01-01 00:14:03,2019-01-01 00:27:30,N,1,256,17,1,1.69,10.0,0.5,0.5,0.0,0.0,,0.3,11.3,2,1,
401,1,2019-01-01 00:39:18,2019-01-01 00:48:59,N,1,82,95,1,2.1,9.5,0.5,0.5,2.15,0.0,,0.3,12.95,1,1,
402,2,2019-01-01 00:18:40,2019-01-01 00:34:44,N,1,66,231,1,2.33,13.0,0.5,0.5,0.0,0.0,,0.3,14.3,2,1,
403,2,2019-01-01 00:47:27,2019-01-01 01:00:43,N,1,66,125,1,3.18,12.5,0.5,0.5,0.0,0.0,,0.3,13.8,1,1,
404,2,2019-01-01 00:29:06,2019-01-01 00:53:34,N,1,80,62,1,4.51,18.0,0.5,0.5,3.86,0.0,,0.3,23.16,1,1,
405,1,2019-01-01 00:15:17,2019-01-01 00:30:13,N,1,41,127,1,4.8,16.5,0.5,0.5,3.55,0.0,,0.3,21.35,1,1,
406,1,2019-01-01 00:44:40,2019-01-01 00:59:11,N,1,244,166,1,3.6,14.0,0.5,0.5,0.0,0.0,,0.3,15.3,1,1,
407,2,2019-01-01 00:32:51,2019-01-01 00:36:27,N,1,255,256,1,0.7,4.5,0.5,0.5,1.16,0.0,,0.3,6.96,1,1,
408,2,2019-01-01 00:41:19,2019-01-01 00:54:17,N,1,255,17,1,2.48,11.0,0.5,0.5,4.0,0.0,,0.3,16.3,1,1,
409,2,2019-01-01 00:34:47,2019-01-01 01:09:20,N,1,198,91,2,13.01,40.0,0.5,0.5,0.0,0.0,,0.3,41.3,1,1,
410,2,2019-01-01 00:46:23,2019-01-01 00:51:28,N,1,42,120,1,1.81,7.5,0.5,0.5,0.0,0.0,,0.3,8.8,2,1,
411,2,2019-01-01 00:10:00,2019-01-01 00:22:54,N,1,97,80,1,3.44,13.5,0.5,0.5,2.96,0.0,,0.3,17.76,1,1,
412,2,2019-01-01 00:55:59,2019-01-01 01:13:38,N,1,97,80,1,3.83,15.5,0.5,0.5,0.0,0.0,,0.3,16.8,2,1,
413,2,2019-01-01 00:28:03,2019-01-01 00:50:13,N,1,215,76,1,6.35,22.0,0.5,0.5,0.0,0.0,,0.3,23.3,1,1,
414,2,2019-01-01 00:35:12,2019-01-01 00:58:44,N,1,255,25,2,5.98,22.0,0.5,0.5,6.99,0.0,,0.3,30.29,1,1,
415,2,2019-01-01 00:29:48,2019-01-01 00:37:45,N,1,112,255,5,1.14,7.0,0.5,0.5,1.66,0.0,,0.3,9.96,1,1,
416,2,2019-01-01 00:46:54,2019-01-01 01:11:26,N,1,112,42,6,7.88,25.0,0.5,0.5,0.0,0.0,,0.3,26.3,2,1,
417,1,2019-01-01 00:14:00,2019-01-01 00:47:31,N,1,14,56,1,17.5,47.5,0.5,0.5,0.0,0.0,,0.3,48.8,1,1,
418,1,2019-01-01 00:51:33,2019-01-01 00:56:37,N,1,82,160,1,0.8,5.5,0.5,0.5,0.0,0.0,,0.3,6.8,2,1,
419,2,2019-01-01 00:46:52,2019-01-01 01:15:56,N,1,254,75,2,11.87,35.0,0.5,0.5,0.0,0.0,,0.3,36.3,1,1,
420,2,2019-01-01 00:14:46,2019-01-01 00:31:06,N,1,42,143,1,5.07,16.5,0.5,0.5,0.0,0.0,,0.3,17.8,2,1,
421,2,2019-01-01 00:49:23,2019-01-01 00:52:17,N,1,166,166,1,0.61,4.5,0.5,0.5,0.0,0.0,,0.3,5.8,2,1,
422,2,2019-01-01 00:54:45,2019-01-01 01:19:14,N,1,166,141,1,5.09,18.0,0.5,0.5,3.86,0.0,,0.3,23.16,1,1,
423,2,2019-01-01 01:00:12,2019-01-01 01:08:25,N,1,181,106,1,1.27,7.5,0.5,0.5,2.64,0.0,,0.3,11.44,1,1,
424,2,2019-01-01 00:13:22,2019-01-01 00:27:14,N,1,33,256,1,5.36,17.0,0.5,0.5,3.66,0.0,,0.3,21.96,1,1,
425,2,2019-01-01 00:44:35,2019-01-01 01:14:14,N,1,97,140,1,8.67,29.5,0.5,0.5,6.16,0.0,,0.3,36.96,1,1,
426,2,2019-01-01 00:07:00,2019-01-01 00:27:11,N,1,66,107,6,5.92,20.5,0.5,0.5,4.36,0.0,,0.3,26.16,1,1,
427,2,2019-01-01 00:50:06,2019-01-01 01:13:49,N,1,33,145,6,6.49,23.0,0.5,0.5,4.86,0.0,,0.3,31.11,1,1,
428,2,2019-01-01 00:19:22,2019-01-01 00:40:00,N,1,177,91,1,4.14,17.0,0.5,0.5,0.0,0.0,,0.3,18.3,1,1,
429,2,2019-01-01 00:56:27,2019-01-01 01:42:46,N,1,39,119,1,24.45,67.0,0.5,0.5,0.0,5.76,,0.3,74.06,1,1,
430,2,2019-01-01 00:04:50,2019-01-01 00:13:06,N,1,7,179,1,1.18,7.0,0.5,0.5,0.0,0.0,,0.3,8.3,2,1,
431,2,2019-01-01 00:08:13,2019-01-01 00:24:45,N,1,255,140,1,4.68,16.0,0.5,0.5,5.19,0.0,,0.3,22.49,1,1,
432,2,2019-01-01 00:42:39,2019-01-01 00:55:20,N,1,112,148,1,3.81,14.0,0.5,0.5,3.06,0.0,,0.3,18.36,1,1,
433,1,2019-01-01 00:44:03,2019-01-01 00:58:07,N,1,75,159,1,3.0,12.0,0.5,0.5,0.0,0.0,,0.3,13.3,2,1,
434,1,2019-01-01 00:20:14,2019-01-01 00:53:04,N,1,181,90,2,5.1,24.5,0.5,0.5,5.15,0.0,,0.3,30.95,1,1,
435,2,2019-01-01 00:08:39,2019-01-01 00:36:29,N,1,181,263,1,10.1,30.5,0.5,0.5,6.36,0.0,,0.3,38.16,1,1,
436,2,2018-12-31 23:17:48,2018-12-31 23:23:26,N,1,7,179,1,0.91,5.5,0.5,0.5,0.0,0.0,,0.3,6.8,2,1,
437,2,2019-01-01 00:15:18,2019-01-01 00:21:44,N,1,260,157,2,1.31,6.5,0.5,0.5,0.0,0.0,,0.3,7.8,2,1,
438,2,2019-01-01 00:05:11,2019-01-01 00:17:55,N,1,61,63,1,2.67,10.5,0.5,0.5,0.0,0.0,,0.3,11.8,2,1,
439,2,2019-01-01 00:27:29,2019-01-01 00:41:03,N,1,177,76,1,2.65,11.0,0.5,0.5,0.0,0.0,,0.3,12.3,2,1,
440,2,2019-01-01 00:45:19,2019-01-01 00:56:27,N,1,76,77,1,1.8,9.5,0.5,0.5,0.0,0.0,,0.3,10.8,2,1,
441,1,2019-01-01 00:03:07,2019-01-01 00:13:49,N,1,82,129,1,1.6,9.0,0.5,0.5,0.0,0.0,,0.3,10.3,2,1,
442,2,2019-01-01 00:12:20,2019-01-01 00:27:19,N,1,24,127,1,5.85,18.5,0.5,0.5,0.0,0.0,,0.3,19.8,2,1,
443,2,2019-01-01 00:48:00,2019-01-01 00:50:26,N,1,244,244,1,0.47,4.0,0.5,0.5,1.59,0.0,,0.3,6.89,1,1,
444,2,2019-01-01 00:24:27,2019-01-01 00:32:13,N,1,166,116,1,1.24,7.5,0.5,0.5,2.25,0.0,,0.3,11.05,1,1,
445,2,2019-01-01 00:56:14,2019-01-01 01:04:23,N,1,41,238,1,1.59,8.0,0.5,0.5,1.86,0.0,,0.3,11.16,1,1,
446,1,2019-01-01 00:13:02,2019-01-01 00:15:24,N,1,255,255,1,0.3,3.5,0.5,0.5,0.95,0.0,,0.3,5.75,1,1,
447,1,2019-01-01 00:17:39,2019-01-01 00:19:12,N,1,255,255,1,0.3,3.0,0.5,0.5,0.0,0.0,,0.3,4.3,2,1,
448,1,2019-01-01 00:22:02,2019-01-01 00:41:34,N,1,255,257,2,7.8,23.5,0.5,0.5,0.0,0.0,,0.3,24.8,2,1,
449,1,2019-01-01 00:51:06,2019-01-01 00:55:18,N,1,181,181,1,0.9,5.5,0.5,0.5,0.0,0.0,,0.3,6.8,2,1,
450,2,2019-01-01 00:16:02,2019-01-01 00:40:30,N,1,37,76,1,3.73,17.5,0.5,0.5,0.0,0.0,,0.3,18.8,1,1,
451,2,2019-01-01 00:08:19,2019-01-01 00:12:33,N,1,7,7,1,0.79,5.0,0.5,0.5,0.0,0.0,,0.3,6.3,2,1,
452,2,2019-01-01 00:38:47,2019-01-01 00:42:41,N,1,7,7,1,0.56,4.5,0.5,0.5,0.0,0.0,,0.3,5.8,2,1,
453,2,2019-01-01 00:12:40,2019-01-01 00:21:36,N,1,16,171,1,1.81,8.5,0.5,0.5,0.0,0.0,,0.3,9.8,1,1,
454,2,2019-01-01 00:17:32,2019-01-01 00:30:58,N,1,76,77,1,1.61,10.0,0.5,0.5,0.0,0.0,,0.3,11.3,1,1,
455,2,2019-01-01 00:50:51,2019-01-01 01:07:14,N,1,222,35,1,2.4,12.5,0.5,0.5,0.0,0.0,,0.3,13.8,1,1,
456,2,2019-01-01 00:52:08,2019-01-01 01:10:00,N,1,112,211,1,4.78,17.5,0.5,0.5,10.0,0.0,,0.3,28.8,1,1,
457,2,2019-01-01 00:22:43,2019-01-01 00:46:09,N,1,181,90,2,4.81,19.5,0.5,0.5,4.16,0.0,,0.3,24.96,1,1,
458,2,2018-12-31 23:50:11,2019-01-01 00:03:37,N,1,25,148,1,2.9,12.0,0.5,0.5,2.66,0.0,,0.3,15.96,1,1,
459,2,2019-01-01 00:37:23,2019-01-01 00:50:11,N,1,97,33,1,1.22,9.0,0.5,0.5,2.58,0.0,,0.3,12.88,1,1,
460,2,2019-01-01 01:00:45,2019-01-01 01:04:02,N,1,40,54,6,0.63,-4.0,-0.5,-0.5,0.0,0.0,,-0.3,-5.3,3,1,
461,2,2019-01-01 01:00:45,2019-01-01 01:04:02,N,1,40,54,6,0.63,4.0,0.5,0.5,0.0,0.0,,0.3,5.3,2,1,
462,2,2019-01-01 00:27:35,2019-01-01 00:34:14,N,1,260,129,1,1.58,7.0,0.5,0.5,0.0,0.0,,0.3,8.3,2,1,
463,2,2019-01-01 00:51:00,2019-01-01 01:11:24,N,1,173,197,1,6.52,21.0,0.5,0.5,0.0,0.0,,0.3,22.3,2,1,
464,2,2019-01-01 00:20:52,2019-01-01 00:27:15,N,1,129,226,2,1.3,6.5,0.5,0.5,0.0,0.0,,0.3,7.8,2,1,
465,2,2019-01-01 01:00:30,2019-01-01 01:09:26,N,1,7,7,2,1.44,7.5,0.5,0.5,1.0,0.0,,0.3,9.8,1,1,
466,2,2019-01-01 00:26:00,2019-01-01 00:29:27,N,1,212,182,5,0.41,4.0,0.5,0.5,0.0,0.0,,0.3,5.3,1,1,
467,2,2019-01-01 00:17:41,2019-01-01 01:00:11,N,1,33,142,1,10.42,36.5,0.5,0.5,0.0,0.0,,0.3,37.8,2,1,
468,2,2019-01-01 00:10:09,2019-01-01 00:31:20,N,1,82,75,1,12.04,33.0,0.5,0.5,0.0,5.76,,0.3,40.06,2,1,
469,2,2019-01-01 00:52:43,2019-01-01 00:57:16,N,1,226,260,1,0.9,5.5,0.5,0.5,0.0,0.0,,0.3,6.8,2,1,
470,2,2019-01-01 00:25:52,2019-01-01 01:28:10,N,1,85,208,1,24.17,73.0,0.5,0.5,0.0,5.76,,0.3,80.06,2,1,
471,1,2019-01-01 00:24:05,2019-01-01 00:29:32,N,1,223,223,1,1.3,6.5,0.5,0.5,0.0,0.0,,0.3,7.8,2,1,
472,1,2019-01-01 00:46:32,2019-01-01 00:55:14,N,1,223,7,1,1.5,7.5,0.5,0.5,0.0,0.0,,0.3,8.8,2,1,
473,2,2019-01-01 00:07:29,2019-01-01 00:30:20,N,1,181,145,1,7.44,24.0,0.5,0.5,6.32,0.0,,0.3,31.62,1,1,
474,2,2019-01-01 00:35:19,2019-01-01 00:40:48,N,1,145,145,1,0.88,5.0,0.5,0.5,0.0,0.0,,0.3,6.3,2,1,
475,2,2019-01-01 00:24:21,2019-01-01 00:28:27,N,1,36,80,1,0.65,5.0,0.5,0.5,1.26,0.0,,0.3,7.56,1,1,
476,2,2019-01-01 00:34:32,2019-01-01 00:47:57,N,1,80,255,1,2.38,11.0,0.5,0.5,3.08,0.0,,0.3,15.38,1,1,
477,2,2019-01-01 00:53:34,2019-01-01 00:53:40,N,5,255,255,1,0.17,30.0,0.0,0.0,6.0,0.0,,0.0,36.0,1,2,
478,2,2019-01-01 00:03:49,2019-01-01 00:11:32,N,1,95,121,1,1.97,9.0,0.5,0.5,0.0,0.0,,0.3,10.3,2,1,
479,2,2019-01-01 00:12:46,2019-01-01 00:32:28,N,1,121,256,1,9.49,28.5,0.5,0.5,0.0,0.0,,0.3,29.8,2,1,
480,2,2019-01-01 00:43:10,2019-01-01 00:47:33,N,1,255,256,1,0.64,5.0,0.5,0.5,0.0,0.0,,0.3,6.3,2,1,
481,2,2019-01-01 00:52:52,2019-01-01 01:01:42,N,1,255,256,1,1.39,7.5,0.5,0.5,1.76,0.0,,0.3,10.56,1,1,
482,2,2019-01-01 01:02:59,2019-01-01 01:33:27,N,1,256,263,1,7.59,26.5,0.5,0.5,10.0,0.0,,0.3,37.8,1,1,
483,2,2019-01-01 00:24:33,2019-01-01 00:51:50,N,1,259,175,1,14.6,41.0,0.5,0.5,0.0,5.76,,0.3,48.06,1,1,
484,2,2019-01-01 00:39:12,2019-01-01 00:59:43,N,1,166,68,1,6.48,21.5,0.5,0.5,0.0,0.0,,0.3,22.8,2,1,
485,2,2019-01-01 00:22:41,2019-01-01 00:41:42,N,1,75,167,1,4.18,16.0,0.5,0.5,0.0,0.0,,0.3,17.3,2,1,
486,2,2019-01-01 00:12:48,2019-01-01 00:20:39,N,1,255,80,1,1.18,6.5,0.5,0.5,0.0,0.0,,0.3,7.8,2,1,
487,2,2019-01-01 00:34:40,2019-01-01 00:38:21,N,1,255,112,1,0.78,4.5,0.5,0.5,1.16,0.0,,0.3,6.96,1,1,
488,2,2019-01-01 00:46:36,2019-01-01 00:57:32,N,1,112,148,1,3.55,12.5,0.5,0.5,1.2,0.0,,0.3,15.0,1,1,
489,2,2019-01-01 00:27:27,2019-01-01 00:45:17,N,1,25,234,1,4.13,16.0,0.5,0.5,3.46,0.0,,0.3,20.76,1,1,
490,2,2019-01-01 00:30:19,2019-01-01 00:43:16,N,1,260,56,1,2.54,11.0,0.5,0.5,0.0,0.0,,0.3,12.3,2,1,
491,1,2019-01-01 00:59:10,2019-01-01 01:10:16,N,1,7,237,1,3.2,11.5,0.5,0.5,5.0,0.0,,0.3,17.8,1,1,
492,2,2019-01-01 00:19:49,2019-01-01 00:49:29,N,1,24,107,1,6.83,25.5,0.5,0.5,0.0,0.0,,0.3,26.8,2,1,
493,2,2019-01-01 00:25:23,2019-01-01 00:31:04,N,1,166,238,1,1.17,6.5,0.5,0.5,1.17,0.0,,0.3,8.97,1,1,
494,2,2019-01-01 00:43:25,2019-01-01 00:54:24,N,1,166,236,1,2.22,10.0,0.5,0.5,2.26,0.0,,0.3,13.56,1,1,
495,2,2019-01-01 00:57:50,2019-01-01 01:09:08,N,1,75,141,1,2.41,10.0,0.5,0.5,2.26,0.0,,0.3,13.56,1,1,
496,2,2019-01-01 00:04:00,2019-01-01 00:07:42,N,1,95,95,2,0.6,4.5,0.5,0.5,0.0,0.0,,0.3,5.8,2,1,
497,2,2019-01-01 00:30:14,2019-01-01 00:36:51,N,1,95,95,2,1.6,7.5,0.5,0.5,0.0,0.0,,0.3,8.8,2,1,
498,2,2019-01-01 01:00:38,2019-01-01 01:05:29,N,1,95,95,2,0.96,5.5,0.5,0.5,0.0,0.0,,0.3,6.8,2,1,
499,2,2019-01-01 00:12:06,2019-01-01 00:24:31,N,1,75,162,5,3.32,12.0,0.5,0.5,0.0,0.0,,0.3,13.3,1,1,
500,2,2019-01-01 00:35:27,2019-01-01 00:54:07,N,1,75,48,5,3.87,15.5,0.5,0.5,0.0,0.0,,0.3,16.8,2,1,
501,2,2019-01-01 00:14:05,2019-01-01 00:42:25,N,1,167,51,1,9.55,30.0,0.5,0.5,0.0,0.0,,0.3,31.3,1,1,
502,2,2019-01-01 00:31:31,2019-01-01 01:05:49,N,1,41,51,1,11.62,36.5,0.5,0.5,0.0,0.0,,0.3,37.8,1,1,
503,2,2019-01-01 00:56:46,2019-01-01 01:03:18,N,1,255,112,1,0.84,6.0,0.5,0.5,1.46,0.0,,0.3,8.76,1,1,
504,2,2019-01-01 00:59:31,2019-01-01 01:41:54,N,1,102,165,1,7.14,29.0,0.5,0.5,0.0,0.0,,0.3,30.3,2,1,
505,2,2019-01-01 00:19:59,2019-01-01 00:29:52,N,1,33,13,5,4.04,13.5,0.5,0.5,2.96,0.0,,0.3,17.76,1,1,
506,2,2019-01-01 00:25:41,2019-01-01 00:31:57,N,1,82,260,1,1.83,8.0,0.5,0.5,1.86,0.0,,0.3,11.16,1,1,
507,2,2019-01-01 00:35:47,2019-01-01 00:46:49,N,1,83,56,1,2.15,9.5,0.5,0.5,0.0,0.0,,0.3,10.8,2,1,
508,2,2019-01-01 00:48:59,2019-01-01 01:16:59,N,1,35,215,1,9.17,28.5,0.5,0.5,0.0,0.0,,0.3,29.8,1,1,
509,2,2019-01-01 00:50:59,2019-01-01 01:08:25,N,1,82,130,1,5.6,18.5,0.5,0.5,3.96,0.0,,0.3,23.76,1,1,
510,2,2019-01-01 00:27:48,2019-01-01 00:40:56,N,1,112,223,5,6.46,19.5,0.5,0.5,4.16,0.0,,0.3,24.96,1,1,
511,2,2019-01-01 00:59:48,2019-01-01 01:06:42,N,1,7,226,5,1.97,8.0,0.5,0.5,0.0,0.0,,0.3,9.3,2,1,
512,2,2019-01-01 00:23:34,2019-01-01 00:39:31,N,1,94,241,1,2.65,12.0,0.5,0.5,0.0,0.0,,0.3,13.3,2,1,
513,2,2019-01-01 01:03:49,2019-01-01 01:08:15,N,1,95,95,1,0.72,5.0,0.5,0.5,0.0,0.0,,0.3,6.3,2,1,
514,2,2019-01-01 00:13:39,2019-01-01 00:26:16,N,1,42,119,6,2.52,11.0,0.5,0.5,0.0,0.0,,0.3,12.3,2,1,
515,2,2019-01-01 00:34:21,2019-01-01 00:42:38,N,1,42,41,6,1.45,8.0,0.5,0.5,0.0,0.0,,0.3,9.3,2,1,
516,2,2019-01-01 00:46:15,2019-01-01 00:55:25,N,1,41,75,6,2.19,9.0,0.5,0.5,0.0,0.0,,0.3,10.3,2,1,
517,2,2019-01-01 00:33:58,2019-01-01 01:06:23,N,1,37,89,1,5.04,22.0,0.5,0.5,0.0,0.0,,0.3,23.3,1,1,
518,2,2019-01-01 00:33:36,2019-01-01 01:11:07,N,1,256,164,1,7.61,29.5,0.5,0.5,0.0,0.0,,0.3,30.8,1,1,
519,2,2019-01-01 00:10:36,2019-01-01 00:24:27,N,1,41,229,1,5.48,17.5,0.5,0.5,3.76,0.0,,0.3,22.56,1,1,
520,2,2019-01-01 00:32:51,2019-01-01 01:00:58,N,1,76,49,1,5.9,22.0,0.5,0.5,0.0,0.0,,0.3,23.3,1,1,
521,2,2019-01-01 00:25:49,2019-01-01 00:32:50,N,1,129,260,1,0.96,6.5,0.5,0.5,2.34,0.0,,0.3,10.14,1,1,
522,2,2019-01-01 00:32:47,2019-01-01 00:52:34,N,1,129,145,1,3.5,15.5,0.5,0.5,0.0,0.0,,0.3,16.8,2,1,
523,2,2019-01-01 00:34:11,2019-01-01 00:52:39,N,1,7,173,5,3.49,15.0,0.5,0.5,0.0,0.0,,0.3,16.3,2,1,
524,2,2019-01-01 00:22:00,2019-01-01 00:27:45,N,1,25,33,1,0.51,5.5,0.5,0.5,0.0,0.0,,0.3,6.8,2,1,
525,2,2019-01-01 00:37:35,2019-01-01 00:57:45,N,1,40,112,1,5.47,19.0,0.5,0.5,5.08,0.0,,0.3,25.38,1,1,
526,2,2019-01-01 01:03:02,2019-01-01 01:22:15,N,1,112,189,1,4.27,16.5,0.5,0.5,5.34,0.0,,0.3,23.14,1,1,
527,2,2019-01-01 00:15:10,2019-01-01 00:21:19,N,1,95,95,1,1.15,6.5,0.5,0.5,1.56,0.0,,0.3,9.36,1,1,
528,2,2019-01-01 00:24:29,2019-01-01 00:35:18,N,1,95,102,1,3.26,12.0,0.5,0.5,2.66,0.0,,0.3,15.96,1,1,
529,2,2019-01-01 00:46:38,2019-01-01 00:55:20,N,1,95,70,1,4.11,13.5,0.5,0.5,3.7,0.0,,0.3,18.5,1,1,
530,2,2019-01-01 00:46:38,2019-01-01 00:52:30,N,1,49,61,2,1.06,6.0,0.5,0.5,1.82,0.0,,0.3,9.12,1,1,
531,2,2019-01-01 00:29:11,2019-01-01 00:31:20,N,1,179,179,1,0.44,-3.5,-0.5,-0.5,0.0,0.0,,-0.3,-4.8,3,1,
532,2,2019-01-01 00:29:11,2019-01-01 00:31:20,N,1,179,179,1,0.44,3.5,0.5,0.5,0.0,0.0,,0.3,4.8,2,1,
533,2,2019-01-01 00:41:57,2019-01-01 01:03:29,N,1,129,28,4,6.63,22.0,0.5,0.5,4.66,0.0,,0.3,27.96,1,1,
534,2,2019-01-01 00:19:20,2019-01-01 00:23:07,N,1,225,225,1,0.61,4.5,0.5,0.5,0.0,0.0,,0.3,5.8,1,1,
535,2,2019-01-01 00:14:34,2019-01-01 00:25:29,N,1,61,65,1,2.46,10.5,0.5,0.5,0.0,0.0,,0.3,11.8,2,1,
536,2,2019-01-01 00:31:51,2019-01-01 00:54:34,N,1,97,107,1,6.39,22.5,0.5,0.5,4.76,0.0,,0.3,28.56,1,1,
537,2,2019-01-01 00:18:35,2019-01-01 00:22:18,N,1,95,134,1,1.16,5.5,0.5,0.5,2.04,0.0,,0.3,8.84,1,1,
538,2,2019-01-01 00:25:27,2019-01-01 00:36:24,N,1,134,196,1,2.55,11.0,0.5,0.5,2.46,0.0,,0.3,14.76,1,1,
539,1,2019-01-01 00:31:19,2019-01-01 00:46:50,N,1,17,37,2,2.6,12.0,0.5,0.5,0.0,0.0,,0.3,13.3,1,1,
540,2,2019-01-01 00:52:17,2019-01-01 01:17:12,N,1,25,71,5,4.69,19.0,0.5,0.5,0.0,0.0,,0.3,20.3,1,1,
541,2,2019-01-01 00:15:31,2019-01-01 00:21:19,N,1,82,129,1,1.27,6.0,0.5,0.5,0.0,0.0,,0.3,7.3,2,1,
542,2,2019-01-01 00:45:15,2019-01-01 00:51:23,N,1,173,82,1,1.0,5.5,0.5,0.5,0.0,0.0,,0.3,6.8,2,1,
543,2,2019-01-01 00:56:35,2019-01-01 01:04:36,N,1,129,173,1,1.33,7.0,0.5,0.5,0.0,0.0,,0.3,8.3,2,1,
544,2,2019-01-01 00:05:50,2019-01-01 00:46:29,N,1,181,151,1,12.18,40.0,0.5,0.5,0.0,0.0,,0.3,41.3,2,1,
545,2,2019-01-01 00:10:54,2019-01-01 00:20:30,N,1,41,75,1,0.94,7.5,0.5,0.5,0.0,0.0,,0.3,8.8,1,1,
546,2,2019-01-01 00:44:17,2019-01-01 00:56:28,N,1,42,168,1,2.08,10.0,0.5,0.5,0.0,0.0,,0.3,11.3,2,1,
547,1,2019-01-01 00:24:42,2019-01-01 00:28:15,N,1,129,129,1,0.8,4.5,0.5,0.5,5.0,0.0,,0.3,10.8,1,1,
548,2,2019-01-01 00:44:53,2019-01-01 01:01:43,N,1,7,129,2,3.27,13.5,0.5,0.5,0.0,0.0,,0.3,14.8,2,1,
549,2,2019-01-01 00:34:36,2019-01-01 00:50:42,N,5,129,258,1,4.67,30.0,0.0,0.0,0.0,0.0,,0.0,30.0,2,2,
550,2,2019-01-01 00:35:45,2019-01-01 00:44:17,N,1,256,148,1,2.44,9.5,0.5,0.5,1.62,0.0,,0.3,12.42,1,1,
551,2,2019-01-01 00:55:54,2019-01-01 01:14:28,N,1,256,37,1,2.92,14.0,0.5,0.5,0.0,0.0,,0.3,15.3,2,1,
552,2,2019-01-01 00:29:48,2019-01-01 01:30:56,N,1,74,108,3,25.03,71.0,0.5,0.5,0.0,0.0,,0.3,72.3,1,1,
553,2,2019-01-01 00:18:26,2019-01-01 00:21:18,N,1,145,145,1,0.27,-4.0,-0.5,-0.5,0.0,0.0,,-0.3,-5.3,3,1,
554,2,2019-01-01 00:18:26,2019-01-01 00:21:18,N,1,145,145,1,0.27,4.0,0.5,0.5,0.0,0.0,,0.3,5.3,2,1,
555,2,2019-01-01 00:22:47,2019-01-01 00:35:29,N,1,145,237,1,3.45,13.0,0.5,0.5,2.86,0.0,,0.3,17.16,1,1,
556,2,2019-01-01 00:40:29,2019-01-01 00:45:32,N,1,75,75,1,0.9,5.5,0.5,0.5,1.0,0.0,,0.3,7.8,1,1,
557,2,2019-01-01 00:59:37,2019-01-01 01:15:51,N,1,74,60,1,5.26,17.5,0.5,0.5,0.0,0.0,,0.3,18.8,1,1,
558,2,2019-01-01 00:37:58,2019-01-01 01:16:25,N,1,17,10,5,15.3,45.0,0.5,0.5,0.0,0.0,,0.3,46.3,1,1,
559,1,2019-01-01 00:08:19,2019-01-01 00:27:05,N,1,181,37,1,3.6,15.0,0.5,0.5,0.0,0.0,,0.3,16.3,2,1,
560,1,2019-01-01 00:51:44,2019-01-01 01:12:52,N,1,25,37,3,3.4,15.5,0.5,0.5,3.35,0.0,,0.3,20.15,1,1,
561,1,2019-01-01 00:14:02,2019-01-01 00:23:48,N,1,24,236,2,2.3,10.0,0.5,0.5,0.0,0.0,,0.3,11.3,2,1,
562,1,2019-01-01 00:30:48,2019-01-01 00:36:05,N,1,74,75,2,1.1,6.0,0.5,0.5,0.0,0.0,,0.3,7.3,2,1,
563,1,2019-01-01 00:41:55,2019-01-01 00:57:44,N,1,74,169,1,5.3,18.0,0.5,0.5,5.0,0.0,,0.3,24.3,1,1,
564,1,2019-01-01 00:11:19,2019-01-01 00:12:29,N,1,7,7,1,0.2,3.0,0.5,0.5,0.0,0.0,,0.3,4.3,2,1,
565,2,2019-01-01 00:11:26,2019-01-01 01:06:38,N,1,193,222,1,9.92,38.5,0.5,0.5,0.0,0.0,,0.3,39.8,1,1,
566,2,2019-01-01 00:41:49,2019-01-01 00:41:51,N,5,220,220,2,0.0,50.0,0.0,0.0,5.0,0.0,,0.0,55.0,1,2,
567,2,2019-01-01 00:22:01,2019-01-01 00:24:36,N,1,7,179,1,0.61,4.0,0.5,0.5,0.0,0.0,,0.3,5.3,2,1,
568,2,2019-01-01 00:29:53,2019-01-01 01:04:57,N,1,7,113,1,5.81,25.0,0.5,0.5,0.0,0.0,,0.3,26.3,2,1,
569,1,2019-01-01 00:03:12,2019-01-01 00:05:30,N,1,41,41,1,0.4,3.5,0.5,0.5,1.4,0.0,,0.3,6.2,1,1,
570,1,2019-01-01 00:12:31,2019-01-01 00:22:38,N,1,41,74,1,1.5,8.5,0.5,0.5,0.0,0.0,,0.3,9.8,1,1,
571,1,2019-01-01 00:31:03,2019-01-01 00:47:43,N,1,41,235,1,4.1,15.0,0.5,0.5,0.0,0.0,,0.3,16.3,2,1,
572,2,2019-01-01 01:36:19,2019-01-01 01:57:44,N,1,145,216,5,12.97,35.5,0.5,0.5,2.0,0.0,,0.3,38.8,1,1,
573,2,2019-01-01 00:15:21,2019-01-01 00:35:32,N,1,74,51,5,10.26,29.0,0.5,0.5,0.0,0.0,,0.3,30.3,1,1,
574,2,2019-01-01 00:17:26,2019-01-01 00:41:51,N,1,65,225,3,5.07,19.0,0.5,0.5,4.06,0.0,,0.3,24.36,1,1,
575,2,2019-01-01 00:52:59,2019-01-01 01:23:45,N,1,225,137,4,6.39,24.0,0.5,0.5,2.53,0.0,,0.3,29.78,1,1,
576,2,2019-01-01 00:47:14,2019-01-01 00:50:55,N,1,179,7,1,0.87,5.0,0.5,0.5,1.26,0.0,,0.3,7.56,1,1,
577,2,2019-01-01 00:05:16,2019-01-01 00:36:39,N,1,181,39,1,6.21,24.0,0.5,0.5,0.0,0.0,,0.3,25.3,2,1,
578,2,2019-01-01 00:32:32,2019-01-01 00:41:20,N,1,41,75,1,1.74,8.5,0.5,0.5,0.0,0.0,,0.3,9.8,2,1,
579,2,2019-01-01 00:50:47,2019-01-01 01:22:05,N,1,41,265,1,9.27,31.5,0.5,0.5,27.8,0.0,,0.3,60.6,1,1,
580,2,2018-12-31 23:35:41,2018-12-31 23:42:07,N,1,112,112,1,0.9,6.0,0.5,0.5,2.0,0.0,,0.3,9.3,1,1,
581,2,2019-01-01 00:30:35,2019-01-01 00:39:47,N,1,145,7,1,2.71,10.0,0.5,0.5,2.26,0.0,,0.3,13.56,1,1,
582,2,2019-01-01 00:16:00,2019-01-01 00:21:17,N,1,41,42,1,0.96,6.0,0.5,0.5,0.0,0.0,,0.3,7.3,2,1,
583,2,2019-01-01 00:32:48,2019-01-01 00:50:02,N,1,42,151,1,2.61,13.5,0.5,0.5,0.0,0.0,,0.3,14.8,1,1,
584,2,2019-01-01 00:24:38,2019-01-01 00:54:01,N,1,193,130,1,11.13,34.0,0.5,0.5,0.0,0.0,,0.3,35.3,1,1,
585,2,2019-01-01 00:12:09,2019-01-01 00:13:19,N,1,7,7,5,0.25,3.0,0.5,0.5,0.0,0.0,,0.3,4.3,2,1,
586,2,2019-01-01 00:18:20,2019-01-01 00:25:40,N,1,7,129,5,1.95,8.0,0.5,0.5,0.0,0.0,,0.3,9.3,2,1,
587,2,2019-01-01 00:40:40,2019-01-01 00:49:36,N,1,7,223,5,1.87,8.5,0.5,0.5,0.0,0.0,,0.3,9.8,2,1,
588,2,2019-01-01 00:29:23,2019-01-01 00:46:46,N,1,255,61,1,3.6,14.0,0.5,0.5,0.0,0.0,,0.3,15.3,2,1,
589,2,2019-01-01 00:50:05,2019-01-01 01:31:55,N,1,61,237,1,9.01,33.5,0.5,0.5,6.96,0.0,,0.3,41.76,1,1,
590,1,2019-01-01 00:54:38,2019-01-01 00:59:10,N,1,75,74,1,0.9,5.5,0.5,0.5,1.35,0.0,,0.3,8.15,1,1,
591,2,2019-01-01 00:14:59,2019-01-01 00:43:07,N,1,76,49,1,5.35,22.0,0.5,0.5,0.0,0.0,,0.3,23.3,1,1,
592,2,2019-01-01 00:56:53,2019-01-01 01:04:09,N,1,65,106,1,1.28,6.5,0.5,0.5,0.0,0.0,,0.3,7.8,2,1,
593,1,2019-01-01 00:38:28,2019-01-01 00:50:37,N,1,25,65,1,0.8,8.5,0.5,0.5,0.0,0.0,,0.3,9.8,2,1,
594,1,2019-01-01 00:57:58,2019-01-01 01:02:37,N,1,33,40,1,1.1,6.0,0.5,0.5,0.0,0.0,,0.3,7.3,2,1,
595,1,2019-01-01 00:15:23,2019-01-01 00:26:11,N,1,29,165,2,2.8,11.0,0.5,0.5,1.0,0.0,,0.3,13.3,1,1,
596,2,2019-01-01 00:43:58,2019-01-01 01:43:20,N,1,51,85,1,21.51,66.0,0.5,0.5,0.0,5.76,,0.3,73.06,1,1,
597,2,2019-01-01 00:29:22,2019-01-01 00:59:16,N,1,181,112,1,6.66,25.5,0.5,0.5,0.0,0.0,,0.3,26.8,2,1,
598,2,2019-01-01 01:06:34,2019-01-01 01:19:34,N,1,112,7,1,3.27,13.0,0.5,0.5,2.86,0.0,,0.3,19.11,1,1,
599,2,2019-01-01 00:43:21,2019-01-01 00:47:00,N,1,223,223,1,0.66,4.5,0.5,0.5,0.0,0.0,,0.3,5.8,2,1,
600,2,2019-01-01 00:53:23,2019-01-01 01:01:29,N,1,223,260,1,1.48,7.5,0.5,0.5,1.32,0.0,,0.3,10.12,1,1,
601,2,2019-01-01 00:51:18,2019-01-01 01:00:50,N,1,129,70,1,1.83,9.0,0.5,0.5,0.0,0.0,,0.3,10.3,2,1,
602,2,2019-01-01 00:33:47,2019-01-01 00:46:45,N,1,28,56,1,4.45,15.0,0.5,0.5,3.26,0.0,,0.3,21.51,1,1,
603,2,2019-01-01 00:16:13,2019-01-01 00:36:18,N,1,61,91,1,3.69,16.0,0.5,0.5,0.0,0.0,,0.3,17.3,1,1,
604,1,2019-01-01 00:05:25,2019-01-01 00:13:28,N,1,95,121,1,2.2,9.5,0.5,0.5,0.0,0.0,,0.3,10.8,2,1,
605,2,2019-01-01 00:18:20,2019-01-01 00:42:20,N,1,122,219,5,7.64,25.0,0.5,0.5,0.0,0.0,,0.3,26.3,1,1,
606,2,2019-01-01 01:00:30,2019-01-01 01:27:27,N,1,216,117,5,9.43,29.5,0.5,0.5,0.0,0.0,,0.3,30.8,1,1,
607,2,2019-01-01 00:52:32,2019-01-01 01:06:19,N,1,82,7,1,3.48,13.5,0.5,0.5,0.0,0.0,,0.3,14.8,2,1,
608,2,2019-01-01 00:05:33,2019-01-01 00:10:12,N,1,119,119,2,0.47,5.0,0.5,0.5,0.0,0.0,,0.3,6.3,1,1,
609,2,2019-01-01 00:25:35,2019-01-01 00:51:46,N,1,189,79,1,4.78,20.5,0.5,0.5,4.36,0.0,,0.3,26.16,1,1,
610,2,2019-01-01 00:17:16,2019-01-01 00:35:30,N,1,95,145,1,8.43,25.0,0.5,0.5,3.0,0.0,,0.3,29.3,1,1,
611,2,2019-01-01 00:24:29,2019-01-01 00:45:42,N,1,112,158,2,7.03,23.0,0.5,0.5,0.0,0.0,,0.3,24.3,2,1,
612,2,2019-01-01 00:22:14,2019-01-01 00:37:07,N,1,129,7,5,2.14,11.0,0.5,0.5,0.0,0.0,,0.3,12.3,2,1,
613,2,2019-01-01 00:08:42,2019-01-01 00:14:03,N,1,95,95,1,0.77,5.5,0.5,0.5,1.0,0.0,,0.3,7.8,1,1,
614,2,2019-01-01 00:32:12,2019-01-01 00:43:02,N,1,95,82,1,2.34,10.5,0.5,0.5,2.36,0.0,,0.3,14.16,1,1,
615,2,2019-01-01 00:02:16,2019-01-01 00:12:29,N,1,173,83,1,2.06,9.0,0.5,0.5,2.06,0.0,,0.3,12.36,1,1,
616,2,2019-01-01 00:31:07,2019-01-01 00:54:17,N,1,129,230,1,5.73,21.5,0.5,0.5,6.84,0.0,,0.3,29.64,1,1,
617,2,2019-01-01 00:31:19,2019-01-01 00:37:09,N,1,41,42,1,1.1,6.5,0.5,0.5,0.0,0.0,,0.3,7.8,1,1,
618,2,2019-01-01 00:51:34,2019-01-01 00:54:21,N,1,166,41,1,0.44,4.0,0.5,0.5,1.06,0.0,,0.3,6.36,1,1,
619,2,2019-01-01 00:14:03,2019-01-01 00:46:03,N,1,49,191,1,18.36,50.0,0.5,0.5,0.0,0.0,,0.3,51.3,1,1,
620,2,2019-01-01 00:22:30,2019-01-01 00:37:53,N,1,190,65,1,6.07,19.5,0.5,0.5,0.0,0.0,,0.3,20.8,1,1,
621,2,2019-01-01 00:46:46,2019-01-01 00:51:54,N,1,66,33,1,1.28,6.0,0.5,0.5,1.46,0.0,,0.3,8.76,1,1,
622,2,2019-01-01 00:05:10,2019-01-01 00:12:34,N,1,95,95,6,0.85,6.5,0.5,0.5,0.0,0.0,,0.3,7.8,2,1,
623,2,2019-01-01 00:09:39,2019-01-01 00:21:52,N,1,14,11,1,2.24,10.5,0.5,0.5,0.0,0.0,,0.3,11.8,1,1,
624,2,2019-01-01 00:26:34,2019-01-01 00:37:43,N,1,11,21,1,1.59,9.0,0.5,0.5,0.0,0.0,,0.3,10.3,1,1,
625,2,2019-01-01 00:27:18,2019-01-01 00:27:22,N,5,181,181,2,0.0,250.5,0.0,0.0,0.0,0.0,,0.0,250.5,1,2,
626,2,2019-01-01 00:34:00,2019-01-01 00:41:44,N,1,260,70,1,3.97,12.5,0.5,0.5,0.0,0.0,,0.3,13.8,2,1,
627,2,2019-01-01 00:03:02,2019-01-01 00:13:15,N,1,243,235,1,2.38,10.0,0.5,0.5,0.0,0.0,,0.3,11.3,2,1,
628,2,2019-01-01 00:23:27,2019-01-01 00:43:06,N,1,255,36,1,3.83,15.0,0.5,0.5,0.0,0.0,,0.3,16.3,2,1,
629,2,2019-01-01 00:47:07,2019-01-01 01:42:18,N,1,36,227,1,9.96,41.0,0.5,0.5,0.0,0.0,,0.3,42.3,2,1,
630,2,2019-01-01 00:17:58,2019-01-01 00:25:09,N,1,41,238,1,2.07,8.0,0.5,0.5,0.0,0.0,,0.3,9.3,2,1,
631,2,2019-01-01 00:31:31,2019-01-01 00:35:06,N,1,24,166,1,0.46,4.5,0.5,0.5,0.0,0.0,,0.3,5.8,2,1,
632,2,2019-01-01 00:46:01,2019-01-01 00:51:34,N,1,41,151,1,0.93,6.0,0.5,0.5,0.0,0.0,,0.3,7.3,2,1,
633,2,2019-01-01 00:58:25,2019-01-01 01:07:09,N,1,41,42,1,1.31,7.5,0.5,0.5,2.0,0.0,,0.3,10.8,1,1,
634,2,2019-01-01 00:28:13,2019-01-01 00:43:09,N,1,89,61,1,3.22,13.0,0.5,0.5,0.0,0.0,,0.3,14.3,2,1,
635,1,2019-01-01 00:11:16,2019-01-01 00:29:31,N,1,256,61,2,3.2,14.0,0.5,0.5,3.05,0.0,,0.3,18.35,1,1,
636,1,2019-01-01 00:31:33,2019-01-01 00:37:37,N,1,61,188,2,1.2,6.5,0.5,0.5,0.0,0.0,,0.3,7.8,2,1,
637,1,2019-01-01 00:26:41,2019-01-01 00:27:45,N,1,7,7,1,0.2,3.0,0.5,0.5,0.0,0.0,,0.3,4.3,2,1,
638,1,2019-01-01 00:46:10,2019-01-01 00:58:40,N,1,129,223,1,3.1,12.5,0.5,0.5,0.0,0.0,,0.3,13.8,2,1,
639,2,2019-01-01 00:31:02,2019-01-01 00:45:35,N,1,33,255,1,5.28,17.5,0.5,0.5,4.7,0.0,,0.3,23.5,1,1,
640,2,2019-01-01 00:56:30,2019-01-01 01:08:15,N,1,255,37,1,2.08,9.5,0.5,0.5,2.16,0.0,,0.3,14.91,1,1,
641,2,2019-01-01 00:44:07,2019-01-01 00:48:17,N,1,146,7,1,0.96,5.5,0.5,0.5,0.0,0.0,,0.3,6.8,2,1,
642,2,2019-01-01 00:04:54,2019-01-01 00:04:57,N,5,42,42,3,0.0,18.0,0.0,0.0,0.0,0.0,,0.0,18.0,1,2,
643,2,2019-01-01 00:18:13,2019-01-01 00:18:18,N,1,75,75,1,0.02,2.5,0.5,0.5,0.0,0.0,,0.3,3.8,2,1,
644,2,2019-01-01 00:57:03,2019-01-01 01:00:24,N,1,74,74,1,0.49,4.0,0.5,0.5,0.0,0.0,,0.3,5.3,2,1,
645,2,2019-01-01 00:44:21,2019-01-01 00:54:26,N,1,7,260,2,1.82,9.0,0.5,0.5,2.06,0.0,,0.3,12.36,1,1,
646,2,2019-01-01 00:24:23,2019-01-01 00:34:04,N,1,116,247,1,1.59,8.0,0.5,0.5,0.0,0.0,,0.3,9.3,2,1,
647,2,2019-01-01 00:21:58,2019-01-01 00:27:36,N,1,129,83,2,1.06,6.0,0.5,0.5,0.0,0.0,,0.3,7.3,2,1,
648,2,2019-01-01 00:13:03,2019-01-01 00:25:02,N,1,95,131,1,3.81,13.0,0.5,0.5,2.86,0.0,,0.3,17.16,1,1,
649,1,2019-01-01 00:33:57,2019-01-01 00:44:36,N,1,95,56,1,1.8,9.0,0.5,0.5,0.0,0.0,,0.3,10.3,2,1,
650,2,2019-01-01 00:14:05,2019-01-01 00:16:59,N,1,33,33,1,0.6,4.0,0.5,0.5,1.06,0.0,,0.3,6.36,1,1,
651,2,2019-01-01 00:22:08,2019-01-01 00:34:02,N,1,33,181,1,2.0,10.0,0.5,0.5,0.0,0.0,,0.3,11.3,2,1,
652,2,2019-01-01 00:35:42,2019-01-01 01:01:49,N,1,181,80,1,5.34,21.0,0.5,0.5,0.0,0.0,,0.3,22.3,2,1,
653,2,2019-01-01 00:45:11,2019-01-01 00:53:45,N,1,150,210,1,1.79,8.5,0.5,0.5,0.0,0.0,,0.3,9.8,1,1,
654,2,2019-01-01 00:17:29,2019-01-01 00:27:17,N,1,82,129,2,1.75,8.5,0.5,0.5,0.0,0.0,,0.3,9.8,2,1,
655,2,2019-01-01 00:38:02,2019-01-01 00:50:42,N,1,82,196,2,2.42,11.0,0.5,0.5,3.08,0.0,,0.3,15.38,1,1,
656,2,2019-01-01 00:29:48,2019-01-01 00:35:12,N,1,97,49,1,1.16,6.0,0.5,0.5,0.0,0.0,,0.3,7.3,1,1,
657,2,2019-01-01 00:40:18,2019-01-01 01:02:00,N,1,17,72,1,3.29,16.0,0.5,0.5,0.0,0.0,,0.3,17.3,1,1,
658,2,2019-01-01 00:15:23,2019-01-01 00:22:29,N,1,173,129,1,1.05,6.0,0.5,0.5,0.0,0.0,,0.3,7.3,2,1,
659,2,2019-01-01 00:43:31,2019-01-01 00:49:44,N,1,66,65,1,1.1,6.0,0.5,0.5,1.82,0.0,,0.3,9.12,1,1,
660,2,2019-01-01 00:50:55,2019-01-01 01:08:25,N,1,65,107,1,3.56,15.0,0.5,0.5,0.0,0.0,,0.3,16.3,2,1,
661,2,2019-01-01 00:23:55,2019-01-01 00:41:23,N,1,181,249,1,4.25,16.0,0.5,0.5,4.01,0.0,,0.3,24.06,1,1,
662,2,2019-01-01 00:49:22,2019-01-01 01:12:36,N,1,255,225,1,3.04,16.0,0.5,0.5,3.46,0.0,,0.3,20.76,1,1,
663,2,2019-01-01 00:30:48,2019-01-01 00:54:03,N,1,26,29,2,5.0,20.0,0.5,0.5,0.0,0.0,,0.3,21.3,1,1,
664,2,2019-01-01 00:46:40,2019-01-01 00:55:25,N,1,150,210,1,1.89,9.0,0.5,0.5,0.0,0.0,,0.3,10.3,1,1,
665,1,2019-01-01 00:18:17,2019-01-01 00:27:08,N,1,255,36,1,2.5,9.5,0.5,0.5,2.15,0.0,,0.3,12.95,1,1,
666,2,2019-01-01 00:13:36,2019-01-01 00:21:37,N,1,32,32,1,0.48,6.5,0.5,0.5,0.0,0.0,,0.3,7.8,1,1,
667,2,2018-12-31 23:49:45,2019-01-01 00:01:18,N,1,97,231,1,3.23,12.0,0.5,0.5,0.0,0.0,,0.3,13.3,2,1,
668,2,2019-01-01 00:24:22,2019-01-01 00:36:46,N,1,181,49,1,1.46,9.5,0.5,0.5,0.0,0.0,,0.3,10.8,2,1,
669,2,2019-01-01 00:37:25,2019-01-01 00:56:44,N,1,60,51,1,8.13,24.0,0.5,0.5,0.0,0.0,,0.3,25.3,1,1,
670,1,2019-01-01 00:15:29,2019-01-01 00:37:17,N,1,73,82,1,5.7,21.0,0.5,0.5,0.0,0.0,,0.3,22.3,1,1,
671,2,2019-01-01 00:39:50,2019-01-01 00:45:55,N,1,112,226,1,1.91,7.5,0.5,0.5,1.76,0.0,,0.3,10.56,1,1,
672,2,2019-01-01 00:09:03,2019-01-01 00:39:56,N,1,255,48,3,6.85,26.0,0.5,0.5,5.46,0.0,,0.3,32.76,1,1,
673,2,2019-01-01 00:40:14,2019-01-01 01:10:54,N,1,181,95,1,10.27,33.0,0.5,0.5,2.0,0.0,,0.3,36.3,1,1,
674,2,2019-01-01 00:10:20,2019-01-01 00:26:09,N,1,25,14,1,6.93,21.5,0.5,0.5,0.0,0.0,,0.3,22.8,2,1,
675,2,2018-12-31 23:03:41,2018-12-31 23:20:56,N,1,225,37,1,2.78,12.5,0.5,0.5,0.0,0.0,,0.3,13.8,1,1,
676,2,2019-01-01 00:12:55,2019-01-01 00:24:18,N,5,33,13,2,4.5,58.0,0.0,0.0,0.0,0.0,,0.3,58.3,1,1,
677,2,2019-01-01 01:03:13,2019-01-01 01:12:24,N,1,83,129,1,1.38,7.5,0.5,0.5,0.0,0.0,,0.3,8.8,2,1,
678,2,2019-01-01 01:00:04,2019-01-01 01:11:52,N,1,35,72,1,1.65,9.0,0.5,0.5,2.06,0.0,,0.3,12.36,1,1,
679,2,2019-01-01 00:15:34,2019-01-01 00:19:01,N,1,97,97,1,0.64,4.5,0.5,0.5,1.45,0.0,,0.3,7.25,1,1,
680,2,2019-01-01 00:38:09,2019-01-01 01:12:23,N,1,66,35,1,6.32,25.5,0.5,0.5,0.0,0.0,,0.3,26.8,1,1,
681,2,2019-01-01 00:16:10,2019-01-01 00:27:11,N,1,223,235,2,6.87,20.0,0.5,0.5,0.0,5.76,,0.3,27.06,2,1,
682,2,2019-01-01 00:36:03,2019-01-01 00:46:51,N,1,169,167,1,2.11,9.5,0.5,0.5,0.0,0.0,,0.3,10.8,1,1,
683,2,2019-01-01 00:17:26,2019-01-01 00:19:59,N,1,75,74,5,0.71,4.5,0.5,0.5,0.0,0.0,,0.3,5.8,2,1,
684,2,2019-01-01 00:33:29,2019-01-01 00:57:40,N,1,41,48,5,4.12,18.0,0.5,0.5,0.0,0.0,,0.3,19.3,2,1,
685,2,2019-01-01 00:36:29,2019-01-01 00:36:29,N,1,264,264,1,0.0,2.5,0.5,0.5,0.0,0.0,,0.3,3.8,2,1,
686,2,2019-01-01 00:43:43,2019-01-01 00:48:06,N,1,145,112,1,1.28,6.0,0.5,0.5,1.1,0.0,,0.3,8.4,1,1,
687,2,2019-01-01 00:54:44,2019-01-01 01:07:26,N,1,255,80,1,2.32,10.5,0.5,0.5,1.77,0.0,,0.3,15.52,1,1,
688,2,2019-01-01 00:40:17,2019-01-01 00:45:26,N,1,41,42,1,1.41,6.5,0.5,0.5,0.0,0.0,,0.3,7.8,2,1,
689,2,2019-01-01 00:36:13,2019-01-01 00:49:35,N,1,226,56,1,2.97,12.5,0.5,0.5,0.0,0.0,,0.3,13.8,2,1,
690,2,2019-01-01 00:10:28,2019-01-01 00:30:20,N,1,85,91,1,2.89,15.0,0.5,0.5,0.0,0.0,,0.3,16.3,1,1,
691,2,2019-01-01 00:32:05,2019-01-01 00:46:50,N,1,63,76,1,2.61,11.5,0.5,0.5,0.0,0.0,,0.3,12.8,1,1,
692,2,2019-01-01 00:25:06,2019-01-01 00:45:27,N,1,25,181,1,2.69,15.0,0.5,0.5,4.08,0.0,,0.3,20.38,1,1,
693,2,2019-01-01 00:52:21,2019-01-01 01:05:32,N,1,181,188,1,2.44,11.0,0.5,0.5,2.46,0.0,,0.3,14.76,1,1,
694,2,2019-01-01 00:09:44,2019-01-01 00:47:33,N,1,66,186,1,7.04,26.0,0.5,0.5,11.0,0.0,,0.3,38.3,1,1,
695,1,2019-01-01 00:07:24,2019-01-01 00:09:42,N,1,33,33,1,0.4,4.0,0.5,0.5,3.0,0.0,,0.3,8.3,1,1,
696,1,2019-01-01 00:18:36,2019-01-01 00:22:37,N,1,33,66,1,0.9,5.0,0.5,0.5,0.0,0.0,,0.3,6.3,2,1,
697,2,2019-01-01 00:38:05,2019-01-01 00:47:01,N,1,255,232,1,2.47,9.5,0.5,0.5,0.0,0.0,,0.3,10.8,2,1,
698,2,2019-01-01 01:00:21,2019-01-01 01:22:16,N,1,256,129,1,5.46,20.0,0.5,0.5,0.0,0.0,,0.3,21.3,2,1,
699,2,2019-01-01 00:21:10,2019-01-01 00:49:37,N,1,76,55,2,13.5,39.0,0.5,0.5,0.0,0.0,,0.3,40.3,1,1,
700,2,2019-01-01 00:19:15,2019-01-01 01:04:15,N,1,256,246,1,5.64,30.0,0.5,0.5,6.26,0.0,,0.3,37.56,1,1,
701,2,2019-01-01 00:57:56,2019-01-01 01:19:15,N,5,130,129,2,6.72,30.0,0.0,0.0,0.0,0.0,,0.0,30.0,2,2,
702,1,2019-01-01 00:21:59,2019-01-01 00:30:17,N,1,75,166,2,2.2,9.0,0.5,0.5,1.0,0.0,,0.3,11.3,1,1,
703,1,2019-01-01 00:40:28,2019-01-01 00:48:13,N,1,41,75,1,1.2,7.5,0.5,0.5,1.32,0.0,,0.3,10.12,1,1,
704,2,2019-01-01 00:12:31,2019-01-01 00:30:47,N,5,66,162,2,6.82,50.0,0.0,0.0,10.0,0.0,,0.0,60.0,1,2,
705,2,2019-01-01 00:13:57,2019-01-01 00:20:56,N,1,155,155,1,1.46,7.5,0.5,0.5,0.0,0.0,,0.3,8.8,1,1,
706,2,2019-01-01 00:34:58,2019-01-01 01:00:56,N,1,35,89,1,4.63,19.5,0.5,0.5,0.0,0.0,,0.3,20.8,1,1,
707,2,2019-01-01 00:24:18,2019-01-01 00:47:44,N,1,181,231,1,4.43,19.5,0.5,0.5,4.16,0.0,,0.3,24.96,1,1,
708,2,2019-01-01 00:58:24,2019-01-01 01:13:46,N,1,52,61,1,3.97,14.5,0.5,0.5,3.16,0.0,,0.3,18.96,1,1,
709,1,2019-01-01 00:37:52,2019-01-01 00:44:38,N,1,71,62,1,1.2,6.5,0.5,0.5,0.0,0.0,,0.3,7.8,1,1,
710,2,2019-01-01 00:09:35,2019-01-01 23:59:40,N,1,145,76,1,14.88,42.0,0.5,0.5,0.0,0.0,,0.3,43.3,2,1,
711,2,2019-01-01 00:05:05,2019-01-01 00:37:57,N,1,49,222,1,6.41,26.0,0.5,0.5,0.0,0.0,,0.3,27.3,1,1,
712,2,2019-01-01 00:53:25,2019-01-01 01:03:13,N,1,82,129,1,2.97,11.5,0.5,0.5,0.0,0.0,,0.3,12.8,2,1,
713,2,2019-01-01 00:05:53,2019-01-01 00:27:14,N,1,255,190,1,4.94,19.0,0.5,0.5,0.0,0.0,,0.3,20.3,2,1,
714,2,2019-01-01 00:31:55,2019-01-01 00:57:49,N,1,181,229,1,9.71,29.0,0.5,0.5,0.0,0.0,,0.3,30.3,2,1,
715,1,2019-01-01 00:53:44,2019-01-01 00:59:06,N,1,129,260,1,0.9,6.0,0.5,0.5,1.45,0.0,,0.3,8.75,1,1,
716,2,2019-01-01 00:36:28,2019-01-01 00:45:49,N,1,223,146,1,1.84,8.5,0.5,0.5,0.0,0.0,,0.3,9.8,2,1,
717,2,2019-01-01 00:13:21,2019-01-01 00:44:29,N,1,226,219,1,14.68,42.5,0.5,0.5,0.0,0.0,,0.3,43.8,1,1,
718,2,2019-01-01 00:03:41,2019-01-01 00:15:42,N,1,97,62,1,2.26,10.0,0.5,0.5,0.0,0.0,,0.3,11.3,2,1,
719,2,2019-01-01 00:28:01,2019-01-01 00:54:48,N,1,181,107,1,4.33,20.0,0.5,0.5,4.26,0.0,,0.3,25.56,1,1,
720,1,2019-01-01 00:09:55,2019-01-01 00:34:56,N,1,97,141,1,7.8,25.0,0.5,0.5,0.0,0.0,,0.3,26.3,2,1,
721,2,2019-01-01 00:01:21,2019-01-01 00:11:08,N,1,82,82,1,1.75,8.5,0.5,0.5,0.0,0.0,,0.3,9.8,2,1,
722,2,2019-01-01 00:19:17,2019-01-01 00:32:48,N,1,82,157,1,2.87,11.5,0.5,0.5,0.0,0.0,,0.3,12.8,2,1,
723,2,2019-01-01 00:39:25,2019-01-01 00:50:35,N,1,157,198,1,1.72,9.5,0.5,0.5,0.0,0.0,,0.3,10.8,2,1,
724,2,2019-01-01 00:21:19,2019-01-01 00:35:06,N,1,42,238,2,2.43,11.5,0.5,0.5,0.0,0.0,,0.3,12.8,2,1,
725,2,2019-01-01 00:55:31,2019-01-01 01:03:27,N,1,41,152,2,1.24,7.0,0.5,0.5,1.24,0.0,,0.3,11.49,1,1,
726,2,2019-01-01 00:12:14,2019-01-01 00:38:53,N,1,25,55,1,11.49,33.5,0.5,0.5,0.0,0.0,,0.3,34.8,2,1,
727,2,2019-01-01 00:41:05,2019-01-01 00:53:41,N,1,95,98,1,3.52,12.5,0.5,0.5,0.0,0.0,,0.3,13.8,1,1,
728,2,2019-01-01 00:08:40,2019-01-01 00:13:15,N,1,179,7,2,0.81,5.0,0.5,0.5,1.89,0.0,,0.3,8.19,1,1,
729,2,2019-01-01 00:39:11,2019-01-01 00:46:06,N,1,7,146,2,1.29,7.0,0.5,0.5,0.0,0.0,,0.3,8.3,2,1,
730,2,2019-01-01 00:51:43,2019-01-01 00:55:17,N,1,7,7,2,0.77,4.5,0.5,0.5,0.0,0.0,,0.3,5.8,2,1,
731,1,2019-01-01 00:47:12,2019-01-01 00:52:09,N,1,74,263,1,1.2,6.0,0.5,0.5,1.1,0.0,,0.3,8.4,1,1,
732,1,2019-01-01 00:53:11,2019-01-01 00:53:15,N,1,75,75,1,1.2,2.5,0.5,0.5,0.0,0.0,,0.3,3.8,3,1,
733,2,2019-01-01 00:49:06,2019-01-01 01:02:28,N,1,255,80,1,1.61,9.0,0.5,0.5,1.0,0.0,,0.3,11.3,1,1,
734,2,2019-01-01 00:07:43,2019-01-01 00:18:12,N,1,82,82,2,1.48,8.5,0.5,0.5,0.0,0.0,,0.3,9.8,2,1,
735,2,2019-01-01 00:57:57,2019-01-01 01:05:53,N,1,82,82,1,1.55,7.5,0.5,0.5,0.0,0.0,,0.3,8.8,2,1,
736,2,2019-01-01 00:19:19,2019-01-01 00:28:14,N,1,25,97,1,1.32,7.5,0.5,0.5,0.0,0.0,,0.3,8.8,2,1,
737,2,2019-01-01 00:26:09,2019-01-01 00:36:48,N,1,256,65,1,2.69,10.5,0.5,0.5,1.0,0.0,,0.3,12.8,1,1,
738,2,2019-01-01 00:38:28,2019-01-01 01:21:20,N,1,65,143,1,6.71,31.0,0.5,0.5,8.08,0.0,,0.3,40.38,1,1,
739,2,2019-01-01 00:29:24,2019-01-01 00:40:00,N,1,260,82,1,1.82,9.0,0.5,0.5,0.0,0.0,,0.3,10.3,2,1,
740,2,2019-01-01 00:50:48,2019-01-01 01:03:05,N,1,83,7,1,1.76,9.5,0.5,0.5,0.0,0.0,,0.3,10.8,2,1,
741,2,2019-01-01 00:35:07,2019-01-01 00:52:40,N,1,33,165,1,6.73,20.5,0.5,0.5,0.0,0.0,,0.3,21.8,1,1,
742,1,2019-01-01 00:10:07,2019-01-01 00:18:53,N,1,66,52,1,1.5,7.5,0.5,0.5,1.75,0.0,,0.3,10.55,1,1,
743,1,2019-01-01 00:45:35,2019-01-01 00:45:54,N,5,49,49,3,1.5,15.0,0.0,0.0,0.0,0.0,,0.0,15.0,1,2,
744,1,2019-01-01 00:48:22,2019-01-01 00:50:08,N,1,49,49,1,0.4,3.5,0.5,0.5,1.88,0.0,,0.3,6.68,1,1,
745,1,2019-01-01 00:54:46,2019-01-01 01:24:47,N,1,49,228,3,5.3,23.0,0.5,0.5,0.0,0.0,,0.3,24.3,2,1,
746,2,2019-01-01 00:36:07,2019-01-01 00:41:01,N,1,54,40,1,1.02,5.5,0.5,0.5,1.7,0.0,,0.3,8.5,1,1,
747,2,2019-01-01 00:21:35,2019-01-01 00:33:23,N,1,244,166,1,2.15,10.0,0.5,0.5,0.0,0.0,,0.3,11.3,2,1,
748,2,2019-01-01 00:40:29,2019-01-01 01:02:29,N,1,41,137,1,5.67,20.5,0.5,0.5,4.36,0.0,,0.3,26.16,1,1,
749,2,2019-01-01 00:53:36,2019-01-01 01:01:06,N,1,83,223,1,3.0,10.5,0.5,0.5,0.0,0.0,,0.3,11.8,2,1,
750,2,2019-01-01 00:19:21,2019-01-01 00:24:16,N,1,97,65,1,0.73,5.5,0.5,0.5,0.0,0.0,,0.3,6.8,2,1,
751,2,2019-01-01 00:44:38,2019-01-01 01:14:32,N,1,25,145,1,6.05,24.5,0.5,0.5,5.16,0.0,,0.3,30.96,1,1,
752,2,2019-01-01 00:32:22,2019-01-01 00:48:09,N,1,71,76,1,3.16,14.0,0.5,0.5,0.0,0.0,,0.3,15.3,2,1,
753,2,2019-01-01 00:19:41,2019-01-01 00:25:50,N,1,112,112,2,1.06,6.0,0.5,0.5,1.82,0.0,,0.3,9.12,1,1,
754,2,2019-01-01 00:40:32,2019-01-01 00:59:53,N,1,112,106,2,6.91,21.5,0.5,0.5,1.0,0.0,,0.3,23.8,1,1,
755,2,2019-01-01 00:37:35,2019-01-01 00:47:28,N,1,89,181,1,2.28,9.5,0.5,0.5,0.0,0.0,,0.3,10.8,2,1,
756,2,2019-01-01 00:53:40,2019-01-01 01:00:13,N,1,181,181,1,1.72,7.5,0.5,0.5,1.76,0.0,,0.3,12.51,1,1,
757,2,2019-01-01 00:58:15,2019-01-01 01:44:54,N,1,226,14,1,15.45,48.0,0.5,0.5,0.0,5.76,,0.3,55.06,1,1,
758,1,2019-01-01 00:08:13,2019-01-01 00:11:47,N,1,255,112,1,0.7,4.5,0.5,0.5,1.15,0.0,,0.3,6.95,1,1,
759,1,2019-01-01 00:23:47,2019-01-01 00:26:08,N,1,255,256,1,0.5,4.0,0.5,0.5,5.0,0.0,,0.3,10.3,1,1,
760,1,2019-01-01 00:33:38,2019-01-01 00:36:16,N,1,255,255,1,0.5,4.0,0.5,0.5,1.3,0.0,,0.3,6.6,1,1,
761,1,2019-01-01 00:39:38,2019-01-01 00:42:14,N,1,256,255,2,0.6,4.0,0.5,0.5,1.05,0.0,,0.3,6.35,1,1,
762,1,2019-01-01 00:44:06,2019-01-01 00:56:34,N,1,255,54,2,5.1,16.0,0.5,0.5,0.0,0.0,,0.3,17.3,2,1,
763,2,2019-01-01 00:27:03,2019-01-01 00:32:55,N,1,82,129,1,0.57,5.5,0.5,0.5,0.0,0.0,,0.3,6.8,2,1,
764,2,2019-01-01 00:30:33,2019-01-01 00:37:06,N,1,255,255,1,0.89,5.5,0.5,0.5,2.04,0.0,,0.3,8.84,1,1,
765,2,2019-01-01 00:42:46,2019-01-01 01:04:57,N,1,255,231,1,4.68,17.5,0.5,0.5,0.0,0.0,,0.3,18.8,2,1,
766,2,2019-01-01 00:09:45,2019-01-01 00:21:18,N,1,75,168,1,2.4,10.0,0.5,0.5,0.0,0.0,,0.3,11.3,1,1,
767,2,2019-01-01 00:42:07,2019-01-01 00:55:30,N,1,74,75,1,2.16,11.0,0.5,0.5,0.0,0.0,,0.3,12.3,2,1,
768,2,2019-01-01 01:04:10,2019-01-01 01:19:33,N,1,263,223,1,5.64,18.0,0.5,0.5,0.0,5.76,,0.3,25.06,2,1,
769,2,2019-01-01 00:25:13,2019-01-01 00:38:29,N,1,3,259,1,4.03,14.0,0.5,0.5,0.0,0.0,,0.3,15.3,1,1,
770,2,2019-01-01 00:40:23,2019-01-02 00:38:29,N,1,259,254,1,1.44,6.5,0.5,0.5,0.0,0.0,,0.3,7.8,2,1,
771,2,2019-01-01 00:57:38,2019-01-01 01:05:04,N,1,174,254,1,1.19,6.5,0.5,0.5,0.0,0.0,,0.3,7.8,1,1,
772,2,2019-01-01 00:15:17,2019-01-01 00:26:45,N,1,129,173,3,1.62,10.0,0.5,0.5,0.0,0.0,,0.3,11.3,2,1,
773,2,2019-01-01 00:30:11,2019-01-01 00:52:54,N,1,70,132,3,10.89,31.0,0.5,0.5,0.0,0.0,,0.3,32.3,2,1,
774,1,2019-01-01 00:37:33,2019-01-01 00:57:04,N,1,130,38,1,4.5,17.0,0.5,0.5,0.0,0.0,,0.3,18.3,2,1,
775,2,2019-01-01 00:30:48,2019-01-01 00:39:40,N,1,7,141,1,3.55,12.0,0.5,0.5,0.0,0.0,,0.3,13.3,1,1,
776,2,2019-01-01 00:59:15,2019-01-01 01:14:41,N,1,7,145,1,3.66,14.0,0.5,0.5,3.06,0.0,,0.3,18.36,1,1,
777,2,2019-01-01 00:15:15,2019-01-01 00:19:40,N,1,42,116,1,0.62,5.0,0.5,0.5,0.0,0.0,,0.3,6.3,2,1,
778,2,2019-01-01 00:06:42,2019-01-01 00:20:37,N,1,42,47,5,4.29,15.0,0.5,0.5,0.0,0.0,,0.3,16.3,1,1,
779,2,2019-01-01 00:25:48,2019-01-01 00:25:58,N,1,47,47,5,0.0,2.5,0.5,0.5,0.0,0.0,,0.3,3.8,1,1,
780,2,2019-01-01 00:53:38,2019-01-01 01:23:54,N,1,129,180,4,6.5,24.5,0.5,0.5,0.0,0.0,,0.3,25.8,2,1,
781,2,2019-01-01 00:12:10,2019-01-01 00:21:17,N,1,39,39,1,0.27,7.0,0.5,0.5,0.0,0.0,,0.3,8.3,1,1,
782,1,2019-01-01 00:17:04,2019-01-01 00:22:12,N,1,255,256,1,1.0,5.5,0.5,0.5,1.35,0.0,,0.3,8.15,1,1,
783,1,2019-01-01 00:24:11,2019-01-01 00:41:20,N,1,256,40,1,6.1,19.5,0.5,0.5,3.0,0.0,,0.3,23.8,1,1,
784,2,2019-01-01 00:33:51,2019-01-01 00:40:10,N,1,7,179,1,1.64,7.0,0.5,0.5,2.49,0.0,,0.3,10.79,1,1,
785,2,2019-01-01 00:40:52,2019-01-01 00:57:17,N,1,31,47,5,3.08,13.5,0.5,0.5,0.0,0.0,,0.3,14.8,2,1,
786,2,2019-01-01 00:51:50,2019-01-01 01:16:32,N,1,189,148,1,4.13,19.0,0.5,0.5,4.06,0.0,,0.3,24.36,1,1,
787,2,2019-01-01 00:10:16,2019-01-01 00:19:23,N,1,112,217,1,2.72,10.5,0.5,0.5,0.0,0.0,,0.3,11.8,2,1,
788,2,2019-01-01 00:39:44,2019-01-01 00:57:44,N,1,112,231,1,6.3,20.5,0.5,0.5,2.18,0.0,,0.3,23.98,1,1,
789,2,2019-01-01 00:46:10,2019-01-01 00:46:40,N,5,264,76,1,0.0,35.0,0.0,0.0,0.0,0.0,,0.0,35.0,1,2,
790,2,2019-01-01 00:35:52,2019-01-01 00:46:25,N,1,49,25,1,1.63,9.0,0.5,0.5,0.0,0.0,,0.3,10.3,2,1,
791,2,2019-01-01 00:56:53,2019-01-01 01:29:39,N,1,25,7,1,7.88,28.5,0.5,0.5,4.47,0.0,,0.3,36.22,1,1,
792,2,2019-01-01 00:12:32,2019-01-01 00:44:59,N,1,136,224,1,12.39,36.5,0.5,0.5,0.0,0.0,,0.3,37.8,1,1,
793,2,2019-01-01 00:54:01,2019-01-01 01:03:56,N,1,256,17,1,1.92,9.0,0.5,0.5,0.0,0.0,,0.3,10.3,2,1,
794,2,2019-01-01 00:05:24,2019-01-01 00:20:43,N,1,181,21,1,5.14,17.5,0.5,0.5,0.0,0.0,,0.3,18.8,2,1,
795,2,2019-01-01 00:48:28,2019-01-01 00:59:53,N,1,181,33,1,2.72,11.0,0.5,0.5,3.08,0.0,,0.3,17.33,1,1,
796,2,2019-01-01 00:13:01,2019-01-01 00:32:01,N,1,25,137,2,5.83,20.0,0.5,0.5,0.0,0.0,,0.3,21.3,1,1,
797,2,2019-01-01 00:50:11,2019-01-01 01:00:43,N,1,65,195,2,1.96,9.5,0.5,0.5,0.0,0.0,,0.3,10.8,2,1,
798,2,2019-01-01 00:37:59,2019-01-01 00:50:44,N,1,82,56,1,2.2,10.0,0.5,0.5,0.0,0.0,,0.3,11.3,2,1,
799,2,2019-01-01 00:32:25,2019-01-01 00:37:46,N,1,129,129,1,0.92,5.5,0.5,0.5,0.0,0.0,,0.3,6.8,2,1,
800,2,2019-01-01 00:58:17,2019-01-01 01:21:34,N,1,83,134,1,6.92,22.5,0.5,0.5,0.0,0.0,,0.3,23.8,2,1,
801,1,2019-01-01 00:11:46,2019-01-01 00:15:55,N,1,165,165,1,0.5,4.5,0.5,0.5,0.0,0.0,,0.3,5.8,1,1,
802,1,2019-01-01 00:53:02,2019-01-01 01:35:10,N,1,76,168,1,22.9,64.0,0.5,0.5,0.0,5.76,,0.3,71.06,1,1,
803,1,2019-01-01 00:19:12,2019-01-01 00:37:55,N,1,255,79,1,3.7,15.0,0.5,0.5,0.0,0.0,,0.3,16.3,2,1,
804,1,2019-01-01 00:58:07,2019-01-01 01:25:29,N,1,256,36,1,4.0,18.5,0.5,0.5,3.0,0.0,,0.3,22.8,1,1,
805,2,2019-01-01 00:35:35,2019-01-01 00:48:03,N,1,7,129,1,2.44,10.5,0.5,0.5,0.0,0.0,,0.3,11.8,2,1,
806,2,2019-01-01 00:59:39,2019-01-01 01:50:07,N,1,42,14,1,16.15,50.5,0.5,0.5,0.0,5.76,,0.3,57.56,2,1,
807,2,2019-01-01 00:17:51,2019-01-01 00:33:28,N,1,255,148,1,3.21,13.5,0.5,0.5,2.96,0.0,,0.3,17.76,1,1,
808,2,2019-01-01 00:46:30,2019-01-01 00:51:45,N,1,256,256,1,0.92,5.5,0.5,0.5,0.0,0.0,,0.3,6.8,2,1,
809,2,2019-01-01 00:56:54,2019-01-01 01:00:47,N,1,255,256,1,0.8,5.0,0.5,0.5,1.89,0.0,,0.3,8.19,1,1,
810,1,2019-01-01 00:00:05,2019-01-01 00:12:04,N,1,25,17,1,2.2,10.0,0.5,0.5,0.0,0.0,,0.3,11.3,1,1,
811,1,2019-01-01 00:41:03,2019-01-01 00:54:02,N,1,225,61,1,2.1,10.5,0.5,0.5,0.0,0.0,,0.3,11.8,1,1,
812,2,2019-01-01 00:22:44,2019-01-01 00:26:13,N,1,168,147,1,0.75,4.5,0.5,0.5,0.0,0.0,,0.3,5.8,2,1,
813,1,2019-01-01 00:10:59,2019-01-01 00:24:06,N,1,74,233,1,4.6,15.0,0.5,0.5,3.25,0.0,,0.3,19.55,1,1,
814,1,2019-01-01 00:39:26,2019-01-01 00:57:25,N,1,75,69,1,6.3,20.0,0.5,0.5,0.0,0.0,,0.3,21.3,2,1,
815,2,2019-01-01 00:15:25,2019-01-01 00:19:46,N,1,74,75,1,0.66,4.5,0.5,0.5,0.0,0.0,,0.3,5.8,2,1,
816,2,2019-01-01 00:26:11,2019-01-01 00:31:11,N,1,75,263,1,0.92,5.5,0.5,0.5,3.0,0.0,,0.3,9.8,1,1,
817,2,2019-01-01 00:39:59,2019-01-01 00:43:18,N,1,75,168,1,1.45,6.0,0.5,0.5,0.0,0.0,,0.3,7.3,1,1,
818,2,2019-01-01 01:03:18,2019-01-01 01:08:12,N,1,168,116,1,1.01,6.0,0.5,0.5,0.0,0.0,,0.3,7.3,1,1,
819,1,2019-01-01 00:06:45,2019-01-01 00:31:45,N,1,33,225,1,4.0,17.5,0.5,0.5,0.0,0.0,,0.3,18.8,2,1,
820,1,2019-01-01 00:36:10,2019-01-01 01:32:29,N,1,225,117,1,14.7,48.5,0.5,0.5,0.0,2.16,,0.3,51.96,2,1,
821,2,2019-01-01 00:18:04,2019-01-01 00:18:49,N,1,25,25,1,0.22,3.0,0.5,0.5,0.0,0.0,,0.3,4.3,2,1,
822,2,2019-01-01 00:21:05,2019-01-01 00:55:18,N,1,25,238,1,10.24,33.5,0.5,0.5,6.96,0.0,,0.3,41.76,1,1,
823,1,2019-01-01 00:11:25,2019-01-01 00:26:39,N,1,248,235,1,4.7,16.0,0.5,0.5,0.0,0.0,,0.3,17.3,2,1,
824,1,2019-01-01 00:28:26,2019-01-01 00:43:13,N,1,235,78,1,2.6,11.5,0.5,0.5,0.0,0.0,,0.3,12.8,2,1,
825,2,2019-01-01 00:35:03,2019-01-01 00:58:32,N,1,255,37,1,4.0,17.0,0.5,0.5,0.0,0.0,,0.3,18.3,2,1,
826,2,2019-01-01 00:20:29,2019-01-01 00:32:32,N,1,129,7,1,2.14,10.0,0.5,0.5,0.0,0.0,,0.3,11.3,2,1,
827,2,2019-01-01 00:18:04,2019-01-01 00:55:10,N,1,76,247,1,18.87,52.5,0.5,0.5,0.0,5.76,,0.3,59.56,1,1,
828,2,2019-01-01 00:09:41,2019-01-01 00:13:58,N,1,25,189,1,0.66,5.0,0.5,0.5,1.26,0.0,,0.3,7.56,1,1,
829,2,2019-01-01 00:25:37,2019-01-01 00:50:58,N,1,25,246,1,5.78,21.5,0.5,0.5,0.0,0.0,,0.3,22.8,2,1,
830,1,2019-01-01 00:29:54,2019-01-01 00:47:02,N,1,255,198,1,3.8,14.5,0.5,0.5,3.15,0.0,,0.3,18.95,1,1,
831,1,2019-01-01 00:49:09,2019-01-01 00:56:41,N,1,198,80,1,2.3,8.5,0.5,0.5,0.0,0.0,,0.3,9.8,2,1,
832,1,2019-01-01 00:58:26,2019-01-01 01:19:00,N,1,80,80,1,4.7,17.5,0.5,0.5,0.0,0.0,,0.3,18.8,2,1,
833,2,2019-01-01 00:21:31,2019-01-01 00:29:49,N,1,82,157,1,1.38,7.5,0.5,0.5,0.0,0.0,,0.3,8.8,2,1,
834,2,2019-01-01 00:48:25,2019-01-01 01:00:29,N,1,82,160,1,2.55,10.0,0.5,0.5,0.0,0.0,,0.3,11.3,2,1,
835,2,2019-01-01 00:24:09,2019-01-01 00:50:43,N,1,7,17,1,6.49,23.0,0.5,0.5,2.92,0.0,,0.3,29.17,1,1,
836,2,2019-01-01 00:08:33,2019-01-01 00:18:57,N,1,190,89,1,2.71,10.5,0.5,0.5,0.0,0.0,,0.3,11.8,2,1,
837,2,2019-01-01 00:31:30,2019-01-01 00:40:42,N,1,85,188,1,0.54,7.0,0.5,0.5,0.0,0.0,,0.3,8.3,1,1,
838,2,2019-01-01 00:10:55,2019-01-01 00:21:08,N,1,41,237,1,2.21,9.5,0.5,0.5,0.0,0.0,,0.3,10.8,2,1,
839,2,2019-01-01 00:50:32,2019-01-01 00:59:23,N,1,42,116,1,1.87,8.0,0.5,0.5,2.32,0.0,,0.3,11.62,1,1,
840,2,2019-01-01 00:34:40,2019-01-01 00:49:56,N,1,112,125,1,4.96,17.0,0.5,0.5,3.66,0.0,,0.3,21.96,1,1,
841,2,2019-01-01 00:16:57,2019-01-01 00:39:55,N,1,167,254,2,6.63,22.5,0.5,0.5,0.0,0.0,,0.3,23.8,1,1,
842,2,2019-01-01 00:47:53,2019-01-01 01:12:43,N,1,254,69,2,6.71,23.5,0.5,0.5,0.0,0.0,,0.3,24.8,1,1,
843,2,2019-01-01 00:19:28,2019-01-01 00:40:39,N,5,181,162,1,7.66,60.0,0.0,0.0,0.0,0.0,,0.0,60.0,2,2,
844,2,2019-01-01 00:34:25,2019-01-01 01:04:51,N,1,16,141,1,13.7,39.5,0.5,0.5,0.0,0.0,,0.3,40.8,2,1,
845,2,2019-01-01 00:29:34,2019-01-01 01:01:40,N,1,256,236,1,7.45,27.0,0.5,0.5,0.0,0.0,,0.3,28.3,2,1,
846,2,2019-01-01 00:02:44,2019-01-01 00:08:44,N,1,82,82,2,0.97,6.0,0.5,0.5,0.0,0.0,,0.3,7.3,2,1,
847,2,2019-01-01 00:56:29,2019-01-01 00:57:04,N,1,83,260,2,0.17,-2.5,-0.5,-0.5,0.0,0.0,,-0.3,-3.8,3,1,
848,2,2019-01-01 00:56:29,2019-01-01 00:57:04,N,1,83,260,2,0.17,2.5,0.5,0.5,0.0,0.0,,0.3,3.8,2,1,
849,1,2019-01-01 00:24:10,2019-01-01 00:37:34,N,1,256,61,1,2.8,11.5,0.5,0.5,2.55,0.0,,0.3,15.35,1,1,
850,1,2019-01-01 00:43:07,2019-01-01 01:10:07,N,1,49,179,1,9.5,30.5,0.5,0.5,0.0,0.0,,0.3,31.8,3,1,
851,2,2019-01-01 00:53:45,2019-01-01 01:06:23,N,1,167,247,1,1.91,10.0,0.5,0.5,0.0,0.0,,0.3,11.3,2,1,
852,2,2019-01-01 00:29:59,2019-01-01 00:37:45,N,1,7,7,2,1.18,6.0,0.5,0.5,0.0,0.0,,0.3,7.3,2,1,
853,2,2019-01-01 00:29:47,2019-01-01 00:41:46,N,1,41,42,5,1.71,9.5,0.5,0.5,0.0,0.0,,0.3,10.8,1,1,
854,1,2019-01-01 00:32:43,2019-01-01 00:39:35,N,1,116,244,2,1.1,7.0,0.5,0.5,1.25,0.0,,0.3,9.55,1,1,
855,1,2019-01-01 00:41:01,2019-01-01 00:53:16,N,1,244,47,2,4.3,14.5,0.5,0.5,3.15,0.0,,0.3,18.95,1,1,
856,2,2019-01-01 00:07:29,2019-01-01 00:17:41,N,1,74,60,1,5.12,16.0,0.5,0.5,0.0,0.0,,0.3,17.3,2,1,
857,2,2019-01-01 00:50:25,2019-01-01 01:11:36,N,1,168,94,1,4.34,17.0,0.5,0.5,0.0,0.0,,0.3,18.3,1,1,
858,2,2019-01-01 00:32:59,2019-01-01 00:36:58,N,1,41,42,1,0.96,5.5,0.5,0.5,0.0,0.0,,0.3,6.8,2,1,
859,2,2019-01-01 00:20:02,2019-01-01 00:37:01,N,1,215,222,1,7.48,23.0,0.5,0.5,0.0,0.0,,0.3,24.3,1,1,
860,2,2019-01-01 00:09:09,2019-01-01 00:27:08,N,1,255,80,1,3.91,14.0,0.5,0.5,0.0,0.0,,0.3,15.3,2,1,
861,2,2019-01-01 00:38:33,2019-01-01 01:02:35,N,1,255,68,1,7.36,24.0,0.5,0.5,5.06,0.0,,0.3,30.36,1,1,
862,2,2019-01-01 00:29:17,2019-01-01 00:50:27,N,1,181,14,1,7.25,23.5,0.5,0.5,0.0,0.0,,0.3,24.8,2,1,
863,2,2019-01-01 00:55:38,2019-01-01 01:08:21,N,1,14,228,1,4.6,15.5,0.5,0.5,0.0,0.0,,0.3,16.8,2,1,
864,2,2019-01-01 00:30:50,2019-01-01 00:39:18,N,1,223,179,2,2.18,9.0,0.5,0.5,1.03,0.0,,0.3,13.28,1,1,
865,2,2019-01-01 00:14:01,2019-01-01 00:33:48,N,1,66,148,1,3.2,15.0,0.5,0.5,3.26,0.0,,0.3,19.56,1,1,
866,2,2019-01-01 00:47:59,2019-01-01 00:56:41,N,1,65,144,1,2.22,9.5,0.5,0.5,1.2,0.0,,0.3,12.0,1,1,
867,2,2019-01-01 00:03:42,2019-01-01 00:04:30,N,1,264,205,1,0.0,2.5,0.5,0.5,0.0,0.0,,0.3,3.8,2,1,
868,2,2019-01-01 00:13:47,2019-01-01 00:37:54,N,1,181,45,1,7.42,24.5,0.5,0.5,3.87,0.0,,0.3,29.67,1,1,
869,2,2019-01-01 00:49:06,2019-01-01 00:58:02,N,1,129,129,1,1.02,6.5,0.5,0.5,1.95,0.0,,0.3,9.75,1,1,
870,1,2019-01-01 00:12:43,2019-01-01 00:27:52,N,1,74,244,1,4.0,14.0,0.5,0.5,0.0,0.0,,0.3,15.3,2,1,
871,1,2019-01-01 00:39:33,2019-01-01 01:15:56,N,1,166,173,1,12.2,38.5,0.5,0.5,0.0,5.76,,0.3,45.56,2,1,
872,2,2019-01-01 01:00:18,2019-01-01 01:10:15,N,1,244,238,1,4.16,13.5,0.5,0.5,2.96,0.0,,0.3,17.76,1,1,
873,2,2019-01-01 00:29:10,2019-01-01 00:41:24,N,1,7,226,1,2.34,10.5,0.5,0.5,2.95,0.0,,0.3,14.75,1,1,
874,2,2019-01-01 00:57:05,2019-01-01 01:06:13,N,1,7,70,1,2.67,10.0,0.5,0.5,0.0,0.0,,0.3,11.3,2,1,
875,2,2019-01-01 00:46:05,2019-01-01 00:52:00,N,1,95,95,2,0.72,6.0,0.5,0.5,0.0,0.0,,0.3,7.3,2,1,
876,2,2019-01-01 00:13:56,2019-01-01 00:33:17,N,1,55,222,1,10.47,30.0,0.5,0.5,0.0,0.0,,0.3,31.3,1,1,
877,2,2019-01-01 00:48:33,2019-01-01 01:15:41,N,1,222,131,1,11.66,34.5,0.5,0.5,0.0,0.0,,0.3,35.8,1,1,
878,2,2019-01-01 00:12:34,2019-01-01 00:18:23,N,1,42,42,2,0.58,5.5,0.5,0.5,0.0,0.0,,0.3,6.8,1,1,
879,2,2019-01-01 00:20:25,2019-01-01 00:44:42,N,1,42,68,2,7.11,25.0,0.5,0.5,5.26,0.0,,0.3,31.56,1,1,
880,2,2019-01-01 00:31:46,2019-01-01 00:46:41,N,1,7,129,1,4.24,15.0,0.5,0.5,0.0,0.0,,0.3,16.3,2,1,
881,2,2019-01-01 00:58:27,2019-01-01 01:08:16,N,1,260,129,1,1.66,8.5,0.5,0.5,0.0,0.0,,0.3,9.8,2,1,
882,2,2019-01-01 00:53:59,2019-01-01 00:57:45,N,1,74,41,1,0.82,5.0,0.5,0.5,1.58,0.0,,0.3,7.88,1,1,
883,2,2019-01-01 00:10:01,2019-01-01 00:28:58,N,1,97,35,1,5.01,17.5,0.5,0.5,0.0,0.0,,0.3,18.8,2,1,
884,2,2019-01-01 00:42:38,2019-01-01 00:46:47,N,1,61,190,1,1.0,5.5,0.5,0.5,0.0,0.0,,0.3,6.8,2,1,
885,2,2019-01-01 00:56:42,2019-01-01 01:19:34,N,1,181,80,1,5.13,20.0,0.5,0.5,0.0,0.0,,0.3,21.3,2,1,
886,2,2019-01-01 00:46:15,2019-01-01 00:46:31,N,5,258,258,1,0.36,45.0,0.0,0.0,0.0,0.0,,0.0,45.0,1,2,
887,2,2019-01-01 00:24:44,2019-01-01 00:28:04,N,1,42,42,3,0.47,4.0,0.5,0.5,0.0,0.0,,0.3,5.3,1,1,
888,2,2019-01-01 00:38:57,2019-01-01 01:14:27,N,1,42,249,3,8.3,30.0,0.5,0.5,0.0,0.0,,0.3,31.3,2,1,
889,2,2019-01-01 00:30:18,2019-01-01 00:39:08,N,1,116,74,3,1.64,8.0,0.5,0.5,0.0,0.0,,0.3,9.3,1,1,
890,2,2019-01-01 00:44:22,2019-01-01 00:48:20,N,1,74,75,2,0.9,5.0,0.5,0.5,1.26,0.0,,0.3,7.56,1,1,
891,2,2019-01-01 00:55:07,2019-01-01 01:00:11,N,1,74,41,2,0.68,5.5,0.5,0.5,0.0,0.0,,0.3,6.8,2,1,
892,2,2019-01-01 00:40:55,2019-01-01 00:52:42,N,1,89,188,5,2.15,10.0,0.5,0.5,0.0,0.0,,0.3,11.3,1,1,
893,2,2019-01-01 00:26:40,2019-01-01 00:48:00,N,1,227,108,2,4.68,19.0,0.5,0.5,0.0,0.0,,0.3,20.3,1,1,
894,2,2019-01-01 00:31:12,2019-01-01 00:53:47,N,1,41,95,1,10.39,31.0,0.5,0.5,7.61,5.76,,0.3,45.67,1,1,
895,2,2019-01-01 00:17:57,2019-01-01 00:43:41,N,1,181,36,1,4.59,18.0,0.5,0.5,0.0,0.0,,0.3,19.3,2,1,
896,1,2019-01-01 00:51:29,2019-01-01 01:01:05,N,5,95,196,1,1.0,8.0,0.0,0.0,0.0,0.0,,0.0,8.0,2,2,
897,1,2019-01-01 00:09:33,2019-01-01 00:28:01,N,1,25,80,1,3.8,16.5,0.5,0.5,0.0,0.0,,0.3,17.8,1,1,
898,2,2019-01-01 00:15:50,2019-01-01 00:21:57,N,1,41,166,1,1.09,6.5,0.5,0.5,0.0,0.0,,0.3,7.8,2,1,
899,2,2019-01-01 00:26:00,2019-01-01 00:35:53,N,1,41,168,1,2.1,9.5,0.5,0.5,0.0,0.0,,0.3,10.8,2,1,
900,2,2019-01-01 00:55:03,2019-01-01 00:57:03,N,1,41,41,1,0.39,3.5,0.5,0.5,0.0,0.0,,0.3,4.8,2,1,
901,2,2019-01-01 00:59:31,2019-01-01 01:08:13,N,1,41,74,1,0.98,7.5,0.5,0.5,0.0,0.0,,0.3,8.8,2,1,
902,2,2019-01-01 00:48:43,2019-01-01 01:03:08,N,1,243,238,1,5.64,18.0,0.5,0.5,3.86,0.0,,0.3,25.11,1,1,
903,1,2019-01-01 00:16:49,2019-01-01 00:42:57,N,1,181,90,2,4.9,22.0,0.5,0.5,0.0,0.0,,0.3,23.3,2,1,
904,2,2019-01-01 00:30:38,2019-01-01 00:36:41,N,1,129,82,1,0.87,6.0,0.5,0.5,0.0,0.0,,0.3,7.3,2,1,
905,2,2019-01-01 00:43:31,2019-01-01 00:44:24,N,1,82,82,1,0.05,2.5,0.5,0.5,0.0,0.0,,0.3,3.8,2,1,
906,2,2019-01-01 01:06:21,2019-01-01 01:15:20,N,1,145,7,2,1.31,8.0,0.5,0.5,1.0,0.0,,0.3,10.3,1,1,
907,2,2019-01-01 00:15:23,2019-01-01 00:37:07,N,1,42,182,1,7.76,25.0,0.5,0.5,0.0,0.0,,0.3,26.3,1,1,
908,2,2019-01-01 00:49:36,2019-01-01 01:11:19,N,1,78,259,1,4.97,20.0,0.5,0.5,0.0,0.0,,0.3,21.3,1,1,
909,1,2019-01-01 00:16:03,2019-01-01 00:28:04,N,1,41,236,1,2.1,10.5,0.5,0.5,0.0,0.0,,0.3,11.8,2,1,
910,1,2019-01-01 00:36:32,2019-01-01 01:07:24,N,1,75,95,1,11.0,33.5,0.5,0.5,2.0,0.0,,0.3,36.8,1,1,
911,2,2019-01-01 00:07:47,2019-01-01 00:24:54,N,1,33,107,1,5.49,18.5,0.5,0.5,3.96,0.0,,0.3,23.76,1,1,
912,2,2019-01-01 00:44:56,2019-01-01 00:55:56,N,1,33,87,1,3.46,12.0,0.5,0.5,3.99,0.0,,0.3,17.29,1,1,
913,2,2019-01-01 00:15:39,2019-01-01 00:29:34,N,1,41,263,1,2.63,12.0,0.5,0.5,2.66,0.0,,0.3,15.96,1,1,
914,2,2019-01-01 01:01:05,2019-01-01 01:02:32,N,1,41,41,1,0.21,3.0,0.5,0.5,0.0,0.0,,0.3,4.3,2,1,
915,1,2019-01-01 00:36:49,2019-01-01 00:44:57,N,1,66,65,1,1.0,7.5,0.5,0.5,0.0,0.0,,0.3,8.8,2,1,
916,1,2019-01-01 00:46:04,2019-01-01 01:07:38,N,1,65,89,1,3.8,17.5,0.5,0.5,0.0,0.0,,0.3,18.8,2,1,
917,2,2019-01-01 00:18:03,2019-01-01 00:38:05,N,1,181,14,5,7.47,24.0,0.5,0.5,15.0,0.0,,0.3,40.3,1,1,
918,2,2019-01-01 00:24:47,2019-01-01 01:05:10,N,1,89,234,1,10.89,36.5,0.5,0.5,8.71,5.76,,0.3,57.22,1,1,
919,2,2018-12-31 23:59:03,2019-01-01 00:19:07,N,1,17,71,1,4.25,16.5,0.5,0.5,0.0,0.0,,0.3,17.8,2,1,
920,2,2019-01-01 00:54:46,2019-01-01 01:11:32,N,1,49,188,1,3.04,13.0,0.5,0.5,2.86,0.0,,0.3,19.11,1,1,
921,2,2019-01-01 00:41:06,2019-01-01 23:58:58,N,1,82,82,2,1.67,9.0,0.5,0.5,0.0,0.0,,0.3,10.3,2,1,
922,2,2019-01-01 00:05:55,2019-01-01 00:16:03,N,1,42,167,1,2.45,10.5,0.5,0.5,0.0,0.0,,0.3,11.8,2,1,
923,2,2019-01-01 00:32:50,2019-01-01 00:32:55,N,1,42,42,2,0.01,2.5,0.5,0.5,0.0,0.0,,0.3,3.8,2,1,
924,2,2019-01-01 00:39:29,2019-01-01 00:49:42,N,1,42,235,1,3.79,13.5,0.5,0.5,0.0,0.0,,0.3,14.8,2,1,
925,2,2019-01-01 00:13:07,2019-01-01 00:35:50,N,1,145,232,1,5.27,20.0,0.5,0.5,0.0,0.0,,0.3,24.05,2,1,
926,2,2019-01-01 00:11:25,2019-01-01 00:21:07,N,1,41,42,1,1.97,9.0,0.5,0.5,0.0,0.0,,0.3,10.3,2,1,
927,2,2019-01-01 00:22:17,2019-01-01 00:34:28,N,1,42,41,1,2.26,10.5,0.5,0.5,0.0,0.0,,0.3,11.8,2,1,
928,2,2019-01-01 00:46:24,2019-01-01 00:57:18,N,1,42,24,1,1.83,9.5,0.5,0.5,2.2,0.0,,0.3,13.0,1,1,
929,2,2019-01-01 00:07:39,2019-01-01 00:10:28,N,1,7,7,6,0.5,4.0,0.5,0.5,1.06,0.0,,0.3,6.36,1,1,
930,2,2019-01-01 00:22:48,2019-01-01 00:47:15,N,1,255,231,1,5.01,19.5,0.5,0.5,4.16,0.0,,0.3,24.96,1,1,
931,1,2019-01-01 00:29:15,2019-01-01 01:00:07,N,1,112,116,1,10.9,34.0,0.5,0.5,8.8,0.0,,0.3,44.1,1,1,
932,2,2019-01-01 00:10:04,2019-01-01 00:21:25,N,1,49,61,1,1.8,9.5,0.5,0.5,1.08,0.0,,0.3,13.83,1,1,
933,2,2019-01-01 00:30:36,2019-01-01 00:57:44,N,1,61,39,1,4.05,19.0,0.5,0.5,0.0,0.0,,0.3,20.3,1,1,
934,2,2019-01-01 01:04:36,2019-01-01 01:40:47,N,1,39,188,1,6.68,27.0,0.5,0.5,0.0,0.0,,0.3,28.3,1,1,
935,2,2018-12-31 22:57:38,2018-12-31 23:24:21,N,1,42,148,1,8.73,27.5,0.5,0.5,0.0,0.0,,0.3,28.8,1,1,
936,2,2019-01-01 00:14:57,2019-01-01 00:49:38,N,1,193,90,1,5.92,27.0,0.5,0.5,0.0,0.0,,0.3,28.3,1,1,
937,1,2019-01-01 00:56:29,2019-01-01 01:12:44,N,1,7,126,2,5.1,17.5,0.5,0.5,0.0,5.76,,0.3,24.56,2,1,
938,2,2019-01-01 00:15:38,2019-01-01 00:17:32,N,1,181,25,1,0.52,4.0,0.5,0.5,1.06,0.0,,0.3,6.36,1,1,
939,2,2019-01-01 00:49:38,2019-01-01 01:02:16,N,1,7,263,2,5.78,18.0,0.5,0.5,0.0,5.76,,0.3,25.06,2,1,
940,2,2019-01-01 00:25:47,2019-01-01 00:50:13,N,1,55,222,5,10.93,33.0,0.5,0.5,0.0,0.0,,0.3,34.3,1,1,
941,2,2019-01-01 01:02:26,2019-01-01 01:50:16,N,1,39,3,5,24.4,69.0,0.5,0.5,0.0,5.76,,0.3,76.06,1,1,
942,2,2019-01-01 00:16:27,2019-01-01 00:18:52,N,1,166,166,1,0.55,4.0,0.5,0.5,1.32,0.0,,0.3,6.62,1,1,
943,2,2019-01-01 00:22:03,2019-01-01 00:23:35,N,1,24,151,1,0.38,3.5,0.5,0.5,1.2,0.0,,0.3,6.0,1,1,
944,2,2019-01-01 00:31:43,2019-01-01 00:40:35,N,1,166,42,1,1.58,8.0,0.5,0.5,0.0,0.0,,0.3,9.3,2,1,
945,2,2019-01-01 00:49:32,2019-01-01 00:55:46,N,1,41,166,1,1.02,6.0,0.5,0.5,0.0,0.0,,0.3,7.3,2,1,
946,2,2019-01-01 01:00:43,2019-01-01 01:16:33,N,1,166,236,1,2.71,13.0,0.5,0.5,2.0,0.0,,0.3,16.3,1,1,
947,2,2019-01-01 00:39:25,2019-01-01 00:47:24,N,1,255,80,1,1.63,8.0,0.5,0.5,0.0,0.0,,0.3,9.3,2,1,
948,2,2019-01-01 00:27:55,2019-01-01 00:41:53,N,1,225,190,1,2.76,12.0,0.5,0.5,0.0,0.0,,0.3,13.3,1,1,
949,2,2019-01-01 00:50:48,2019-01-01 00:58:41,N,1,189,33,1,1.55,7.5,0.5,0.5,1.0,0.0,,0.3,9.8,1,1,
950,2,2019-01-01 00:21:47,2019-01-01 00:21:52,N,1,42,42,1,0.01,2.5,0.5,0.5,0.0,0.0,,0.3,3.8,2,1,
951,2,2019-01-01 00:55:13,2019-01-01 01:05:40,N,1,7,226,2,2.0,9.0,0.5,0.5,0.0,0.0,,0.3,10.3,2,1,
952,2,2019-01-01 00:30:28,2019-01-01 00:59:01,N,1,25,89,1,3.6,19.5,0.5,0.5,0.0,0.0,,0.3,20.8,1,1,
953,2,2019-01-01 00:35:51,2019-01-01 00:36:15,N,5,65,65,1,0.04,45.0,0.0,0.0,0.0,0.0,,0.0,45.0,1,2,
954,2,2019-01-01 00:55:42,2019-01-01 01:33:29,N,5,25,259,1,20.52,120.0,0.0,0.0,0.11,5.76,,0.0,125.87,1,2,
955,2,2019-01-01 00:16:14,2019-01-01 00:31:21,N,1,71,61,2,3.12,13.0,0.5,0.5,0.0,0.0,,0.3,14.3,2,1,
956,2,2019-01-01 00:11:57,2019-01-01 00:26:09,N,1,42,41,1,1.72,11.0,0.5,0.5,0.0,0.0,,0.3,12.3,1,1,
957,2,2019-01-01 00:33:01,2019-01-01 00:45:14,N,1,41,238,1,2.24,10.5,0.5,0.5,2.95,0.0,,0.3,16.7,1,1,
958,2,2019-01-01 00:59:32,2019-01-01 01:10:34,N,1,41,263,1,1.48,9.0,0.5,0.5,1.08,0.0,,0.3,11.38,1,1,
959,2,2019-01-01 00:21:38,2019-01-01 00:21:41,N,5,25,97,2,0.03,50.0,0.0,0.0,0.0,0.0,,0.0,50.0,1,2,
960,2,2019-01-01 00:59:49,2019-01-01 01:36:23,N,1,25,141,2,10.1,33.0,0.5,0.5,6.86,0.0,,0.3,41.16,1,1,
961,2,2019-01-01 00:17:43,2019-01-01 00:35:23,N,1,129,192,1,7.93,24.0,0.5,0.5,0.0,0.0,,0.3,25.3,2,1,
962,2,2019-01-01 01:01:45,2019-01-01 01:17:05,N,1,129,173,1,2.12,11.5,0.5,0.5,0.0,0.0,,0.3,12.8,2,1,
963,2,2019-01-01 00:15:43,2019-01-01 00:45:20,N,1,256,234,1,4.55,21.5,0.5,0.5,6.84,0.0,,0.3,29.64,1,1,
964,2,2019-01-01 00:28:53,2019-01-01 00:56:49,N,5,25,172,5,13.49,70.0,0.0,0.0,16.3,11.52,,0.0,97.82,1,2,
965,1,2019-01-01 00:30:19,2019-01-01 00:36:19,N,1,25,25,3,0.7,5.5,0.5,0.5,0.0,0.0,,0.3,6.8,2,1,
966,1,2019-01-01 00:43:41,2019-01-01 00:58:44,Y,1,25,231,2,2.9,12.5,0.5,0.5,0.0,0.0,,0.3,13.8,2,1,
967,2,2019-01-01 00:14:36,2019-01-01 00:25:03,N,1,74,116,4,2.16,10.0,0.5,0.5,0.0,0.0,,0.3,11.3,2,1,
968,2,2019-01-01 00:30:25,2019-01-01 00:32:11,N,1,42,42,3,0.54,4.0,0.5,0.5,0.0,0.0,,0.3,5.3,2,1,
969,2,2019-01-01 00:37:08,2019-01-01 00:45:55,N,1,41,238,4,1.98,9.0,0.5,0.5,0.0,0.0,,0.3,10.3,2,1,
970,2,2019-01-01 00:53:10,2019-01-02 00:45:55,N,1,24,41,3,0.6,4.5,0.5,0.5,0.0,0.0,,0.3,5.8,2,1,
971,2,2019-01-01 00:59:59,2019-01-01 01:01:52,N,1,41,41,3,0.04,3.0,0.5,0.5,0.0,0.0,,0.3,4.3,2,1,
972,2,2019-01-01 00:05:25,2019-01-01 00:14:13,N,1,255,112,2,1.31,7.0,0.5,0.5,0.0,0.0,,0.3,8.3,2,1,
973,2,2019-01-01 00:14:47,2019-01-01 00:31:41,N,1,112,79,2,4.44,16.0,0.5,0.5,4.32,0.0,,0.3,21.62,1,1,
974,2,2019-01-01 00:44:46,2019-01-01 00:47:01,N,1,256,256,2,0.42,3.5,0.5,0.5,0.0,0.0,,0.3,4.8,2,1,
975,2,2019-01-01 00:48:40,2019-01-01 00:53:54,N,1,256,112,2,1.17,6.0,0.5,0.5,0.0,0.0,,0.3,7.3,2,1,
976,2,2019-01-01 00:57:51,2019-01-01 01:13:47,N,1,112,141,2,4.41,15.5,0.5,0.5,5.04,0.0,,0.3,21.84,1,1,
977,1,2019-01-01 00:56:23,2019-01-01 01:03:52,N,1,210,210,1,1.3,7.0,0.5,0.5,1.65,0.0,,0.3,9.95,1,1,
978,2,2019-01-01 00:55:47,2019-01-01 01:00:48,N,1,256,112,1,1.28,6.0,0.5,0.5,1.46,0.0,,0.3,8.76,1,1,
979,2,2019-01-01 00:50:33,2019-01-01 00:55:30,N,1,260,226,1,1.0,5.5,0.5,0.5,0.0,0.0,,0.3,6.8,2,1,
980,2,2019-01-01 00:57:39,2019-01-01 01:11:11,N,1,226,75,1,5.16,16.0,0.5,0.5,4.0,0.0,,0.3,21.3,1,1,
981,1,2019-01-01 00:17:58,2019-01-01 00:22:38,N,1,223,223,1,0.9,5.0,0.5,0.5,0.0,0.0,,0.3,6.3,2,1,
982,2,2019-01-01 00:34:13,2019-01-01 00:50:33,N,1,7,260,1,2.2,12.0,0.5,0.5,4.0,0.0,,0.3,17.3,1,1,
983,2,2019-01-01 00:22:43,2019-01-01 00:54:37,N,1,264,264,1,7.28,28.5,0.5,0.5,0.0,0.0,,0.3,29.8,2,1,
984,1,2019-01-01 00:02:51,2019-01-01 00:06:43,N,1,65,97,0,0.9,5.0,0.5,0.5,0.0,0.0,,0.3,6.3,2,1,
985,1,2019-01-01 00:55:11,2019-01-01 01:21:53,N,1,17,76,1,5.1,20.5,0.5,0.5,0.0,0.0,,0.3,21.8,2,1,
986,2,2019-01-01 00:26:22,2019-01-01 00:47:33,N,1,112,181,2,5.33,20.0,0.5,0.5,5.32,0.0,,0.3,26.62,1,1,
987,2,2019-01-01 00:50:50,2019-01-01 01:10:56,N,1,181,148,2,3.21,15.5,0.5,0.5,0.0,0.0,,0.3,16.8,2,1,
988,2,2019-01-01 00:37:29,2019-01-01 01:11:04,N,1,55,256,1,16.88,47.0,0.5,0.5,5.0,0.0,,0.3,53.3,1,1,
989,2,2019-01-01 00:24:11,2019-01-01 00:46:12,N,1,41,235,1,4.18,17.5,0.5,0.5,0.0,0.0,,0.3,18.8,2,1,
990,2,2019-01-01 00:13:54,2019-01-01 00:20:37,N,1,42,42,2,1.17,7.0,0.5,0.5,0.0,0.0,,0.3,8.3,1,1,
991,2,2019-01-01 00:31:16,2019-01-01 00:47:53,N,1,42,243,2,4.57,17.0,0.5,0.5,3.66,0.0,,0.3,23.91,1,1,
992,2,2019-01-01 00:57:21,2019-01-01 23:17:22,N,1,95,196,1,0.95,5.5,0.5,0.5,0.0,0.0,,0.3,6.8,2,1,
993,2,2019-01-01 00:23:15,2019-01-01 00:30:31,N,1,260,260,1,1.21,7.0,0.5,0.5,0.0,0.0,,0.3,8.3,2,1,
994,2,2019-01-01 00:25:30,2019-01-01 00:33:57,N,1,82,56,1,1.92,8.0,0.5,0.5,0.01,0.0,,0.3,9.31,1,1,
995,2,2019-01-01 00:36:58,2019-01-01 00:56:04,N,1,56,226,1,3.24,14.5,0.5,0.5,0.0,0.0,,0.3,15.8,2,1,
996,2,2019-01-01 00:38:24,2019-01-01 00:51:58,N,1,65,112,1,5.02,16.5,0.5,0.5,0.0,0.0,,0.3,17.8,2,1,
997,2,2019-01-01 00:55:47,2019-01-01 01:08:43,N,1,112,33,1,4.89,16.5,0.5,0.5,0.0,0.0,,0.3,17.8,2,1,
998,1,2019-01-01 00:34:45,2019-01-01 01:25:12,N,1,97,43,2,0.0,27.5,0.5,0.5,4.0,0.0,,0.3,32.8,1,1,
999,1,2019-01-01 00:29:50,2019-01-01 00:39:55,N,1,42,244,1,2.3,9.5,0.5,0.5,0.0,0.0,,0.3,10.8,1,1,
