VendorID,tpep_pickup_datetime,tpep_dropoff_datetime,passenger_count,trip_distance,RatecodeID,store_and_fwd_flag,PULocationID,DOLocationID,payment_type,fare_amount,extra,mta_tax,tip_amount,tolls_amount,improvement_surcharge,total_amount,congestion_surcharge
1,2019-06-01 00:55:13,2019-06-01 00:56:17,1,0.0,1,N,145,145,2,3.0,0.5,0.5,0.0,0.0,0.3,4.3,0.0
1,2019-06-01 00:06:31,2019-06-01 00:06:52,1,0.0,1,N,262,263,2,2.5,3.0,0.5,0.0,0.0,0.3,6.3,2.5
1,2019-06-01 00:17:05,2019-06-01 00:36:38,1,4.4,1,N,74,7,2,17.5,0.5,0.5,0.0,0.0,0.3,18.8,0.0
1,2019-06-01 00:59:02,2019-06-01 00:59:12,0,0.8,1,N,145,145,2,2.5,1.0,0.5,0.0,0.0,0.3,4.3,0.0
1,2019-06-01 00:03:25,2019-06-01 00:15:42,1,1.7,1,N,113,148,1,9.5,3.0,0.5,2.65,0.0,0.3,15.95,2.5
1,2019-06-01 00:28:31,2019-06-01 00:39:23,2,1.6,1,N,79,125,1,9.5,3.0,0.5,1.0,0.0,0.3,14.3,2.5
1,2019-06-01 00:46:46,2019-06-01 00:50:55,4,0.6,1,N,211,148,2,4.5,3.0,0.5,0.0,0.0,0.3,8.3,2.5
1,2019-06-01 00:54:49,2019-06-01 01:02:57,2,1.2,1,N,79,249,1,7.5,3.0,0.5,1.0,0.0,0.3,12.3,2.5
1,2019-06-01 00:09:57,2019-06-01 00:25:54,2,2.0,1,N,158,68,2,11.5,3.0,0.5,0.0,0.0,0.3,15.3,2.5
1,2019-06-01 00:29:12,2019-06-01 01:03:13,1,8.6,1,N,186,243,1,31.5,3.0,0.5,7.05,0.0,0.3,42.35,2.5
2,2019-06-01 00:01:48,2019-06-01 00:16:06,1,1.74,1,N,107,148,1,11.0,0.5,0.5,2.96,0.0,0.3,17.76,2.5
2,2019-06-01 00:17:41,2019-06-01 00:30:22,1,2.22,1,N,148,137,2,10.5,0.5,0.5,0.0,0.0,0.3,14.3,2.5
2,2019-06-01 00:33:26,2019-06-01 00:39:18,1,1.2,1,N,137,170,1,6.0,0.5,0.5,2.45,0.0,0.3,12.25,2.5
1,2019-06-01 00:01:42,2019-06-01 00:06:14,1,0.7,1,N,229,141,1,5.5,3.0,0.5,1.7,0.0,0.3,11.0,2.5
2,2019-06-01 00:20:08,2019-06-01 00:28:56,1,1.83,1,N,113,161,1,8.0,0.5,0.5,1.0,0.0,0.3,12.8,2.5
2,2019-06-01 00:30:40,2019-06-01 01:08:12,1,5.11,1,N,230,229,1,25.0,0.5,0.5,7.2,0.0,0.3,36.0,2.5
1,2019-06-01 00:17:06,2019-06-01 00:46:21,1,4.8,1,N,7,170,3,21.0,3.0,0.5,0.0,0.0,0.3,24.8,2.5
1,2019-06-01 00:47:52,2019-06-01 01:04:19,1,5.2,1,N,170,42,1,16.5,3.0,0.5,4.05,0.0,0.3,24.35,2.5
2,2019-06-01 00:05:51,2019-06-01 00:30:45,1,9.05,1,N,138,189,1,28.5,0.5,0.5,7.45,0.0,0.3,37.25,0.0
2,2019-06-01 00:36:38,2019-06-01 00:57:43,1,4.07,1,N,97,89,1,16.5,0.5,0.5,3.56,0.0,0.3,21.36,0.0
1,2019-06-01 00:11:27,2019-06-01 00:18:34,0,0.9,1,N,141,163,1,6.5,3.0,0.5,2.0,0.0,0.3,12.3,2.5
1,2019-06-01 00:21:40,2019-06-01 00:28:08,0,0.9,1,N,230,186,2,5.5,3.0,0.5,0.0,0.0,0.3,9.3,2.5
1,2019-06-01 00:43:56,2019-06-01 01:20:17,1,9.3,1,N,163,95,1,34.0,3.0,0.5,3.07,6.0,0.3,46.87,2.5
1,2019-06-01 00:30:42,2019-06-01 00:43:23,2,2.3,1,N,79,164,2,11.0,3.0,0.5,0.0,0.0,0.3,14.8,2.5
1,2019-06-01 00:08:59,2019-06-01 00:14:20,2,1.0,1,N,166,151,1,6.0,0.5,0.5,1.45,0.0,0.3,8.75,0.0
1,2019-06-01 00:25:13,2019-06-01 00:41:12,2,4.5,1,N,41,48,2,15.5,3.0,0.5,0.0,0.0,0.3,19.3,2.5
1,2019-06-01 00:53:31,2019-06-01 00:54:37,1,0.2,1,N,48,142,2,3.0,3.0,0.5,0.0,0.0,0.3,6.8,2.5
1,2019-06-01 00:56:03,2019-06-01 01:18:03,2,4.8,1,N,143,116,2,18.5,3.0,0.5,0.0,0.0,0.3,22.3,2.5
1,2019-06-01 00:28:22,2019-06-01 00:36:30,1,1.7,1,N,164,163,2,8.0,3.0,0.5,0.0,0.0,0.3,11.8,2.5
1,2019-06-01 00:47:15,2019-06-01 01:36:03,1,8.6,1,N,161,198,2,35.5,3.0,0.5,0.0,0.0,0.3,39.3,2.5
1,2019-06-01 00:15:56,2019-06-01 00:24:26,1,1.0,1,N,148,211,1,7.0,3.0,0.5,3.2,0.0,0.3,14.0,2.5
1,2019-06-01 00:27:57,2019-06-01 00:32:35,1,1.1,1,N,211,249,1,5.5,3.0,0.5,1.85,0.0,0.3,11.15,2.5
1,2019-06-01 00:35:42,2019-06-01 00:50:13,1,2.5,1,N,249,161,1,11.5,3.0,0.5,2.0,0.0,0.3,17.3,2.5
1,2019-06-01 00:00:49,2019-06-01 00:03:14,1,0.6,1,N,230,43,2,4.0,3.0,0.5,0.0,0.0,0.3,7.8,2.5
1,2019-06-01 00:06:15,2019-06-01 00:15:52,1,1.7,1,N,163,234,1,8.5,3.0,0.5,1.23,0.0,0.3,13.53,2.5
1,2019-06-01 00:16:59,2019-06-01 00:20:58,1,0.6,1,N,164,137,1,4.5,3.0,0.5,2.0,0.0,0.3,10.3,2.5
1,2019-06-01 00:21:47,2019-06-01 00:26:16,2,0.5,1,N,170,107,2,5.0,3.0,0.5,0.0,0.0,0.3,8.8,2.5
1,2019-06-01 00:30:15,2019-06-01 00:36:30,2,1.4,1,N,137,229,4,6.5,3.0,0.5,0.0,0.0,0.3,10.3,2.5
1,2019-06-01 00:26:52,2019-06-01 00:40:08,1,2.0,1,N,211,13,1,10.5,3.0,0.5,2.85,0.0,0.3,17.15,2.5
1,2019-06-01 00:48:24,2019-06-01 01:09:12,1,6.5,1,N,125,166,1,21.0,3.0,0.5,4.95,0.0,0.3,29.75,2.5
1,2019-06-01 00:16:51,2019-06-01 00:30:36,2,2.9,1,N,186,239,1,12.5,3.0,0.5,3.25,0.0,0.3,19.55,2.5
2,2019-06-01 00:02:47,2019-06-01 00:09:57,1,1.11,1,N,161,141,2,6.5,0.5,0.5,0.0,0.0,0.3,10.3,2.5
2,2019-06-01 00:33:39,2019-06-01 01:13:12,1,6.77,1,N,141,82,2,25.0,0.5,0.5,0.0,0.0,0.3,28.8,2.5
2,2019-06-01 00:08:03,2019-06-01 00:10:50,1,0.61,1,N,79,137,1,4.0,0.5,0.5,0.0,0.0,0.3,7.8,2.5
2,2019-06-01 00:13:23,2019-06-01 00:23:55,2,1.99,1,N,137,141,1,9.5,0.5,0.5,2.66,0.0,0.3,15.96,2.5
2,2019-06-01 00:41:04,2019-06-01 00:56:12,4,2.88,1,N,230,158,1,13.0,0.5,0.5,0.0,0.0,0.3,16.8,2.5
2,2019-06-01 00:58:21,2019-06-01 01:14:33,1,3.59,1,N,158,229,1,13.5,0.5,0.5,1.73,0.0,0.3,19.03,2.5
1,2019-06-01 00:49:06,2019-06-01 01:11:25,0,4.5,1,N,164,13,2,18.0,3.0,0.5,0.0,0.0,0.3,21.8,2.5
1,2019-06-01 00:16:00,2019-06-01 00:22:34,1,1.5,1,N,230,43,1,7.0,3.0,0.5,1.2,0.0,0.3,12.0,2.5
1,2019-06-01 00:32:28,2019-06-01 00:42:12,2,2.0,1,Y,142,246,1,9.0,3.0,0.5,2.56,0.0,0.3,15.36,2.5
1,2019-06-01 00:47:21,2019-06-01 00:58:33,1,2.0,1,N,48,137,1,9.5,3.0,0.5,2.65,0.0,0.3,15.95,2.5
1,2019-06-01 00:10:56,2019-06-01 00:33:40,1,4.0,1,N,144,237,1,17.0,3.0,0.5,4.16,0.0,0.3,24.96,2.5
1,2019-06-01 00:53:40,2019-06-01 01:00:05,2,1.0,1,N,170,48,1,6.5,3.0,0.5,2.05,0.0,0.3,12.35,2.5
1,2019-06-01 00:36:36,2019-06-01 00:48:11,2,2.7,1,N,80,148,1,11.0,3.0,0.5,4.4,0.0,0.3,19.2,2.5
1,2019-06-01 00:50:53,2019-06-01 00:55:56,2,0.7,1,N,148,79,1,5.0,3.0,0.5,1.75,0.0,0.3,10.55,2.5
1,2019-06-01 00:58:06,2019-06-01 01:07:49,4,1.3,1,N,224,144,1,8.0,3.0,0.5,3.0,0.0,0.3,14.8,2.5
2,2019-06-01 00:25:48,2019-06-01 00:28:40,2,0.6,1,N,24,166,1,4.5,0.5,0.5,1.16,0.0,0.3,6.96,0.0
2,2019-06-01 00:34:31,2019-06-01 00:45:29,2,2.24,1,N,24,42,1,10.0,0.5,0.5,2.26,0.0,0.3,13.56,0.0
2,2019-05-31 23:59:59,2019-06-01 00:10:15,1,0.56,1,N,144,148,1,7.5,0.5,0.5,2.26,0.0,0.3,13.56,2.5
2,2019-06-01 00:19:36,2019-06-01 00:30:17,1,1.63,1,N,79,233,2,8.5,0.5,0.5,0.0,0.0,0.3,12.3,2.5
2,2019-06-01 00:42:57,2019-06-01 01:05:02,1,3.5,1,N,229,186,1,16.0,0.5,0.5,1.98,0.0,0.3,21.78,2.5
1,2019-06-01 00:03:34,2019-06-01 00:28:09,2,4.3,1,N,45,48,1,18.5,3.0,0.5,3.0,0.0,0.3,25.3,2.5
2,2019-06-01 00:06:17,2019-06-01 00:28:05,2,3.65,1,N,24,116,1,16.5,0.5,0.5,2.67,0.0,0.3,20.47,0.0
2,2019-06-01 00:39:32,2019-06-01 00:55:54,2,3.06,1,N,41,244,2,13.0,0.5,0.5,0.0,0.0,0.3,14.3,0.0
2,2019-06-01 00:58:38,2019-06-01 01:19:30,1,3.03,1,N,244,69,1,14.5,0.5,0.5,0.0,0.0,0.3,15.8,0.0
2,2019-06-01 00:23:58,2019-06-01 00:30:46,1,3.53,1,N,238,244,1,11.5,0.5,0.5,1.92,0.0,0.3,14.72,0.0
2,2019-06-01 00:47:16,2019-06-01 00:53:32,1,1.1,1,N,151,41,1,6.5,0.5,0.5,1.95,0.0,0.3,9.75,0.0
2,2019-06-01 00:17:45,2019-06-01 00:22:13,2,0.91,1,N,113,234,1,5.0,0.5,0.5,2.2,0.0,0.3,11.0,2.5
1,2019-06-01 00:03:34,2019-06-01 00:14:26,1,2.1,1,N,249,87,1,9.5,3.0,0.5,2.0,0.0,0.3,15.3,2.5
2,2019-06-01 00:32:57,2019-06-01 00:38:18,1,0.8,1,N,162,230,2,5.5,0.5,0.5,0.0,0.0,0.3,9.3,2.5
2,2019-06-01 00:40:02,2019-06-01 00:52:53,1,3.15,1,N,48,151,1,12.0,0.5,0.5,3.16,0.0,0.3,18.96,2.5
2,2019-06-01 01:00:35,2019-06-01 01:04:48,1,0.82,1,N,142,239,1,5.0,0.5,0.5,1.76,0.0,0.3,10.56,2.5
2,2019-06-01 00:31:09,2019-06-01 00:54:08,1,3.4,1,N,170,231,2,16.0,0.5,0.5,0.0,0.0,0.3,19.8,2.5
2,2019-06-01 00:10:15,2019-06-01 00:13:26,1,0.32,1,N,158,249,1,4.0,0.5,0.5,1.0,0.0,0.3,8.8,2.5
2,2019-06-01 00:15:37,2019-06-01 00:29:32,1,1.85,1,N,249,224,1,10.5,0.5,0.5,2.86,0.0,0.3,17.16,2.5
2,2019-06-01 00:49:57,2019-06-01 00:57:27,1,1.26,1,N,234,164,1,7.0,0.5,0.5,2.16,0.0,0.3,12.96,2.5
1,2019-06-01 00:29:10,2019-06-01 00:33:32,1,1.0,1,N,166,238,2,5.5,0.5,0.5,0.0,0.0,0.3,6.8,0.0
1,2019-06-01 00:47:00,2019-06-01 00:59:20,1,1.1,1,N,50,163,1,5.0,3.0,0.5,2.2,0.0,0.3,11.0,2.5
1,2019-06-01 00:37:38,2019-06-01 00:41:39,1,0.6,1,N,237,263,2,5.0,3.0,0.5,0.0,0.0,0.3,8.8,2.5
1,2019-06-01 00:30:09,2019-06-01 01:26:11,1,13.3,1,N,132,25,1,46.5,0.5,0.5,7.0,0.0,0.3,54.8,0.0
1,2019-06-01 00:27:36,2019-06-01 00:37:12,0,2.4,1,N,236,151,1,10.0,3.0,0.5,1.0,0.0,0.3,14.8,2.5
1,2019-06-01 00:48:32,2019-06-01 00:56:43,0,2.0,1,N,142,141,1,9.0,3.0,0.5,2.55,0.0,0.3,15.35,2.5
2,2019-06-01 00:02:14,2019-06-01 00:23:19,1,9.47,1,N,161,127,1,28.5,0.5,0.5,3.0,0.0,0.3,35.3,2.5
2,2019-06-01 00:40:25,2019-06-01 00:43:32,1,0.72,1,N,166,238,1,4.5,0.5,0.5,5.0,0.0,0.3,10.8,0.0
2,2019-06-01 00:49:21,2019-06-01 00:51:25,1,0.71,1,N,239,238,1,4.0,0.5,0.5,1.56,0.0,0.3,9.36,2.5
2,2019-06-01 00:55:50,2019-06-01 01:06:13,1,1.91,1,N,142,236,1,9.5,0.5,0.5,2.66,0.0,0.3,15.96,2.5
2,2019-06-01 00:16:07,2019-06-01 00:23:09,1,1.29,1,N,161,68,1,6.5,0.5,0.5,2.58,0.0,0.3,12.88,2.5
2,2019-06-01 00:24:05,2019-06-01 00:29:46,1,1.05,1,N,68,164,2,0.0,0.0,0.0,0.0,0.0,0.0,0.0,0.0
2,2019-06-01 00:34:37,2019-06-01 00:49:20,1,2.23,1,N,164,79,1,11.5,0.5,0.5,3.06,0.0,0.3,18.36,2.5
2,2019-06-01 00:25:40,2019-06-01 00:55:46,1,20.41,2,N,132,141,1,52.0,0.0,0.5,12.28,6.12,0.3,73.7,2.5
1,2019-06-01 00:08:35,2019-06-01 00:20:09,1,1.2,1,N,233,164,1,8.5,3.0,0.5,1.0,0.0,0.3,13.3,2.5
1,2019-06-01 00:24:34,2019-06-01 00:39:43,3,3.3,1,N,234,141,1,13.0,3.0,0.5,3.35,0.0,0.3,20.15,2.5
1,2019-06-01 00:57:21,2019-06-01 01:12:09,2,3.1,1,N,230,263,1,12.5,3.0,0.5,3.25,0.0,0.3,19.55,2.5
1,2019-06-01 00:04:47,2019-06-01 00:18:53,1,2.5,1,N,163,107,1,11.0,3.0,0.5,2.96,0.0,0.3,17.76,2.5
1,2019-06-01 00:43:59,2019-06-01 00:46:29,1,0.4,1,N,68,246,1,4.0,3.0,0.5,0.5,0.0,0.3,8.3,2.5
2,2019-06-01 00:11:49,2019-06-01 00:16:33,1,0.85,1,N,234,162,1,5.0,0.5,0.5,2.0,0.0,0.3,10.8,2.5
2,2019-06-01 00:55:18,2019-06-01 01:01:25,1,0.85,1,N,233,229,1,5.5,0.5,0.5,1.86,0.0,0.3,11.16,2.5
1,2019-06-01 00:34:58,2019-06-01 00:53:17,1,5.1,1,N,97,186,2,18.0,3.0,0.5,0.0,0.0,0.3,21.8,2.5
1,2019-06-01 00:54:49,2019-06-01 00:58:49,2,0.8,1,N,164,234,1,5.0,3.0,0.5,1.75,0.0,0.3,10.55,2.5
1,2019-06-01 00:27:24,2019-06-01 00:27:43,2,9.3,5,N,140,140,1,12.0,0.0,0.0,0.0,0.0,0.3,12.3,0.0
1,2019-06-01 00:38:15,2019-06-01 00:45:44,1,1.2,1,N,140,162,1,7.0,3.0,0.5,2.7,0.0,0.3,13.5,2.5
1,2019-06-01 00:59:03,2019-06-01 01:04:38,3,0.9,1,N,142,50,1,5.5,3.0,0.5,1.85,0.0,0.3,11.15,2.5
2,2019-06-01 00:35:38,2019-06-01 00:47:33,2,2.18,1,N,79,186,2,10.0,0.5,0.5,0.0,0.0,0.3,13.8,2.5
2,2019-06-01 00:53:36,2019-06-01 01:47:42,2,12.26,1,N,230,56,1,44.0,0.5,0.5,9.56,0.0,0.3,57.36,2.5
2,2019-05-31 23:59:34,2019-06-01 00:12:10,3,1.47,1,N,249,148,2,9.5,0.5,0.5,0.0,0.0,0.3,13.3,2.5
2,2019-06-01 00:15:58,2019-06-01 00:22:52,3,1.09,1,N,148,249,2,6.5,0.5,0.5,0.0,0.0,0.3,10.3,2.5
2,2019-06-01 00:26:09,2019-06-01 00:39:01,3,1.56,1,N,249,148,1,10.0,0.5,0.5,2.76,0.0,0.3,16.56,2.5
2,2019-06-01 00:48:00,2019-06-01 01:31:28,3,6.97,1,N,137,129,2,32.5,0.5,0.5,0.0,0.0,0.3,36.3,2.5
1,2019-06-01 00:08:38,2019-06-01 00:30:08,1,4.9,1,N,48,42,1,18.0,3.0,0.5,4.35,0.0,0.3,26.15,2.5
1,2019-06-01 00:35:39,2019-06-01 00:47:23,1,2.0,1,N,42,75,4,10.0,0.5,0.5,0.0,0.0,0.3,11.3,0.0
1,2019-06-01 00:00:49,2019-06-01 00:20:53,1,9.6,1,N,238,200,1,27.5,3.0,0.5,6.8,2.8,0.3,40.9,2.5
2,2019-06-01 00:14:08,2019-06-01 00:55:00,1,4.87,1,N,230,232,1,24.0,0.5,0.5,5.56,0.0,0.3,33.36,2.5
1,2019-06-01 00:24:08,2019-06-01 00:27:55,4,0.5,1,N,144,113,1,4.5,3.0,0.5,1.65,0.0,0.3,9.95,2.5
1,2019-06-01 00:30:45,2019-06-01 00:49:24,2,4.6,1,N,234,238,2,17.0,3.0,0.5,0.0,0.0,0.3,20.8,2.5
1,2019-06-01 00:51:50,2019-06-01 01:01:21,1,3.7,1,N,238,244,1,13.5,3.0,0.5,3.46,0.0,0.3,20.76,2.5
1,2019-06-01 00:16:00,2019-06-01 00:22:03,1,0.9,1,N,162,137,1,6.0,3.0,0.5,1.95,0.0,0.3,11.75,2.5
2,2019-06-01 00:29:05,2019-06-01 00:48:12,5,4.74,1,N,65,61,1,17.5,0.5,0.5,0.0,0.0,0.3,18.8,0.0
1,2019-06-01 00:12:58,2019-06-01 00:20:36,1,0.6,1,N,234,79,1,6.5,3.0,0.5,1.0,0.0,0.3,11.3,2.5
1,2019-06-01 00:02:08,2019-06-01 00:13:28,2,2.1,1,N,144,170,1,10.0,3.0,0.5,2.75,0.0,0.3,16.55,2.5
1,2019-06-01 00:19:57,2019-06-01 00:50:21,1,4.4,1,N,107,255,1,21.5,3.0,0.5,5.05,0.0,0.3,30.35,2.5
1,2019-06-01 00:14:23,2019-06-01 00:29:15,1,2.7,1,N,229,239,1,12.0,3.0,0.5,3.15,0.0,0.3,18.95,2.5
2,2019-06-01 00:08:05,2019-06-01 00:11:53,1,0.54,1,N,145,145,1,4.5,0.5,0.5,1.16,0.0,0.3,6.96,0.0
2,2019-06-01 00:20:45,2019-06-01 00:33:20,1,2.95,1,N,112,49,1,11.5,0.5,0.5,2.56,0.0,0.3,15.36,0.0
2,2019-06-01 00:55:27,2019-06-01 01:25:20,1,6.52,1,N,148,239,1,25.0,0.5,0.5,5.76,0.0,0.3,34.56,2.5
2,2019-06-01 00:54:28,2019-06-01 01:22:54,1,6.76,1,N,249,42,1,24.0,0.5,0.5,5.56,0.0,0.3,33.36,2.5
2,2019-06-01 00:40:04,2019-06-01 00:50:48,1,1.42,1,N,261,144,1,8.0,0.5,0.5,2.36,0.0,0.3,14.16,2.5
1,2019-06-01 00:53:26,2019-06-01 01:31:44,1,17.6,2,N,132,162,1,52.0,2.5,0.5,11.05,0.0,0.3,66.35,2.5
2,2019-05-31 23:59:10,2019-06-01 00:28:13,1,6.09,1,N,79,260,1,24.0,0.5,0.5,5.56,0.0,0.3,33.36,2.5
2,2019-06-01 00:51:48,2019-06-01 00:59:28,1,1.73,1,N,141,263,1,8.0,0.5,0.5,2.0,0.0,0.3,13.8,2.5
2,2019-06-01 00:19:41,2019-06-01 00:25:03,1,0.6,1,N,114,148,1,5.5,0.5,0.5,1.86,0.0,0.3,11.16,2.5
2,2019-06-01 00:28:19,2019-06-01 00:32:20,1,0.67,1,N,148,4,1,5.0,0.5,0.5,0.88,0.0,0.3,9.68,2.5
2,2019-06-01 00:44:10,2019-06-01 00:58:18,1,3.24,1,N,113,33,1,12.0,0.5,0.5,3.16,0.0,0.3,18.96,2.5
1,2019-06-01 00:06:31,2019-06-01 00:19:57,2,5.8,1,N,132,203,1,17.5,0.5,0.5,5.0,0.0,0.3,23.8,0.0
1,2019-06-01 00:45:49,2019-06-01 01:27:34,1,17.6,2,N,132,163,1,52.0,2.5,0.5,11.05,0.0,0.3,66.35,2.5
2,2019-06-01 00:09:37,2019-06-01 00:26:42,1,4.49,1,N,209,164,1,17.5,0.5,0.5,4.0,0.0,0.3,25.3,2.5
2,2019-06-01 00:27:48,2019-06-01 01:04:22,1,5.32,1,N,164,7,1,25.0,0.5,0.5,5.76,0.0,0.3,34.56,2.5
2,2019-06-01 00:10:42,2019-06-01 00:28:46,1,3.12,1,N,230,79,2,13.5,0.5,0.5,0.0,0.0,0.3,17.3,2.5
2,2019-06-01 00:32:34,2019-06-01 00:44:35,1,2.55,1,N,79,141,1,10.5,0.5,0.5,3.58,0.0,0.3,17.88,2.5
1,2019-06-01 00:08:59,2019-06-01 00:17:34,3,1.7,1,N,231,158,1,8.5,3.0,0.5,2.45,0.0,0.3,14.75,2.5
1,2019-06-01 00:18:41,2019-06-01 00:37:29,2,3.0,1,N,158,87,1,14.0,3.0,0.5,3.55,0.0,0.3,21.35,2.5
1,2019-06-01 00:46:43,2019-06-01 01:15:17,1,6.5,1,N,13,61,1,23.5,3.0,0.5,2.0,0.0,0.3,29.3,2.5
1,2019-06-01 00:46:00,2019-06-01 00:48:17,1,0.8,1,N,263,141,1,4.5,3.0,0.5,1.65,0.0,0.3,9.95,2.5
2,2019-06-01 00:27:19,2019-06-01 00:33:52,5,1.0,1,N,249,68,1,6.0,0.5,0.5,1.96,0.0,0.3,11.76,2.5
2,2019-06-01 00:38:47,2019-06-01 00:50:10,5,2.01,1,N,68,48,1,9.5,0.5,0.5,2.66,0.0,0.3,15.96,2.5
2,2019-06-01 00:12:23,2019-06-01 00:27:07,1,2.82,1,N,144,100,1,12.5,0.5,0.5,3.26,0.0,0.3,19.56,2.5
2,2019-06-01 00:31:51,2019-06-01 00:36:36,1,0.57,1,N,48,170,1,5.0,0.5,0.5,2.64,0.0,0.3,11.44,2.5
2,2019-06-01 00:38:51,2019-06-01 00:51:33,1,2.49,1,N,164,113,2,11.0,0.5,0.5,0.0,0.0,0.3,14.8,2.5
2,2019-06-01 00:53:01,2019-06-01 01:00:04,1,1.51,1,N,114,90,1,7.5,0.5,0.5,3.39,0.0,0.3,14.69,2.5
1,2019-06-01 00:39:50,2019-06-01 00:49:39,1,2.3,1,N,231,137,1,9.5,3.0,0.5,2.65,0.0,0.3,15.95,2.5
1,2019-06-01 00:53:25,2019-06-01 01:05:39,1,1.8,1,N,137,249,1,9.5,3.0,0.5,2.65,0.0,0.3,15.95,2.5
2,2019-06-01 00:03:38,2019-06-01 00:12:08,1,2.82,1,N,229,75,1,10.0,0.5,0.5,3.45,0.0,0.3,17.25,2.5
2,2019-06-01 00:24:42,2019-06-01 01:00:23,1,20.12,1,N,132,52,1,54.0,0.5,0.5,8.0,0.0,0.3,63.3,0.0
1,2019-06-01 00:06:05,2019-06-01 00:21:30,2,4.4,1,N,224,263,1,15.0,3.0,0.5,2.82,0.0,0.3,21.62,2.5
1,2019-06-01 00:37:40,2019-06-01 00:53:50,1,3.4,1,N,48,140,1,13.5,3.0,0.5,5.15,0.0,0.3,22.45,2.5
2,2019-06-01 00:05:14,2019-06-01 00:39:22,2,6.12,1,N,162,13,1,25.0,0.5,0.5,0.0,0.0,0.3,28.8,2.5
2,2019-06-01 00:54:59,2019-06-01 01:18:09,3,7.87,1,N,158,257,1,24.0,0.5,0.5,6.78,6.12,0.3,40.7,2.5
1,2019-06-01 00:03:50,2019-06-01 00:09:29,1,1.2,1,N,263,238,1,6.0,3.0,0.5,1.95,0.0,0.3,11.75,2.5
1,2019-06-01 00:17:23,2019-06-01 00:22:45,1,1.6,1,N,239,166,1,6.5,3.0,0.5,2.05,0.0,0.3,12.35,2.5
1,2019-06-01 00:28:49,2019-06-01 00:33:36,1,0.9,1,N,151,239,1,5.5,3.0,0.5,2.3,0.0,0.3,11.6,2.5
1,2019-06-01 00:49:53,2019-06-01 00:57:51,1,1.9,1,N,239,48,1,8.0,3.0,0.5,1.0,0.0,0.3,12.8,2.5
1,2019-06-01 00:16:17,2019-06-01 00:26:48,1,1.6,1,N,234,144,1,8.5,3.0,0.5,1.0,0.0,0.3,13.3,2.5
1,2019-06-01 00:29:03,2019-06-01 00:39:36,1,0.9,1,N,144,144,1,8.0,3.0,0.5,2.35,0.0,0.3,14.15,2.5
1,2019-06-01 00:48:32,2019-06-01 00:57:33,1,1.7,1,N,114,186,1,8.0,3.0,0.5,1.75,0.0,0.3,13.55,2.5
1,2019-06-01 00:25:36,2019-06-01 00:46:00,2,3.4,1,N,137,148,1,16.0,3.0,0.5,3.95,0.0,0.3,23.75,2.5
1,2019-06-01 00:56:08,2019-06-01 01:01:30,1,1.0,1,N,79,4,1,5.5,3.0,0.5,2.75,0.0,0.3,12.05,2.5
2,2019-06-01 00:10:00,2019-06-01 00:22:59,1,2.71,1,N,42,75,2,11.5,0.5,0.5,0.0,0.0,0.3,12.8,0.0
2,2019-06-01 00:30:57,2019-06-01 00:40:50,1,1.11,1,N,141,162,1,8.0,0.5,0.5,2.36,0.0,0.3,14.16,2.5
2,2019-06-01 00:13:48,2019-06-01 00:16:30,1,0.84,1,N,65,49,1,4.5,0.5,0.5,0.0,0.0,0.3,5.8,0.0
2,2019-06-01 00:29:40,2019-06-01 00:43:28,1,5.06,1,N,45,229,1,16.5,0.5,0.5,4.2,0.0,0.3,24.5,2.5
2,2019-06-01 00:46:23,2019-06-01 01:32:49,1,12.44,1,N,162,92,2,44.5,0.5,0.5,0.0,0.0,0.3,48.3,2.5
2,2019-06-01 00:08:25,2019-06-01 00:33:07,3,6.74,1,N,79,226,1,22.5,0.5,0.5,6.58,6.12,0.3,39.0,2.5
2,2019-06-01 00:51:38,2019-06-01 01:14:10,2,11.07,1,N,138,25,2,32.5,0.5,0.5,0.0,0.0,0.3,33.8,0.0
2,2019-06-01 00:09:02,2019-06-01 00:25:02,1,3.38,1,N,50,158,1,14.0,0.5,0.5,4.45,0.0,0.3,22.25,2.5
2,2019-06-01 00:27:21,2019-06-01 00:36:21,1,1.06,1,N,158,211,2,7.5,0.5,0.5,0.0,0.0,0.3,11.3,2.5
2,2019-06-01 00:38:53,2019-06-01 00:52:11,1,2.33,1,N,249,170,2,11.0,0.5,0.5,0.0,0.0,0.3,14.8,2.5
2,2019-06-01 00:56:29,2019-06-01 01:05:48,1,1.48,1,N,107,79,1,8.0,0.5,0.5,2.36,0.0,0.3,14.16,2.5
2,2019-06-01 00:05:14,2019-06-01 00:15:35,3,0.93,1,N,48,230,1,8.0,0.5,0.5,2.36,0.0,0.3,14.16,2.5
2,2019-06-01 00:31:13,2019-06-01 01:01:50,2,4.08,1,N,107,145,1,20.0,0.5,0.5,4.76,0.0,0.3,28.56,2.5
2,2019-06-01 00:16:45,2019-06-01 00:29:47,1,1.53,1,N,113,68,1,10.0,0.5,0.5,3.0,0.0,0.3,16.8,2.5
2,2019-06-01 00:52:43,2019-06-01 00:56:10,1,1.19,1,N,239,151,1,5.5,0.5,0.5,1.0,0.0,0.3,10.3,2.5
1,2019-06-01 00:22:11,2019-06-01 00:50:13,1,5.6,1,N,249,238,1,22.0,3.0,0.5,5.15,0.0,0.3,30.95,2.5
1,2019-06-01 00:55:38,2019-06-01 01:09:33,1,2.5,1,N,238,237,1,12.0,3.0,0.5,3.15,0.0,0.3,18.95,2.5
2,2019-06-01 00:29:30,2019-06-01 00:30:41,3,0.22,1,N,234,234,1,3.0,0.5,0.5,1.36,0.0,0.3,8.16,2.5
2,2019-06-01 00:32:05,2019-06-01 00:59:35,3,3.89,1,N,164,148,2,20.0,0.5,0.5,0.0,0.0,0.3,23.8,2.5
2,2019-06-01 01:01:19,2019-06-01 01:13:28,2,3.5,1,N,148,112,1,13.0,0.5,0.5,3.36,0.0,0.3,20.16,2.5
2,2019-06-01 00:13:56,2019-06-01 00:14:10,1,0.01,1,N,13,13,2,2.5,0.5,0.5,0.0,0.0,0.3,6.3,2.5
2,2019-06-01 01:00:18,2019-06-01 01:19:48,1,4.58,1,N,87,48,2,17.0,0.5,0.5,0.0,0.0,0.3,20.8,2.5
2,2019-06-01 00:09:04,2019-06-01 00:32:24,2,5.27,1,N,114,239,1,20.0,0.5,0.5,2.38,0.0,0.3,26.18,2.5
2,2019-06-01 00:34:16,2019-06-01 00:38:28,5,0.77,1,N,239,239,1,5.0,0.5,0.5,1.0,0.0,0.3,9.8,2.5
1,2019-06-01 00:13:14,2019-06-01 00:39:22,1,4.7,1,N,88,189,1,19.0,3.0,0.5,3.0,0.0,0.3,25.8,2.5
1,2019-06-01 00:29:41,2019-06-01 00:34:33,1,0.8,1,N,113,90,1,5.5,3.0,0.5,1.5,0.0,0.3,10.8,2.5
1,2019-06-01 00:57:34,2019-06-01 01:19:56,0,3.2,1,N,186,79,1,15.5,3.0,0.5,2.5,0.0,0.3,21.8,2.5
1,2019-06-01 00:00:43,2019-06-01 00:20:35,2,3.6,1,N,244,41,1,15.5,0.5,0.5,1.0,0.0,0.3,17.8,0.0
1,2019-06-01 00:21:45,2019-06-01 00:35:14,1,3.7,1,N,41,230,2,13.5,3.0,0.5,0.0,0.0,0.3,17.3,2.5
1,2019-06-01 00:36:19,2019-06-01 00:49:18,1,2.8,1,N,230,263,2,11.5,3.0,0.5,0.0,0.0,0.3,15.3,2.5
1,2019-06-01 00:02:35,2019-06-01 00:08:51,1,1.5,1,N,142,238,1,7.5,3.0,0.5,2.25,0.0,0.3,13.55,2.5
1,2019-06-01 00:15:47,2019-06-01 00:29:59,1,2.7,1,N,238,74,1,12.5,3.0,0.5,0.0,0.0,0.3,16.3,2.5
1,2019-06-01 00:41:00,2019-06-01 00:52:30,1,2.6,1,N,238,116,3,11.0,0.5,0.5,0.0,0.0,0.3,12.3,0.0
1,2019-06-01 00:17:17,2019-06-01 00:41:22,2,3.9,1,N,13,49,2,17.0,3.0,0.5,0.0,0.0,0.3,20.8,2.5
1,2019-06-01 00:06:44,2019-06-01 00:34:18,3,6.2,1,N,138,162,1,22.5,3.0,0.5,5.25,0.0,0.3,31.55,2.5
1,2019-06-01 00:42:24,2019-06-01 00:48:50,1,1.7,1,N,161,236,1,7.5,3.0,0.5,2.8,0.0,0.3,14.1,2.5
2,2019-06-01 00:08:18,2019-06-01 00:24:56,2,2.54,1,N,164,141,1,12.5,0.5,0.5,2.0,0.0,0.3,18.3,2.5
2,2019-06-01 00:42:56,2019-06-01 01:13:58,2,3.73,1,N,161,226,1,20.0,0.5,0.5,3.0,0.0,0.3,26.8,2.5
1,2019-06-01 00:33:03,2019-06-01 00:35:51,0,0.9,1,Y,263,75,2,4.5,3.0,0.5,0.0,0.0,0.3,8.3,2.5
1,2019-06-01 00:40:23,2019-06-01 00:53:15,0,3.7,1,N,75,119,2,13.5,0.5,0.5,0.0,0.0,0.3,14.8,0.0
2,2019-06-01 00:07:23,2019-06-01 00:19:35,1,3.45,1,N,237,24,1,12.5,0.5,0.5,3.26,0.0,0.3,19.56,2.5
2,2019-06-01 00:15:09,2019-06-01 00:42:14,3,4.65,1,N,41,140,1,21.0,0.5,0.5,5.2,0.0,0.3,30.0,2.5
2,2019-06-01 00:51:53,2019-06-01 00:57:18,4,1.4,1,N,140,262,2,6.5,0.5,0.5,0.0,0.0,0.3,10.3,2.5
2,2019-06-01 00:01:27,2019-06-01 00:05:45,3,0.84,1,N,141,140,1,5.0,0.5,0.5,1.76,0.0,0.3,10.56,2.5
2,2019-06-01 00:52:43,2019-06-01 01:12:18,4,9.58,1,N,233,127,1,27.5,0.5,0.5,6.26,0.0,0.3,37.56,2.5
2,2019-05-31 23:53:58,2019-06-01 00:03:18,1,2.9,1,N,238,116,1,11.0,0.5,0.5,2.46,0.0,0.3,14.76,0.0
2,2019-06-01 00:39:32,2019-06-01 00:46:25,1,3.71,1,N,238,244,1,12.0,0.5,0.5,2.66,0.0,0.3,15.96,0.0
2,2019-06-01 00:38:52,2019-06-01 01:00:38,2,4.27,1,N,145,37,1,17.5,0.5,0.5,2.82,0.0,0.3,21.62,0.0
2,2019-06-01 00:07:53,2019-06-01 00:43:20,2,18.16,1,N,132,49,2,50.5,0.5,0.5,0.0,0.0,0.3,51.8,0.0
2,2019-06-01 00:54:02,2019-06-01 01:10:00,2,3.74,1,N,97,114,1,14.5,0.5,0.5,3.66,0.0,0.3,21.96,2.5
1,2019-06-01 00:25:59,2019-06-01 00:51:41,1,14.1,1,N,132,36,2,39.0,0.5,0.5,0.0,0.0,0.3,40.3,0.0
2,2019-06-01 00:03:20,2019-06-01 00:25:17,1,2.47,1,N,107,148,1,13.5,0.5,0.5,2.0,0.0,0.3,19.3,2.5
2,2019-06-01 00:39:21,2019-06-01 00:44:24,1,1.4,1,N,107,233,1,6.0,0.5,0.5,1.96,0.0,0.3,11.76,2.5
2,2019-06-01 00:49:07,2019-06-01 00:56:36,1,1.2,1,N,229,233,2,7.0,0.5,0.5,0.0,0.0,0.3,10.8,2.5
1,2019-06-01 00:07:13,2019-06-01 00:14:56,0,0.9,1,N,229,163,2,6.5,3.0,0.5,0.0,0.0,0.3,10.3,2.5
1,2019-06-01 00:21:44,2019-06-01 01:03:25,0,5.2,1,N,163,223,1,27.0,3.0,0.5,3.0,0.0,0.3,33.8,2.5
2,2019-05-31 23:58:11,2019-06-01 00:40:48,1,11.19,1,N,132,61,1,38.0,0.5,0.5,7.86,0.0,0.3,47.16,0.0
2,2019-06-01 00:30:19,2019-06-01 00:39:03,3,2.77,1,N,97,209,1,10.5,0.5,0.5,2.86,0.0,0.3,17.16,2.5
2,2019-06-01 00:41:35,2019-06-01 01:19:07,4,9.6,1,N,209,179,2,33.5,0.5,0.5,0.0,0.0,0.3,37.3,2.5
1,2019-06-01 00:07:28,2019-06-01 00:13:44,2,1.0,1,N,68,68,1,6.0,3.0,0.5,1.95,0.0,0.3,11.75,2.5
1,2019-06-01 00:18:10,2019-06-01 00:30:45,2,1.8,1,N,68,224,1,10.0,3.0,0.5,2.07,0.0,0.3,15.87,2.5
1,2019-06-01 00:35:01,2019-06-01 01:01:44,1,8.5,1,N,79,196,1,29.5,3.0,0.5,6.65,0.0,0.3,39.95,2.5
2,2019-06-01 00:43:21,2019-06-01 00:51:52,1,1.57,1,N,239,236,1,8.0,0.5,0.5,2.36,0.0,0.3,14.16,2.5
2,2019-06-01 00:07:00,2019-06-01 00:20:01,1,1.4,1,N,233,186,1,9.5,0.5,0.5,2.66,0.0,0.3,15.96,2.5
2,2019-06-01 00:26:00,2019-06-01 00:55:45,1,5.17,1,N,90,255,1,22.0,0.5,0.5,5.16,0.0,0.3,30.96,2.5
2,2019-06-01 00:56:32,2019-06-01 00:59:19,1,0.43,1,N,255,255,1,4.0,0.5,0.5,1.0,0.0,0.3,6.3,0.0
1,2019-06-01 00:02:57,2019-06-01 00:20:48,1,4.1,1,N,80,170,1,16.0,3.0,0.5,5.15,6.12,0.3,31.07,2.5
1,2019-06-01 00:26:32,2019-06-01 01:05:08,2,7.1,1,N,164,80,2,31.5,3.0,0.5,0.0,6.12,0.3,41.42,2.5
2,2019-06-01 00:02:08,2019-06-01 00:21:59,4,4.57,1,N,87,170,1,18.0,0.5,0.5,4.36,0.0,0.3,26.16,2.5
2,2019-06-01 00:34:50,2019-06-01 00:48:12,1,3.77,1,N,137,75,1,13.0,0.5,0.5,4.2,0.0,0.3,21.0,2.5
1,2019-06-01 00:17:01,2019-06-01 00:33:32,1,2.7,1,N,229,79,1,13.0,3.0,0.5,2.0,0.0,0.3,18.8,2.5
1,2019-06-01 00:37:00,2019-06-01 00:40:20,1,0.6,1,N,79,137,1,4.5,3.0,0.5,1.0,0.0,0.3,9.3,2.5
2,2019-06-01 00:50:45,2019-06-01 00:57:41,6,1.27,1,N,164,230,1,7.0,0.5,0.5,2.16,0.0,0.3,12.96,2.5
2,2019-06-01 00:17:09,2019-06-01 00:21:50,1,1.04,1,N,140,141,1,5.5,0.5,0.5,1.0,0.0,0.3,10.3,2.5
2,2019-06-01 00:23:04,2019-06-01 00:26:53,1,0.77,1,N,237,236,1,5.0,0.5,0.5,1.76,0.0,0.3,10.56,2.5
2,2019-06-01 00:33:55,2019-06-01 00:36:05,1,0.77,1,N,237,236,1,4.0,0.5,0.5,1.0,0.0,0.3,8.8,2.5
2,2019-06-01 00:37:50,2019-06-01 00:39:57,1,0.49,1,N,236,263,2,4.0,0.5,0.5,0.0,0.0,0.3,7.8,2.5
2,2019-06-01 00:53:29,2019-06-01 00:57:26,1,1.04,1,N,236,140,1,5.5,0.5,0.5,1.86,0.0,0.3,11.16,2.5
1,2019-06-01 00:23:55,2019-06-01 00:39:43,1,6.7,1,Y,88,140,1,21.0,3.0,0.5,4.95,0.0,0.3,29.75,2.5
1,2019-06-01 00:46:10,2019-06-01 00:52:22,1,1.2,1,Y,263,141,1,6.5,3.0,0.5,2.06,0.0,0.3,12.36,2.5
1,2019-06-01 00:02:35,2019-06-01 00:11:00,1,1.5,1,N,209,148,2,8.0,3.0,0.5,0.0,0.0,0.3,11.8,2.5
1,2019-06-01 00:13:09,2019-06-01 00:26:39,1,3.0,1,N,148,80,1,13.0,3.0,0.5,3.35,0.0,0.3,20.15,2.5
2,2019-06-01 00:00:11,2019-06-01 00:31:41,1,19.92,2,N,132,236,1,52.0,0.0,0.5,12.28,6.12,0.3,73.7,2.5
2,2019-06-01 00:31:47,2019-06-01 00:48:27,1,1.71,1,N,68,79,1,11.5,0.5,0.5,3.06,0.0,0.3,18.36,2.5
2,2019-06-01 00:51:00,2019-06-01 00:57:39,1,0.83,1,N,4,113,1,6.0,0.5,0.5,1.96,0.0,0.3,11.76,2.5
2,2019-06-01 00:15:42,2019-06-01 00:48:40,1,6.84,1,N,148,142,1,26.0,0.5,0.5,5.96,0.0,0.3,35.76,2.5
2,2019-06-01 00:53:52,2019-06-01 01:01:39,1,1.85,1,N,48,68,1,8.0,0.5,0.5,2.95,0.0,0.3,14.75,2.5
2,2019-06-01 00:10:53,2019-06-01 00:13:43,1,0.63,1,N,143,50,1,4.5,0.5,0.5,1.66,0.0,0.3,9.96,2.5
1,2019-06-01 00:28:32,2019-06-01 00:36:48,1,1.3,1,N,107,233,1,7.5,3.0,0.5,2.25,0.0,0.3,13.55,2.5
1,2019-06-01 00:44:47,2019-06-01 00:54:54,1,1.0,1,N,170,229,2,8.5,3.0,0.5,0.0,0.0,0.3,12.3,2.5
1,2019-06-01 00:02:40,2019-06-01 00:18:37,1,2.0,1,N,162,68,1,11.5,3.0,0.5,2.0,0.0,0.3,17.3,2.5
1,2019-06-01 00:20:59,2019-06-01 00:57:49,1,10.4,1,N,246,127,1,37.0,3.0,0.5,2.0,0.0,0.3,42.8,2.5
2,2019-06-01 00:04:30,2019-06-01 00:21:34,1,4.56,1,N,74,142,2,16.0,0.5,0.5,0.0,0.0,0.3,19.8,2.5
2,2019-06-01 00:23:43,2019-06-01 00:27:09,1,1.17,1,N,143,238,1,5.5,0.5,0.5,1.0,0.0,0.3,10.3,2.5
2,2019-06-01 00:29:47,2019-06-01 00:39:31,1,3.93,1,N,238,116,2,13.0,0.5,0.5,0.0,0.0,0.3,14.3,0.0
2,2019-05-31 23:53:37,2019-06-01 00:02:48,1,0.99,1,N,4,148,1,7.5,0.5,0.5,1.0,0.0,0.3,12.3,2.5
2,2019-06-01 00:05:18,2019-06-01 00:10:31,1,1.13,1,N,148,107,2,5.5,0.5,0.5,0.0,0.0,0.3,9.3,2.5
2,2019-06-01 00:15:16,2019-06-01 00:22:02,1,0.9,1,N,107,233,1,6.5,0.5,0.5,2.06,0.0,0.3,12.36,2.5
2,2019-06-01 00:36:19,2019-06-01 01:03:59,1,4.52,1,N,230,7,2,22.0,0.5,0.5,0.0,0.0,0.3,25.8,2.5
2,2019-06-01 00:39:19,2019-06-01 00:46:44,1,1.04,1,N,45,148,1,6.5,0.5,0.5,1.0,0.0,0.3,11.3,2.5
2,2019-06-01 00:48:39,2019-06-01 01:09:07,1,6.78,1,N,148,75,2,22.0,0.5,0.5,0.0,0.0,0.3,25.8,2.5
2,2019-06-01 00:12:03,2019-06-01 00:27:52,1,5.64,1,N,132,10,2,18.5,0.5,0.5,0.0,0.0,0.3,19.8,0.0
1,2019-06-01 00:02:51,2019-06-01 00:14:17,1,1.6,1,N,163,164,2,9.0,3.0,0.5,0.0,0.0,0.3,12.8,2.5
1,2019-06-01 00:24:43,2019-06-01 00:28:35,0,0.8,1,N,163,143,1,5.0,3.0,0.5,2.2,0.0,0.3,11.0,2.5
1,2019-06-01 00:35:34,2019-06-01 00:45:45,1,1.5,1,N,48,68,1,8.5,3.0,0.5,0.0,0.0,0.3,12.3,2.5
1,2019-06-01 00:49:16,2019-06-01 01:02:27,2,0.6,1,N,158,249,1,9.0,3.0,0.5,0.75,0.0,0.3,13.55,2.5
1,2019-06-01 00:07:29,2019-06-01 00:27:51,2,1.3,1,N,230,170,2,13.0,3.0,0.5,0.0,0.0,0.3,16.8,2.5
1,2019-06-01 00:30:55,2019-06-01 00:48:18,2,2.7,1,N,229,137,1,12.5,3.0,0.5,2.58,0.0,0.3,18.88,2.5
1,2019-06-01 00:56:49,2019-06-01 01:16:01,1,2.3,1,N,229,230,1,13.5,3.0,0.5,2.0,0.0,0.3,19.3,2.5
1,2019-06-01 00:02:23,2019-06-01 00:45:05,2,17.2,1,N,132,89,2,50.5,0.5,0.5,0.0,0.0,0.3,51.8,0.0
1,2019-06-01 00:33:20,2019-06-01 00:42:45,0,1.2,1,N,249,79,2,7.5,3.0,0.5,0.0,0.0,0.3,11.3,2.5
1,2019-06-01 00:45:05,2019-06-01 01:09:04,3,6.1,1,N,79,24,1,21.0,3.0,0.5,4.95,0.0,0.3,29.75,2.5
1,2019-06-01 00:07:46,2019-06-01 00:30:56,1,4.7,1,N,79,80,1,19.5,3.0,0.5,4.65,0.0,0.3,27.95,2.5
1,2019-06-01 00:07:44,2019-06-01 00:10:48,1,0.9,1,N,174,32,2,5.0,0.5,0.5,0.0,0.0,0.3,6.3,0.0
1,2019-06-01 00:43:48,2019-06-01 00:48:39,1,1.2,1,N,163,164,1,6.0,3.0,0.5,2.45,0.0,0.3,12.25,2.5
1,2019-06-01 00:55:00,2019-06-01 01:31:14,1,13.2,1,N,68,136,1,41.0,3.0,0.5,8.95,0.0,0.3,53.75,2.5
1,2019-06-01 00:27:07,2019-06-01 01:03:48,1,19.0,2,N,132,113,1,52.0,2.5,0.5,11.05,0.0,0.3,66.35,2.5
1,2019-06-01 00:05:07,2019-06-01 00:19:14,1,2.6,1,N,79,186,1,12.0,3.0,0.5,3.15,0.0,0.3,18.95,2.5
1,2019-06-01 00:20:19,2019-06-01 00:32:09,1,2.6,1,N,164,143,2,11.0,3.0,0.5,0.0,0.0,0.3,14.8,2.5
1,2019-06-01 00:41:30,2019-06-01 00:50:49,1,2.5,1,N,142,162,1,9.5,3.0,0.5,1.0,0.0,0.3,14.3,2.5
1,2019-06-01 00:52:39,2019-06-01 01:01:28,1,1.6,1,N,162,50,1,7.5,3.0,0.5,2.25,0.0,0.3,13.55,2.5
1,2019-06-01 00:24:26,2019-06-01 00:38:17,1,8.2,1,N,132,95,1,24.0,0.5,0.5,3.0,0.0,0.3,28.3,0.0
2,2019-06-01 00:09:49,2019-06-01 00:24:56,3,2.87,1,N,238,142,2,12.5,0.5,0.5,0.0,0.0,0.3,16.3,2.5
2,2019-06-01 00:33:03,2019-06-01 00:51:26,2,5.5,1,N,239,244,2,20.0,0.5,0.5,0.0,0.0,0.3,23.8,2.5
2,2019-06-01 00:19:57,2019-06-01 00:34:11,1,3.25,1,N,161,238,1,12.5,0.5,0.5,3.26,0.0,0.3,19.56,2.5
1,2019-06-01 00:44:37,2019-06-01 00:47:22,2,0.5,1,N,48,230,1,4.0,3.0,0.5,2.0,0.0,0.3,9.8,2.5
1,2019-06-01 00:53:18,2019-06-01 00:56:05,1,0.4,1,N,230,230,2,4.0,3.0,0.5,0.0,0.0,0.3,7.8,2.5
1,2019-06-01 00:59:37,2019-06-01 01:02:10,2,0.7,1,N,164,161,2,4.5,3.0,0.5,0.0,0.0,0.3,8.3,2.5
2,2019-06-01 00:58:34,2019-06-01 01:13:59,1,1.96,1,N,249,79,1,11.5,0.5,0.5,4.59,0.0,0.3,19.89,2.5
2,2019-06-01 00:19:22,2019-06-01 00:39:15,1,2.99,1,N,114,33,1,13.5,0.5,0.5,3.46,0.0,0.3,20.76,2.5
2,2019-06-01 00:45:02,2019-06-01 00:53:12,1,2.45,1,N,65,87,1,9.5,0.5,0.5,1.5,0.0,0.3,14.8,2.5
2,2019-06-01 00:55:40,2019-06-01 01:06:58,1,2.52,1,N,87,249,1,10.5,0.5,0.5,2.86,0.0,0.3,17.16,2.5
2,2019-06-01 00:36:45,2019-06-01 00:39:56,1,0.61,1,N,211,114,1,4.5,0.5,0.5,1.5,0.0,0.3,9.8,2.5
2,2019-06-01 00:41:48,2019-06-01 00:57:41,1,3.02,1,N,114,246,1,12.5,0.5,0.5,3.26,0.0,0.3,19.56,2.5
1,2019-06-01 00:02:00,2019-06-01 00:09:58,1,1.9,1,N,142,238,1,8.5,3.0,0.5,2.46,0.0,0.3,14.76,2.5
1,2019-06-01 00:16:27,2019-06-01 00:19:58,1,0.9,1,N,142,238,1,5.0,3.0,0.5,1.75,0.0,0.3,10.55,2.5
1,2019-06-01 00:22:40,2019-06-01 00:32:09,1,2.4,1,N,238,152,1,10.0,3.0,0.5,3.45,0.0,0.3,17.25,2.5
1,2019-06-01 00:33:04,2019-06-01 00:38:30,1,0.9,1,N,152,42,2,6.0,0.5,0.5,0.0,0.0,0.3,7.3,0.0
2,2019-06-01 00:06:46,2019-06-01 00:11:07,1,1.0,1,N,166,238,1,5.5,0.5,0.5,0.0,0.0,0.3,6.8,0.0
2,2019-06-01 00:12:13,2019-06-01 00:27:17,1,7.9,1,N,238,220,1,23.5,0.5,0.5,3.0,2.8,0.3,30.6,0.0
1,2019-06-01 00:02:41,2019-06-01 00:23:35,1,4.4,1,N,88,107,1,18.0,3.0,0.5,4.35,0.0,0.3,26.15,2.5
1,2019-06-01 00:26:41,2019-06-01 00:41:05,1,1.7,1,N,107,45,2,10.5,3.0,0.5,0.0,0.0,0.3,14.3,2.5
1,2019-06-01 00:55:12,2019-06-01 01:13:18,1,4.2,1,N,113,262,1,15.5,3.0,0.5,3.85,0.0,0.3,23.15,2.5
2,2019-06-01 00:44:54,2019-06-01 01:23:08,1,18.87,2,N,132,148,2,52.0,0.0,0.5,0.0,0.0,0.3,55.3,2.5
2,2019-06-01 00:06:23,2019-06-01 00:18:35,1,2.1,1,N,148,158,1,10.0,0.5,0.5,2.76,0.0,0.3,16.56,2.5
2,2019-06-01 00:50:39,2019-06-01 00:58:42,1,1.96,1,N,68,231,1,8.0,0.5,0.5,2.95,0.0,0.3,14.75,2.5
2,2019-05-31 23:56:14,2019-05-31 23:59:11,1,0.61,1,N,113,90,2,4.0,0.5,0.5,0.0,0.0,0.3,7.8,2.5
2,2019-06-01 00:00:06,2019-06-01 00:17:02,1,2.74,1,N,249,50,1,13.0,0.5,0.5,3.36,0.0,0.3,20.16,2.5
2,2019-06-01 00:22:43,2019-06-01 00:27:27,1,1.53,1,N,48,239,1,6.5,0.5,0.5,2.0,0.0,0.3,12.3,2.5
2,2019-06-01 00:39:21,2019-06-01 00:41:51,1,0.41,1,N,48,68,1,4.0,0.5,0.5,0.5,0.0,0.3,8.3,2.5
2,2019-06-01 00:48:19,2019-06-01 00:55:05,1,0.93,1,N,48,170,2,6.0,0.5,0.5,0.0,0.0,0.3,9.8,2.5
2,2019-06-01 00:39:06,2019-06-01 00:50:02,1,1.86,1,N,181,61,2,9.5,0.5,0.5,0.0,0.0,0.3,10.8,0.0
1,2019-06-01 00:25:01,2019-06-01 00:31:48,0,1.6,1,N,231,90,1,7.0,3.0,0.5,2.7,0.0,0.3,13.5,2.5
1,2019-06-01 00:34:19,2019-06-01 00:55:59,0,2.2,1,N,249,148,1,14.5,3.0,0.5,3.65,0.0,0.3,21.95,2.5
1,2019-06-01 00:57:52,2019-06-01 01:06:08,0,1.6,1,N,148,107,1,7.5,3.0,0.5,2.25,0.0,0.3,13.55,2.5
1,2019-06-01 00:14:34,2019-06-01 00:18:42,1,0.9,1,N,142,237,2,5.5,3.0,0.5,0.0,0.0,0.3,9.3,2.5
2,2019-06-01 00:13:09,2019-06-01 00:22:27,3,1.6,1,N,48,246,1,8.0,0.5,0.5,2.36,0.0,0.3,14.16,2.5
1,2019-06-01 00:44:50,2019-06-01 01:03:06,4,4.3,1,N,140,148,1,17.0,3.0,0.5,4.15,0.0,0.3,24.95,2.5
2,2019-06-01 00:05:12,2019-06-01 00:15:04,1,1.25,1,N,48,162,1,8.0,0.5,0.5,2.36,0.0,0.3,14.16,2.5
2,2019-06-01 00:19:15,2019-06-01 00:21:47,1,0.5,1,N,237,236,1,4.0,0.5,0.5,1.0,0.0,0.3,8.8,2.5
2,2019-06-01 00:25:31,2019-06-01 00:39:34,2,2.12,1,N,236,161,2,11.0,0.5,0.5,0.0,0.0,0.3,14.8,2.5
2,2019-06-01 00:40:11,2019-06-01 01:25:32,2,7.99,1,N,161,129,2,33.5,0.5,0.5,0.0,0.0,0.3,37.3,2.5
2,2019-06-01 00:36:41,2019-06-01 00:54:19,1,3.22,1,N,229,148,1,14.0,0.5,0.5,3.56,0.0,0.3,21.36,2.5
2,2019-06-01 00:55:00,2019-06-01 01:01:45,1,1.14,1,N,148,114,1,6.5,0.5,0.5,2.06,0.0,0.3,12.36,2.5
2,2019-06-01 01:04:45,2019-06-01 01:14:41,1,2.43,1,N,114,164,2,9.5,0.5,0.5,0.0,0.0,0.3,13.3,2.5
2,2019-06-01 00:25:01,2019-06-01 00:45:52,1,8.26,1,N,138,164,1,25.5,0.5,0.5,5.0,6.12,0.3,40.42,2.5
2,2019-06-01 00:54:14,2019-06-01 00:57:38,1,0.46,1,N,113,79,1,4.0,0.5,0.5,1.0,0.0,0.3,8.8,2.5
2,2019-06-01 00:38:09,2019-06-01 00:56:43,3,5.21,1,N,132,205,2,18.0,0.5,0.5,0.0,0.0,0.3,19.3,0.0
1,2019-06-01 00:07:44,2019-06-01 00:14:18,1,1.2,1,N,230,142,2,6.5,3.0,0.5,0.0,0.0,0.3,10.3,2.5
1,2019-06-01 00:15:11,2019-06-01 00:18:32,1,0.6,1,N,142,48,1,4.5,3.0,0.5,2.05,0.0,0.3,10.35,2.5
1,2019-06-01 00:35:09,2019-06-01 00:43:03,1,1.6,1,N,68,142,1,7.5,3.0,0.5,2.0,0.0,0.3,13.3,2.5
1,2019-06-01 00:57:37,2019-06-01 01:14:28,1,3.3,1,N,48,262,1,14.0,3.0,0.5,3.55,0.0,0.3,21.35,2.5
2,2019-06-01 00:17:13,2019-06-01 00:24:45,3,1.36,1,N,230,234,2,7.0,0.5,0.5,0.0,0.0,0.3,10.8,2.5
2,2019-06-01 00:30:50,2019-06-01 00:43:38,1,2.3,1,N,234,140,1,10.5,0.5,0.5,1.0,0.0,0.3,15.3,2.5
2,2019-06-01 00:46:54,2019-06-01 01:00:29,3,2.95,1,N,229,107,1,12.5,0.5,0.5,1.0,0.0,0.3,17.3,2.5
2,2019-06-01 00:14:47,2019-06-01 00:44:30,1,15.41,1,N,132,255,1,43.5,0.5,0.5,8.96,0.0,0.3,53.76,0.0
2,2019-06-01 00:00:52,2019-06-01 00:06:06,6,0.91,1,N,238,238,1,5.5,0.5,0.5,1.86,0.0,0.3,11.16,2.5
2,2019-06-01 00:17:08,2019-06-01 00:28:10,6,2.57,1,N,142,263,1,10.5,0.5,0.5,2.86,0.0,0.3,17.16,2.5
2,2019-06-01 00:13:54,2019-06-01 00:19:10,1,1.06,1,N,234,161,2,5.5,0.5,0.5,0.0,0.0,0.3,9.3,2.5
1,2019-06-01 00:51:09,2019-06-01 01:13:10,1,8.7,1,N,138,148,1,27.5,3.0,0.5,6.25,0.0,0.3,37.55,2.5
2,2019-06-01 00:16:33,2019-06-01 00:49:25,1,16.58,1,N,132,145,1,47.5,0.5,0.5,12.2,0.0,0.3,61.0,0.0
1,2019-06-01 00:14:13,2019-06-01 00:23:18,1,1.8,1,N,79,233,1,8.5,3.0,0.5,2.45,0.0,0.3,14.75,2.5
1,2019-06-01 00:30:51,2019-06-01 00:43:22,3,1.8,1,N,233,186,2,10.0,3.0,0.5,0.0,0.0,0.3,13.8,2.5
1,2019-06-01 00:55:42,2019-06-01 01:09:27,2,2.7,1,N,234,48,1,12.0,3.0,0.5,3.15,0.0,0.3,18.95,2.5
2,2019-06-01 00:17:11,2019-06-01 00:18:24,1,0.08,1,N,132,132,2,3.0,0.5,0.5,0.0,0.0,0.3,4.3,0.0
2,2019-06-01 00:19:34,2019-06-01 00:49:33,1,17.48,2,N,132,164,2,52.0,0.0,0.5,0.0,6.12,0.3,61.42,2.5
1,2019-06-01 00:22:41,2019-06-01 00:54:53,1,7.2,1,N,132,76,2,28.0,0.5,0.5,0.0,0.0,0.3,29.3,0.0
2,2019-06-01 00:03:32,2019-06-01 00:35:29,1,4.66,1,N,170,226,1,22.0,0.5,0.5,2.0,0.0,0.3,27.8,2.5
2,2019-06-01 00:22:00,2019-06-01 00:29:36,2,1.41,1,N,237,263,1,7.5,0.5,0.5,2.26,0.0,0.3,13.56,2.5
2,2019-06-01 00:09:23,2019-06-01 00:16:46,2,1.59,1,N,233,230,2,7.0,0.5,0.5,0.0,0.0,0.3,10.8,2.5
2,2019-06-01 00:32:53,2019-06-01 00:38:45,1,0.76,1,N,48,161,2,5.5,0.5,0.5,0.0,0.0,0.3,9.3,2.5
2,2019-06-01 00:45:12,2019-06-01 01:05:25,2,3.91,1,N,164,232,1,16.5,0.5,0.5,2.03,0.0,0.3,22.33,2.5
1,2019-06-01 00:29:31,2019-06-01 00:33:54,1,1.0,1,N,141,263,1,5.5,3.0,0.5,1.0,0.0,0.3,10.3,2.5
1,2019-06-01 00:36:44,2019-06-01 01:00:34,4,5.4,1,N,263,79,2,21.0,3.0,0.5,0.0,0.0,0.3,24.8,2.5
2,2019-06-01 00:12:46,2019-06-01 00:26:52,2,3.73,1,N,148,170,1,15.0,0.5,0.5,3.76,0.0,0.3,22.56,2.5
2,2019-06-01 00:28:55,2019-06-01 00:28:59,2,0.0,1,N,170,170,2,2.5,0.5,0.5,0.0,0.0,0.3,3.8,0.0
2,2019-06-01 00:33:18,2019-06-01 00:33:36,1,0.0,1,N,170,170,1,2.5,0.5,0.5,15.0,0.0,0.3,21.3,2.5
2,2019-06-01 00:43:01,2019-06-01 00:51:35,2,2.31,1,N,230,107,1,9.0,0.5,0.5,2.56,0.0,0.3,15.36,2.5
2,2019-06-01 00:59:11,2019-06-01 01:03:28,2,0.41,1,N,234,234,2,4.5,0.5,0.5,0.0,0.0,0.3,8.3,2.5
1,2019-06-01 00:03:02,2019-06-01 00:15:46,1,1.4,1,N,246,230,2,9.5,3.0,0.5,0.0,0.0,0.3,13.3,2.5
1,2019-06-01 00:37:12,2019-06-01 01:21:54,1,15.3,2,N,10,143,1,52.0,2.5,0.5,7.0,0.0,0.3,62.3,2.5
2,2019-06-01 00:24:05,2019-06-01 00:32:45,2,1.3,1,N,79,249,1,7.5,0.5,0.5,2.82,0.0,0.3,14.12,2.5
2,2019-06-01 00:33:19,2019-06-01 01:18:25,2,7.69,1,N,114,179,2,31.5,0.5,0.5,0.0,0.0,0.3,35.3,2.5
2,2019-06-01 00:02:46,2019-06-01 00:06:22,3,0.82,1,N,237,162,1,5.0,0.5,0.5,2.2,0.0,0.3,11.0,2.5
2,2019-06-01 00:12:02,2019-06-01 00:17:20,3,1.48,1,N,237,236,2,6.5,0.5,0.5,0.0,0.0,0.3,10.3,2.5
2,2019-06-01 00:19:14,2019-06-01 00:22:01,3,0.7,1,N,236,237,1,4.5,0.5,0.5,2.08,0.0,0.3,10.38,2.5
2,2019-06-01 00:36:32,2019-06-01 00:45:02,4,2.33,1,N,151,116,2,9.5,0.5,0.5,0.0,0.0,0.3,10.8,0.0
1,2019-06-01 00:24:28,2019-06-01 01:01:25,1,19.4,2,N,132,237,2,52.0,2.5,0.5,0.0,0.0,0.3,55.3,2.5
1,2019-06-01 00:08:43,2019-06-01 00:15:11,1,1.1,1,N,141,162,1,6.5,3.0,0.5,2.05,0.0,0.3,12.35,2.5
1,2019-06-01 00:17:05,2019-06-01 00:41:57,0,3.3,1,N,162,148,1,17.0,3.0,0.5,4.15,0.0,0.3,24.95,2.5
1,2019-06-01 00:45:28,2019-06-01 00:48:54,0,0.6,1,N,148,114,1,4.5,3.0,0.5,1.65,0.0,0.3,9.95,2.5
1,2019-06-01 00:50:47,2019-06-01 00:57:29,0,1.5,1,N,114,234,1,7.0,3.0,0.5,1.0,0.0,0.3,11.8,2.5
1,2019-06-01 00:59:26,2019-06-01 01:10:14,0,1.4,1,N,234,158,1,8.5,3.0,0.5,2.5,0.0,0.3,14.8,2.5
2,2019-06-01 00:12:06,2019-06-01 00:16:02,1,1.24,1,N,41,42,2,5.5,0.5,0.5,0.0,0.0,0.3,6.8,0.0
2,2019-06-01 00:22:11,2019-06-01 00:42:18,1,4.72,1,N,41,162,2,17.5,0.5,0.5,0.0,0.0,0.3,21.3,2.5
2,2019-06-01 00:43:52,2019-06-01 00:49:02,1,1.56,1,N,162,236,1,6.5,0.5,0.5,2.58,0.0,0.3,12.88,2.5
2,2019-06-01 00:57:40,2019-06-01 01:08:24,1,2.47,1,N,239,152,1,10.5,0.5,0.5,2.86,0.0,0.3,17.16,2.5
2,2019-06-01 00:11:01,2019-06-01 00:28:32,1,2.76,1,N,125,48,1,13.5,0.5,0.5,3.46,0.0,0.3,20.76,2.5
1,2019-06-01 00:12:58,2019-06-01 00:24:22,1,2.1,1,N,148,170,1,10.0,3.0,0.5,2.5,0.0,0.3,16.3,2.5
1,2019-06-01 00:30:50,2019-06-01 00:40:06,1,2.2,1,N,170,141,1,9.0,3.0,0.5,2.0,0.0,0.3,14.8,2.5
1,2019-06-01 00:44:20,2019-06-01 00:58:05,1,5.1,1,N,140,79,1,17.0,3.0,0.5,3.0,0.0,0.3,23.8,2.5
1,2019-06-01 00:59:07,2019-06-01 01:04:59,1,1.7,1,N,79,164,1,7.0,3.0,0.5,2.15,0.0,0.3,12.95,2.5
2,2019-06-01 00:43:54,2019-06-01 01:02:52,1,3.28,1,N,36,264,1,13.0,0.5,0.5,1.0,0.0,0.3,15.3,0.0
1,2019-06-01 00:08:51,2019-06-01 00:14:40,1,0.6,1,N,179,7,2,5.5,0.5,0.5,0.0,0.0,0.3,6.8,0.0
2,2019-06-01 00:11:37,2019-06-01 00:35:36,5,3.35,1,N,162,144,1,16.0,0.5,0.5,3.96,0.0,0.3,23.76,2.5
2,2019-06-01 00:46:35,2019-06-01 01:09:51,6,4.65,1,N,125,141,1,18.0,0.5,0.5,2.0,0.0,0.3,23.8,2.5
1,2019-06-01 00:05:47,2019-06-01 00:26:10,1,6.5,1,N,261,163,2,20.5,3.0,0.5,0.0,0.0,0.3,24.3,2.5
1,2019-06-01 00:35:29,2019-06-01 00:40:03,2,0.9,1,N,230,186,2,5.5,3.0,0.5,0.0,0.0,0.3,9.3,2.5
1,2019-06-01 00:42:53,2019-06-01 00:49:54,2,1.2,1,N,186,249,1,6.5,3.0,0.5,2.0,0.0,0.3,12.3,2.5
1,2019-06-01 00:51:38,2019-06-01 01:02:39,2,1.4,1,N,249,68,1,8.5,3.0,0.5,2.45,0.0,0.3,14.75,2.5
1,2019-06-01 00:21:00,2019-06-01 00:30:49,1,1.5,1,N,148,87,1,8.5,3.0,0.5,1.5,0.0,0.3,13.8,2.5
1,2019-06-01 00:53:07,2019-06-01 01:01:04,2,1.6,1,N,45,113,1,8.0,3.0,0.5,2.0,0.0,0.3,13.8,2.5
2,2019-06-01 00:03:41,2019-06-01 00:07:20,1,0.65,1,N,166,166,2,5.0,0.5,0.5,0.0,0.0,0.3,6.3,0.0
2,2019-06-01 00:14:06,2019-06-01 00:36:39,1,5.52,1,N,166,107,1,20.0,0.5,0.5,3.3,0.0,0.3,27.1,2.5
2,2019-06-01 00:37:38,2019-06-01 00:49:06,1,1.83,1,N,107,249,1,9.5,0.5,0.5,1.0,0.0,0.3,14.3,2.5
2,2019-06-01 00:08:17,2019-06-01 00:41:14,2,5.16,1,N,163,261,1,23.5,0.5,0.5,0.0,0.0,0.3,27.3,2.5
2,2019-06-01 00:42:17,2019-06-01 00:50:09,1,1.65,1,N,261,144,2,7.5,0.5,0.5,0.0,0.0,0.3,11.3,2.5
2,2019-06-01 00:50:55,2019-06-01 00:59:05,1,1.22,1,N,144,232,2,7.5,0.5,0.5,0.0,0.0,0.3,11.3,2.5
1,2019-06-01 00:04:20,2019-06-01 00:10:36,1,1.6,1,N,43,239,1,7.5,3.0,0.5,1.5,0.0,0.3,12.8,2.5
2,2019-06-01 00:08:47,2019-06-01 00:19:23,1,1.58,1,N,107,114,1,8.5,0.5,0.5,2.46,0.0,0.3,14.76,2.5
2,2019-06-01 00:19:59,2019-06-01 00:50:02,1,5.04,1,N,114,114,2,21.5,0.5,0.5,0.0,0.0,0.3,25.3,2.5
2,2019-06-01 00:51:28,2019-06-01 01:02:41,3,2.65,1,N,114,233,1,10.5,0.5,0.5,1.7,0.0,0.3,16.0,2.5
1,2019-06-01 00:03:46,2019-06-01 00:08:43,1,0.7,1,N,230,162,2,5.0,3.0,0.5,0.0,0.0,0.3,8.8,2.5
1,2019-06-01 00:19:28,2019-06-01 00:36:15,1,3.1,1,N,161,238,1,14.0,3.0,0.5,1.0,0.0,0.3,18.8,2.5
1,2019-06-01 00:41:18,2019-06-01 00:47:48,1,0.9,1,N,239,236,2,6.5,3.0,0.5,0.0,0.0,0.3,10.3,2.5
1,2019-06-01 00:50:36,2019-06-01 00:54:08,1,0.6,1,N,236,263,1,4.5,3.0,0.5,1.65,0.0,0.3,9.95,2.5
2,2019-06-01 00:00:35,2019-06-01 00:25:22,1,11.23,1,N,239,241,1,33.0,0.5,0.5,5.0,2.8,0.3,44.6,2.5
2,2019-06-01 00:54:13,2019-06-01 01:00:15,1,1.3,1,N,163,170,1,6.5,0.5,0.5,0.0,0.0,0.3,10.3,2.5
2,2019-06-01 00:01:56,2019-06-01 00:09:18,2,1.19,1,N,148,249,1,7.0,0.5,0.5,2.16,0.0,0.3,12.96,2.5
2,2019-06-01 00:10:42,2019-06-01 00:49:57,2,6.93,1,N,249,85,1,28.0,0.5,0.5,4.0,0.0,0.3,35.8,2.5
1,2019-06-01 00:04:43,2019-06-01 00:15:44,1,1.5,1,N,79,90,2,9.0,3.0,0.5,0.0,0.0,0.3,12.8,2.5
1,2019-06-01 00:23:03,2019-06-01 00:34:53,1,1.3,1,N,249,90,3,9.0,3.0,0.5,0.0,0.0,0.3,12.8,2.5
1,2019-06-01 00:44:22,2019-06-01 01:04:47,1,9.3,1,N,48,127,1,28.0,3.0,0.5,6.35,0.0,0.3,38.15,2.5
2,2019-06-01 00:05:44,2019-06-01 00:27:14,1,2.67,1,N,140,107,1,15.5,0.5,0.5,3.0,0.0,0.3,22.3,2.5
2,2019-06-01 00:32:39,2019-06-01 00:34:39,1,0.37,1,N,170,170,2,3.5,0.5,0.5,0.0,0.0,0.3,7.3,2.5
2,2019-06-01 00:52:26,2019-06-01 00:59:09,1,1.4,1,N,140,236,1,7.0,0.5,0.5,2.16,0.0,0.3,12.96,2.5
1,2019-06-01 00:05:30,2019-06-01 00:33:13,1,4.8,1,N,170,13,1,20.5,3.0,0.5,0.0,0.0,0.3,24.3,2.5
2,2019-06-01 00:10:22,2019-06-01 00:13:38,1,0.56,1,N,68,90,1,4.0,0.5,0.5,1.5,0.0,0.3,9.3,2.5
2,2019-06-01 00:21:10,2019-06-01 00:30:42,1,2.79,1,N,246,143,1,10.0,0.5,0.5,2.76,0.0,0.3,16.56,2.5
2,2019-06-01 00:37:56,2019-06-01 00:45:50,1,2.14,1,N,239,41,1,8.5,0.5,0.5,1.84,0.0,0.3,14.14,2.5
2,2019-06-01 00:55:04,2019-06-01 01:10:29,1,4.48,1,N,142,224,2,16.5,0.5,0.5,0.0,0.0,0.3,20.3,2.5
1,2019-06-01 00:00:38,2019-06-01 00:05:39,1,2.0,1,N,141,74,1,7.5,3.0,0.5,0.0,0.0,0.3,11.3,2.5
1,2019-06-01 00:06:48,2019-06-01 00:20:03,1,6.8,1,N,74,4,1,20.5,3.0,0.5,0.0,0.0,0.3,24.3,2.5
1,2019-06-01 00:25:06,2019-06-01 00:36:51,1,1.8,1,N,4,90,1,10.0,3.0,0.5,2.75,0.0,0.3,16.55,2.5
1,2019-06-01 00:41:16,2019-06-01 00:52:51,1,1.9,1,N,90,144,2,9.5,3.0,0.5,0.0,0.0,0.3,13.3,2.5
1,2019-06-01 00:53:20,2019-06-01 00:57:58,1,1.2,1,N,144,87,2,6.0,3.0,0.5,0.0,0.0,0.3,9.8,2.5
1,2019-06-01 00:31:01,2019-06-01 00:58:13,1,18.5,2,N,132,262,1,52.0,2.5,0.5,10.0,6.12,0.3,71.42,2.5
1,2019-06-01 00:05:39,2019-06-01 00:08:02,1,0.4,1,Y,238,239,1,4.0,3.0,0.5,0.0,0.0,0.3,7.8,2.5
1,2019-06-01 00:17:33,2019-06-01 01:07:38,2,4.8,1,Y,230,179,1,30.5,3.0,0.5,6.85,0.0,0.3,41.15,2.5
2,2019-06-01 00:25:44,2019-06-01 00:35:48,1,2.22,1,N,239,48,1,10.0,0.5,0.5,1.0,0.0,0.3,14.8,2.5
2,2019-06-01 00:43:23,2019-06-01 01:18:08,1,4.72,1,N,230,226,1,23.0,0.5,0.5,0.0,0.0,0.3,26.8,2.5
1,2019-06-01 00:08:51,2019-06-01 00:44:36,1,8.5,1,N,255,75,1,31.0,3.0,0.5,6.95,0.0,0.3,41.75,2.5
1,2019-06-01 00:52:28,2019-06-01 00:58:28,1,1.7,1,N,237,164,2,7.5,3.0,0.5,0.0,0.0,0.3,11.3,2.5
2,2019-06-01 00:14:08,2019-06-01 00:27:08,2,2.67,1,N,255,17,1,11.5,0.5,0.5,2.56,0.0,0.3,15.36,0.0
2,2019-06-01 00:45:11,2019-06-01 00:55:10,2,2.07,1,N,114,88,2,9.0,0.5,0.5,0.0,0.0,0.3,12.8,2.5
1,2019-06-01 00:18:59,2019-06-01 00:19:36,1,0.0,5,N,90,90,1,61.0,0.0,0.0,9.0,0.0,0.3,70.3,0.0
2,2019-06-01 00:06:46,2019-06-01 00:08:12,4,0.0,1,N,265,264,2,2.5,0.5,0.5,0.0,0.0,0.3,3.8,0.0
1,2019-06-01 00:32:21,2019-06-01 01:06:58,1,22.3,2,N,132,244,1,52.0,0.0,0.5,2.0,6.12,0.3,60.92,0.0
1,2019-06-01 00:19:23,2019-06-01 00:34:04,2,1.5,1,N,249,234,1,11.0,3.0,0.5,2.22,0.0,0.3,17.02,2.5
1,2019-06-01 00:37:46,2019-06-01 00:47:59,4,2.3,1,N,164,141,1,10.0,3.0,0.5,3.45,0.0,0.3,17.25,2.5
1,2019-06-01 00:17:47,2019-06-01 00:21:43,1,0.7,1,N,163,50,1,5.0,3.0,0.5,1.75,0.0,0.3,10.55,2.5
1,2019-06-01 00:41:33,2019-06-01 00:56:41,1,2.7,1,N,246,229,1,12.0,3.0,0.5,3.16,0.0,0.3,18.96,2.5
1,2019-06-01 00:19:25,2019-06-01 01:01:21,1,14.7,1,N,132,71,1,46.0,0.5,0.5,5.0,0.0,0.3,52.3,0.0
1,2019-06-01 00:04:55,2019-06-01 00:08:05,1,0.6,1,N,75,236,1,4.5,3.0,0.5,1.65,0.0,0.3,9.95,2.5
1,2019-06-01 00:12:29,2019-06-01 00:15:32,1,0.5,1,N,236,263,1,4.0,3.0,0.5,1.55,0.0,0.3,9.35,2.5
1,2019-06-01 00:25:48,2019-06-01 00:27:20,1,0.6,1,N,140,141,1,4.0,3.0,0.5,2.0,0.0,0.3,9.8,2.5
1,2019-06-01 00:39:42,2019-06-01 00:45:54,1,1.1,1,N,162,100,2,6.5,3.0,0.5,0.0,0.0,0.3,10.3,2.5
1,2019-06-01 00:29:31,2019-06-01 00:40:29,1,5.9,1,N,132,203,2,18.0,0.5,0.5,0.0,0.0,0.3,19.3,0.0
2,2019-06-01 00:02:00,2019-06-01 00:06:42,1,1.46,1,N,237,75,1,6.5,0.5,0.5,0.5,0.0,0.3,10.8,2.5
2,2019-06-01 00:09:02,2019-06-01 00:11:05,1,0.85,1,N,236,237,1,4.5,0.5,0.5,1.66,0.0,0.3,9.96,2.5
2,2019-06-01 00:44:20,2019-06-01 01:21:45,1,18.71,2,N,132,158,1,52.0,0.0,0.5,8.0,6.12,0.3,69.42,2.5
2,2019-05-31 23:53:33,2019-06-01 00:05:31,1,2.8,1,N,142,75,2,11.5,0.5,0.5,0.0,0.0,0.3,15.3,2.5
2,2019-06-01 00:38:01,2019-06-01 01:02:14,1,2.33,1,N,158,234,1,16.0,0.5,0.5,3.0,0.0,0.3,22.8,2.5
2,2019-06-01 00:12:32,2019-06-01 00:31:36,2,10.74,1,N,132,196,2,30.5,0.5,0.5,0.0,0.0,0.3,31.8,0.0
1,2019-06-01 00:06:03,2019-06-01 00:13:48,1,1.4,1,N,48,162,2,7.5,3.0,0.5,0.0,0.0,0.3,11.3,2.5
1,2019-06-01 00:20:55,2019-06-01 01:01:07,1,4.3,1,N,229,179,2,25.0,3.0,0.5,0.0,0.0,0.3,28.8,2.5
1,2019-06-01 00:06:53,2019-06-01 00:18:00,0,1.2,1,N,48,161,1,8.5,3.0,0.5,2.0,0.0,0.3,14.3,2.5
1,2019-06-01 00:30:54,2019-06-01 00:36:14,0,1.1,1,N,230,90,1,6.0,3.0,0.5,1.95,0.0,0.3,11.75,2.5
1,2019-06-01 00:49:45,2019-06-01 00:53:47,0,1.0,1,N,246,48,1,5.5,3.0,0.5,1.0,0.0,0.3,10.3,2.5
1,2019-06-01 00:24:00,2019-06-01 00:34:28,1,1.1,1,N,234,224,1,8.0,3.0,0.5,2.95,0.0,0.3,14.75,2.5
1,2019-06-01 00:45:05,2019-06-01 01:00:37,1,4.7,1,N,79,236,1,16.0,3.0,0.5,4.95,0.0,0.3,24.75,2.5
1,2019-06-01 00:27:07,2019-06-01 00:34:14,1,1.4,1,N,142,237,2,7.0,3.0,0.5,0.0,0.0,0.3,10.8,2.5
2,2019-06-01 00:30:59,2019-06-01 01:15:02,1,16.5,1,N,132,55,2,51.5,0.5,0.5,0.0,0.0,0.3,52.8,0.0
2,2019-06-01 00:05:25,2019-06-01 00:26:33,1,4.49,1,N,114,263,1,17.5,0.5,0.5,4.26,0.0,0.3,25.56,2.5
2,2019-06-01 00:40:59,2019-06-01 00:50:53,1,1.7,1,N,107,249,1,9.0,0.5,0.5,1.5,0.0,0.3,14.3,2.5
2,2019-06-01 00:55:16,2019-06-01 01:03:25,3,1.5,1,N,114,158,1,7.5,0.5,0.5,2.26,0.0,0.3,13.56,2.5
2,2019-06-01 00:08:33,2019-06-01 00:12:19,1,0.6,1,N,68,48,1,4.5,0.5,0.5,1.66,0.0,0.3,9.96,2.5
2,2019-06-01 00:16:36,2019-06-01 00:24:30,2,2.08,1,N,48,238,1,8.5,0.5,0.5,2.46,0.0,0.3,14.76,2.5
2,2019-06-01 00:34:06,2019-06-01 00:46:05,3,1.91,1,N,48,246,1,10.0,0.5,0.5,2.76,0.0,0.3,16.56,2.5
2,2019-06-01 00:48:13,2019-06-01 01:00:16,1,2.07,1,N,246,113,1,10.0,0.5,0.5,2.76,0.0,0.3,16.56,2.5
2,2019-06-01 00:25:08,2019-06-01 00:43:04,1,3.72,1,N,41,47,2,15.0,0.5,0.5,0.0,0.0,0.3,16.3,0.0
2,2019-06-01 00:03:30,2019-06-01 00:34:28,1,4.98,1,N,158,40,1,21.0,0.5,0.5,1.0,0.0,0.3,25.8,2.5
1,2019-06-01 00:07:49,2019-06-01 00:15:31,1,1.8,1,N,151,152,1,8.5,0.5,0.5,1.95,0.0,0.3,11.75,0.0
1,2019-06-01 00:36:55,2019-06-01 00:44:03,1,1.8,1,N,239,166,1,8.5,3.0,0.5,2.46,0.0,0.3,14.76,2.5
1,2019-06-01 00:54:36,2019-06-01 01:02:07,1,1.8,1,N,239,236,1,8.0,3.0,0.5,1.0,0.0,0.3,12.8,2.5
1,2019-06-01 00:03:30,2019-06-01 00:05:19,1,0.4,1,N,234,107,1,3.5,3.0,0.5,1.46,0.0,0.3,8.76,2.5
1,2019-06-01 00:07:55,2019-06-01 00:12:02,1,0.4,1,N,234,113,1,4.5,3.0,0.5,1.65,0.0,0.3,9.95,2.5
1,2019-06-01 00:15:44,2019-06-01 00:21:49,1,1.6,1,N,79,233,1,7.0,3.0,0.5,1.76,0.0,0.3,12.56,2.5
1,2019-06-01 00:22:56,2019-06-01 00:35:35,1,1.1,1,N,233,107,1,9.5,3.0,0.5,2.65,0.0,0.3,15.95,2.5
1,2019-06-01 00:36:46,2019-06-01 01:04:18,1,7.0,1,N,137,181,1,24.0,3.0,0.5,6.95,0.0,0.3,34.75,2.5
2,2019-06-01 00:47:15,2019-06-01 00:54:40,1,1.48,1,N,42,41,2,7.5,0.5,0.5,0.0,0.0,0.3,8.8,0.0
2,2019-06-01 00:19:46,2019-06-01 00:37:45,1,3.09,1,N,12,33,1,13.5,0.5,0.5,3.46,0.0,0.3,20.76,2.5
2,2019-06-01 01:02:12,2019-06-01 01:11:06,1,2.13,1,N,90,231,1,8.5,0.5,0.5,1.0,0.0,0.3,13.3,2.5
2,2019-06-01 00:25:50,2019-06-01 00:36:35,1,2.96,1,N,138,129,1,11.5,0.5,0.5,3.84,0.0,0.3,16.64,0.0
2,2019-06-01 00:51:22,2019-06-01 00:51:39,1,0.01,2,N,138,138,2,52.0,0.0,0.5,0.0,0.0,0.3,52.8,0.0
2,2019-06-01 00:51:59,2019-06-01 01:27:14,1,7.68,1,N,138,234,1,29.5,0.5,0.5,8.32,0.0,0.3,41.62,2.5
1,2019-06-01 00:59:56,2019-06-01 01:28:18,1,5.5,1,N,263,231,1,21.5,3.0,0.5,0.7,0.0,0.3,26.0,2.5
1,2019-06-01 00:37:43,2019-06-01 00:43:19,1,1.1,1,N,244,116,1,6.5,0.5,0.5,1.55,0.0,0.3,9.35,0.0
1,2019-06-01 00:23:19,2019-06-01 00:48:39,1,15.0,1,N,132,7,4,42.0,0.5,0.5,0.0,0.0,0.3,43.3,0.0
1,2019-06-01 00:55:10,2019-06-01 01:18:23,1,3.5,1,N,179,179,2,16.0,0.5,0.5,0.0,0.0,0.3,17.3,0.0
1,2019-06-01 00:10:42,2019-06-01 00:16:01,3,1.2,1,N,162,237,1,6.0,3.0,0.5,1.95,0.0,0.3,11.75,2.5
1,2019-06-01 00:18:11,2019-06-01 00:25:59,1,1.4,1,N,237,239,1,7.5,3.0,0.5,2.25,0.0,0.3,13.55,2.5
1,2019-06-01 00:28:57,2019-06-01 00:47:50,2,3.8,1,N,239,42,1,16.0,3.0,0.5,3.96,0.0,0.3,23.76,2.5
2,2019-06-01 00:05:51,2019-06-01 00:39:32,1,11.19,1,N,138,188,1,35.0,0.5,0.5,7.26,0.0,0.3,43.56,0.0
1,2019-06-01 00:19:36,2019-06-01 00:31:48,0,2.5,1,N,45,164,1,10.5,3.0,0.5,1.0,0.0,0.3,15.3,2.5
1,2019-06-01 00:34:49,2019-06-01 00:45:14,1,2.6,1,Y,170,236,1,10.5,3.0,0.5,3.0,0.0,0.3,17.3,2.5
2,2019-06-01 00:09:10,2019-06-01 00:11:48,1,0.56,1,N,230,230,2,4.0,0.5,0.5,0.0,0.0,0.3,7.8,2.5
2,2019-06-01 00:17:06,2019-06-01 00:36:30,1,3.71,1,N,161,231,1,15.5,0.5,0.5,3.86,0.0,0.3,23.16,2.5
2,2019-06-01 00:07:17,2019-06-01 00:21:31,3,2.88,1,N,163,107,1,12.0,0.5,0.5,3.16,0.0,0.3,18.96,2.5
1,2019-06-01 00:13:58,2019-06-01 00:17:47,1,0.7,1,N,137,233,1,4.5,3.0,0.5,0.0,0.0,0.3,8.3,2.5
1,2019-06-01 00:18:47,2019-06-01 00:32:00,1,1.4,1,N,233,100,2,10.0,3.0,0.5,0.0,0.0,0.3,13.8,2.5
1,2019-06-01 00:35:18,2019-06-01 00:39:03,1,0.6,1,N,48,48,1,4.5,3.0,0.5,0.0,0.0,0.3,8.3,2.5
1,2019-06-01 00:40:33,2019-06-01 00:47:36,1,1.2,1,N,48,161,1,7.0,3.0,0.5,3.2,0.0,0.3,14.0,2.5
1,2019-06-01 00:54:19,2019-06-01 01:05:13,1,2.9,1,N,230,236,1,11.0,3.0,0.5,0.0,0.0,0.3,14.8,2.5
1,2019-06-01 00:58:05,2019-06-01 01:25:26,1,7.6,1,N,48,36,1,26.5,3.0,0.5,0.0,6.12,0.3,36.42,2.5
1,2019-06-01 00:59:13,2019-06-01 01:36:54,1,12.5,1,Y,132,188,2,39.5,0.5,0.5,0.0,0.0,0.3,40.8,0.0
2,2019-06-01 00:23:56,2019-06-01 00:31:15,1,1.48,1,N,263,229,1,7.5,0.5,0.5,2.0,0.0,0.3,13.3,2.5
2,2019-06-01 00:32:45,2019-06-01 00:38:18,1,1.2,1,N,229,140,1,6.5,0.5,0.5,2.06,0.0,0.3,12.36,2.5
2,2019-06-01 01:00:11,2019-06-01 01:05:40,1,0.73,1,N,100,170,2,5.5,0.5,0.5,0.0,0.0,0.3,9.3,2.5
1,2019-06-01 00:19:55,2019-06-01 00:24:36,2,1.3,1,N,79,233,1,6.0,3.0,0.5,0.7,0.0,0.3,10.5,2.5
1,2019-06-01 00:32:13,2019-06-01 01:08:03,1,4.5,1,N,162,7,2,23.0,3.0,0.5,0.0,0.0,0.3,26.8,2.5
2,2019-06-01 00:04:39,2019-06-01 00:10:15,1,3.32,1,N,132,219,2,11.0,0.5,0.5,0.0,0.0,0.3,12.3,0.0
2,2019-06-01 00:57:08,2019-06-01 01:29:35,1,19.4,2,N,132,158,1,52.0,0.0,0.5,12.28,6.12,0.3,73.7,2.5
1,2019-06-01 00:06:20,2019-06-01 00:13:02,1,0.8,1,N,249,144,1,6.0,3.0,0.5,1.95,0.0,0.3,11.75,2.5
1,2019-06-01 00:14:08,2019-06-01 00:28:50,2,2.6,1,N,144,33,1,11.5,3.0,0.5,3.05,0.0,0.3,18.35,2.5
1,2019-06-01 00:43:56,2019-06-01 01:22:09,3,9.0,1,N,211,116,1,32.0,3.0,0.5,4.2,0.0,0.3,40.0,2.5
2,2019-05-31 23:58:58,2019-06-01 00:16:20,1,2.93,1,N,158,163,2,13.5,0.5,0.5,0.0,0.0,0.3,17.3,2.5
2,2019-06-01 00:18:46,2019-06-01 00:27:32,1,1.37,1,N,163,164,1,7.5,0.5,0.5,2.26,0.0,0.3,13.56,2.5
2,2019-06-01 00:33:42,2019-06-01 00:36:56,1,0.25,1,N,164,164,2,4.0,0.5,0.5,0.0,0.0,0.3,7.8,2.5
2,2019-06-01 00:42:07,2019-06-01 00:46:02,1,0.92,1,N,137,162,1,5.0,0.5,0.5,1.76,0.0,0.3,10.56,2.5
2,2019-06-01 00:55:37,2019-06-01 01:02:16,1,1.16,1,N,162,142,1,6.5,0.5,0.5,2.06,0.0,0.3,12.36,2.5
2,2019-06-01 00:04:15,2019-06-01 00:17:34,1,1.51,1,N,249,68,2,10.0,0.5,0.5,0.0,0.0,0.3,13.8,2.5
2,2019-06-01 00:27:29,2019-06-01 00:55:36,1,4.11,1,N,158,33,1,18.5,0.5,0.5,3.0,0.0,0.3,25.3,2.5
2,2019-06-01 00:29:17,2019-06-01 00:48:27,1,5.51,1,N,88,40,2,19.0,0.5,0.5,0.0,6.12,0.3,28.92,2.5
1,2019-06-01 00:22:40,2019-06-01 00:33:22,1,2.8,1,N,7,129,2,11.0,0.5,0.5,0.0,0.0,0.3,12.3,0.0
2,2019-06-01 00:51:06,2019-06-01 00:59:50,2,1.26,1,N,163,48,2,7.5,0.5,0.5,0.0,0.0,0.3,11.3,2.5
2,2019-06-01 00:48:58,2019-06-01 00:54:28,1,0.9,1,N,138,138,2,6.0,0.5,0.5,0.0,0.0,0.3,7.3,0.0
2,2019-06-01 00:55:25,2019-06-01 01:16:42,1,8.91,1,N,138,151,1,27.0,0.5,0.5,6.88,6.12,0.3,41.3,0.0
1,2019-06-01 00:28:32,2019-06-01 00:35:27,1,0.9,1,N,229,141,1,6.0,3.0,0.5,1.95,0.0,0.3,11.75,2.5
1,2019-06-01 00:39:11,2019-06-01 00:41:12,1,0.7,1,N,236,236,1,4.5,3.0,0.5,1.0,0.0,0.3,9.3,2.5
1,2019-06-01 00:46:59,2019-06-01 00:49:01,1,0.7,1,N,263,141,1,4.0,3.0,0.5,1.55,0.0,0.3,9.35,2.5
1,2019-06-01 00:53:00,2019-06-01 00:58:28,1,0.9,1,N,263,263,2,6.0,3.0,0.5,0.0,0.0,0.3,9.8,2.5
1,2019-06-01 00:45:13,2019-06-01 01:22:10,1,19.3,2,N,132,41,1,52.0,0.0,0.5,10.0,6.12,0.3,68.92,0.0
1,2019-06-01 00:24:26,2019-06-01 00:41:16,2,7.6,2,N,82,163,1,52.0,2.5,0.5,0.0,6.12,0.3,61.42,2.5
2,2019-06-01 00:23:46,2019-06-01 00:35:34,1,1.8,1,N,140,142,1,10.0,0.5,0.5,2.76,0.0,0.3,16.56,2.5
2,2019-06-01 00:42:50,2019-06-01 00:56:14,1,3.42,1,N,142,41,2,13.0,0.5,0.5,0.0,0.0,0.3,16.8,2.5
2,2019-06-01 00:08:51,2019-06-01 00:19:08,1,1.46,1,N,249,79,1,8.5,0.5,0.5,2.46,0.0,0.3,14.76,2.5
2,2019-06-01 00:27:56,2019-06-01 00:42:01,1,3.14,1,N,114,237,1,12.5,0.5,0.5,4.08,0.0,0.3,20.38,2.5
2,2019-06-01 00:15:44,2019-06-01 00:32:23,4,2.97,1,N,186,140,1,13.0,0.5,0.5,2.0,0.0,0.3,18.8,2.5
2,2019-06-01 00:45:00,2019-06-01 01:01:35,3,4.05,1,N,4,65,1,15.5,0.5,0.5,1.5,0.0,0.3,20.8,2.5
1,2019-06-01 00:36:15,2019-06-01 01:08:01,1,19.4,1,N,132,33,2,53.0,0.5,0.5,0.0,0.0,0.3,54.3,0.0
1,2019-06-01 00:04:21,2019-06-01 00:28:09,2,3.4,1,N,186,140,1,17.0,3.0,0.5,4.15,0.0,0.3,24.95,2.5
1,2019-06-01 00:48:47,2019-06-01 00:58:11,2,1.5,1,N,107,158,1,8.0,3.0,0.5,2.35,0.0,0.3,14.15,2.5
1,2019-06-01 00:59:27,2019-06-01 01:17:28,1,3.8,1,N,158,233,1,15.0,3.0,0.5,4.0,0.0,0.3,22.8,2.5
2,2019-06-01 00:02:11,2019-06-01 00:08:59,2,1.01,1,N,230,161,1,6.5,0.5,0.5,2.06,0.0,0.3,12.36,2.5
2,2019-06-01 00:11:47,2019-06-01 00:23:35,1,1.86,1,N,230,113,1,9.5,0.5,0.5,2.66,0.0,0.3,15.96,2.5
2,2019-06-01 00:27:04,2019-06-01 00:37:35,2,1.12,1,N,249,79,1,8.0,0.5,0.5,2.36,0.0,0.3,14.16,2.5
2,2019-06-01 00:39:03,2019-06-01 01:00:38,1,5.6,1,N,79,238,1,19.5,0.5,0.5,4.66,0.0,0.3,27.96,2.5
2,2019-06-01 00:14:20,2019-06-01 00:16:51,3,0.58,1,N,43,43,2,4.0,0.5,0.5,0.0,0.0,0.3,5.3,0.0
1,2019-06-01 00:04:06,2019-06-01 00:15:14,2,1.4,1,N,229,48,1,8.5,3.0,0.5,2.45,0.0,0.3,14.75,2.5
1,2019-06-01 00:21:03,2019-06-01 00:26:30,1,0.9,1,N,68,234,1,5.5,3.0,0.5,2.3,0.0,0.3,11.6,2.5
1,2019-06-01 00:33:30,2019-06-01 01:05:23,2,3.5,1,N,234,256,1,21.5,3.0,0.5,1.0,0.0,0.3,26.3,2.5
2,2019-06-01 00:39:30,2019-06-01 01:12:40,1,18.1,2,N,132,90,1,52.0,0.0,0.5,12.28,6.12,0.3,73.7,2.5
2,2019-06-01 00:02:41,2019-06-01 00:22:58,5,6.55,1,N,262,249,1,22.0,0.5,0.5,5.16,0.0,0.3,30.96,2.5
2,2019-06-01 00:25:51,2019-06-01 00:59:46,5,6.62,1,N,114,7,1,27.5,0.5,0.5,1.0,0.0,0.3,32.3,2.5
1,2019-06-01 00:02:11,2019-06-01 00:07:35,1,0.7,1,N,113,158,1,5.5,3.0,0.5,1.85,0.0,0.3,11.15,2.5
1,2019-06-01 00:08:49,2019-06-01 00:21:51,2,1.9,1,N,158,246,1,10.5,3.0,0.5,5.0,0.0,0.3,19.3,2.5
1,2019-06-01 00:38:15,2019-06-01 00:46:00,2,1.4,1,N,48,142,2,7.5,3.0,0.5,0.0,0.0,0.3,11.3,2.5
1,2019-06-01 00:13:42,2019-06-01 00:16:50,1,0.6,1,N,79,107,1,4.0,3.0,0.5,1.0,0.0,0.3,8.8,2.5
1,2019-06-01 00:22:47,2019-06-01 00:31:22,1,2.1,1,N,79,229,2,9.0,3.0,0.5,0.0,0.0,0.3,12.8,2.5
1,2019-06-01 00:42:06,2019-06-01 00:48:31,4,1.1,1,N,107,186,1,6.5,3.0,0.5,2.05,0.0,0.3,12.35,2.5
1,2019-06-01 00:54:09,2019-06-01 01:00:15,2,1.3,1,N,234,137,1,6.5,3.0,0.5,1.0,0.0,0.3,11.3,2.5
2,2019-06-01 00:00:02,2019-06-01 00:09:41,1,2.56,1,N,68,143,1,10.0,0.5,0.5,2.76,0.0,0.3,16.56,2.5
2,2019-06-01 00:34:17,2019-06-01 00:45:17,1,1.8,1,N,90,100,1,9.0,0.5,0.5,0.0,0.0,0.3,12.8,2.5
1,2019-06-01 00:13:36,2019-06-01 00:20:10,2,1.7,1,N,236,237,1,7.5,3.0,0.5,2.25,0.0,0.3,13.55,2.5
1,2019-06-01 00:45:02,2019-06-01 01:05:26,1,7.6,1,N,142,209,1,24.0,3.0,0.5,6.0,0.0,0.3,33.8,2.5
2,2019-06-01 00:16:46,2019-06-01 00:33:57,4,3.36,1,N,79,48,1,14.0,0.5,0.5,1.0,0.0,0.3,18.8,2.5
2,2019-06-01 00:41:54,2019-06-01 01:20:28,4,14.09,1,N,230,200,2,43.0,0.5,0.5,0.0,5.6,0.3,52.4,2.5
2,2019-06-01 00:57:12,2019-06-01 00:57:17,1,0.0,2,N,249,249,4,-52.0,0.0,-0.5,0.0,0.0,-0.3,-55.3,-2.5
2,2019-06-01 00:57:12,2019-06-01 00:57:17,1,0.0,2,N,249,249,2,52.0,0.0,0.5,0.0,0.0,0.3,55.3,2.5
2,2019-06-01 00:58:41,2019-06-01 01:19:43,1,5.09,1,N,249,238,1,18.5,0.5,0.5,5.58,0.0,0.3,27.88,2.5
2,2019-06-01 00:16:13,2019-06-01 00:32:33,1,4.07,1,N,50,263,1,15.5,0.5,0.5,3.86,0.0,0.3,23.16,2.5
2,2019-06-01 00:01:46,2019-06-01 00:13:54,1,3.1,1,N,237,246,1,11.5,0.5,0.5,3.06,0.0,0.3,18.36,2.5
2,2019-06-01 00:25:37,2019-06-01 00:26:36,1,0.36,1,N,48,230,1,3.0,0.5,0.5,0.0,0.0,0.3,6.8,2.5
2,2019-06-01 00:28:20,2019-06-01 00:32:35,1,1.08,1,N,48,142,2,5.5,0.5,0.5,0.0,0.0,0.3,9.3,2.5
2,2019-06-01 00:39:43,2019-06-01 00:52:20,1,3.42,1,N,230,41,1,13.0,0.5,0.5,3.36,0.0,0.3,20.16,2.5
2,2019-06-01 00:01:01,2019-06-01 00:20:54,1,6.61,1,N,256,223,1,22.0,0.5,0.5,4.66,0.0,0.3,27.96,0.0
2,2019-06-01 00:33:58,2019-06-01 00:49:47,1,2.73,1,N,7,141,1,12.5,0.5,0.5,4.08,0.0,0.3,20.38,2.5
2,2019-06-01 00:51:53,2019-06-01 00:56:36,1,1.28,1,N,141,263,1,6.0,0.5,0.5,1.96,0.0,0.3,11.76,2.5
2,2019-06-01 00:07:29,2019-06-01 00:44:27,2,5.84,1,N,79,179,1,26.0,0.5,0.5,5.96,0.0,0.3,35.76,2.5
2,2019-06-01 00:02:49,2019-06-01 00:20:34,2,2.34,1,N,209,4,1,13.0,0.5,0.5,3.36,0.0,0.3,20.16,2.5
2,2019-06-01 00:22:36,2019-06-01 00:33:24,2,1.43,1,N,4,249,1,8.5,0.5,0.5,2.46,0.0,0.3,14.76,2.5
2,2019-06-01 00:36:20,2019-06-01 00:42:13,2,1.03,1,N,249,211,1,6.0,0.5,0.5,1.96,0.0,0.3,11.76,2.5
2,2019-06-01 00:45:01,2019-06-01 00:49:39,1,0.73,1,N,211,144,2,5.0,0.5,0.5,0.0,0.0,0.3,8.8,2.5
2,2019-06-01 00:52:21,2019-06-01 01:08:02,1,6.32,1,N,148,75,1,20.5,0.5,0.5,4.86,0.0,0.3,29.16,2.5
1,2019-06-01 00:00:12,2019-06-01 00:20:01,1,4.1,1,N,163,226,2,17.0,3.0,0.5,0.0,0.0,0.3,20.8,2.5
1,2019-06-01 00:21:01,2019-06-01 00:28:09,1,1.7,1,N,226,129,2,8.0,0.5,0.5,0.0,0.0,0.3,9.3,0.0
2,2019-06-01 00:12:24,2019-06-01 00:24:24,1,6.42,1,N,263,232,1,19.0,0.5,0.5,2.0,0.0,0.3,24.8,2.5
1,2019-06-01 00:20:41,2019-06-01 00:33:13,1,1.0,1,N,113,90,1,9.0,3.0,0.5,2.55,0.0,0.3,15.35,2.5
1,2019-06-01 00:39:37,2019-06-01 00:53:28,1,2.9,1,N,68,13,1,12.5,3.0,0.5,3.25,0.0,0.3,19.55,2.5
1,2019-06-01 00:25:48,2019-06-01 00:45:24,1,3.3,1,N,230,144,2,14.5,3.0,0.5,0.0,0.0,0.3,18.3,2.5
1,2019-06-01 00:49:38,2019-06-01 00:54:08,1,0.7,1,N,114,231,1,5.0,3.0,0.5,0.88,0.0,0.3,9.68,2.5
1,2019-06-01 00:58:05,2019-06-01 01:18:26,1,2.7,1,N,211,246,2,14.5,3.0,0.5,0.0,0.0,0.3,18.3,2.5
1,2019-06-01 00:25:35,2019-06-01 00:28:29,1,0.5,1,N,234,113,1,4.0,3.0,0.5,1.55,0.0,0.3,9.35,2.5
1,2019-06-01 00:34:58,2019-06-01 00:57:28,1,4.1,1,N,249,237,1,17.0,3.0,0.5,4.16,0.0,0.3,24.96,2.5
1,2019-06-01 00:03:27,2019-06-01 00:13:05,1,1.8,1,N,229,142,1,9.0,3.0,0.5,2.55,0.0,0.3,15.35,2.5
1,2019-06-01 00:15:59,2019-06-01 00:31:18,1,4.5,1,N,142,116,1,15.5,3.0,0.5,3.0,0.0,0.3,22.3,2.5
1,2019-06-01 00:45:15,2019-06-01 01:03:00,1,4.0,1,N,24,262,1,15.5,3.0,0.5,3.85,0.0,0.3,23.15,2.5
1,2019-06-01 00:02:31,2019-06-01 00:09:16,1,0.8,1,N,161,48,1,6.0,3.0,0.5,1.95,0.0,0.3,11.75,2.5
1,2019-06-01 00:23:26,2019-06-01 00:41:56,2,3.8,1,N,234,13,1,15.5,3.0,0.5,2.9,0.0,0.3,22.2,2.5
1,2019-06-01 00:50:37,2019-06-01 00:53:14,2,0.5,1,N,211,249,1,4.0,3.0,0.5,1.55,0.0,0.3,9.35,2.5
1,2019-06-01 00:59:36,2019-06-01 01:17:20,1,3.7,1,N,249,66,1,15.0,3.0,0.5,3.0,0.0,0.3,21.8,2.5
2,2019-06-01 00:07:53,2019-06-01 00:49:36,1,4.41,1,N,170,7,1,26.0,0.5,0.5,7.45,0.0,0.3,37.25,2.5
1,2019-06-01 00:07:24,2019-06-01 00:15:10,3,1.7,1,N,151,152,2,8.5,0.5,0.5,0.0,0.0,0.3,9.8,0.0
1,2019-06-01 00:36:31,2019-06-01 00:46:21,1,2.8,1,N,239,75,2,10.5,3.0,0.5,0.0,0.0,0.3,14.3,2.5
2,2019-06-01 00:07:03,2019-06-01 00:23:27,6,3.83,1,N,166,140,1,15.0,0.5,0.5,2.5,0.0,0.3,21.3,2.5
2,2019-06-01 00:45:40,2019-06-01 01:01:18,5,1.27,1,N,234,246,1,11.0,0.5,0.5,2.96,0.0,0.3,17.76,2.5
2,2019-06-01 00:25:07,2019-06-01 00:32:14,1,1.13,1,N,232,79,2,7.0,0.5,0.5,0.0,0.0,0.3,10.8,2.5
2,2019-06-01 00:34:22,2019-06-01 00:47:52,1,4.48,1,N,107,75,1,14.5,0.5,0.5,3.66,0.0,0.3,21.96,2.5
2,2019-06-01 00:52:19,2019-06-01 00:56:17,1,1.25,1,N,263,75,1,5.5,0.5,0.5,1.86,0.0,0.3,11.16,2.5
2,2019-06-01 00:32:22,2019-06-01 00:56:05,3,8.91,1,N,232,151,1,28.0,0.5,0.5,6.36,0.0,0.3,38.16,2.5
2,2019-06-01 00:14:14,2019-06-01 00:29:30,1,2.43,1,N,148,65,1,11.5,0.5,0.5,3.06,0.0,0.3,18.36,2.5
1,2019-06-01 00:13:52,2019-06-01 00:20:29,2,1.3,1,N,163,142,1,7.0,3.0,0.5,2.16,0.0,0.3,12.96,2.5
1,2019-06-01 00:21:07,2019-06-01 00:35:49,2,3.3,1,N,142,107,1,12.5,3.0,0.5,3.25,0.0,0.3,19.55,2.5
2,2019-06-01 00:30:17,2019-06-01 00:43:17,1,3.23,1,N,48,263,1,12.5,0.5,0.5,3.26,0.0,0.3,19.56,2.5
2,2019-06-01 00:50:43,2019-06-01 00:54:12,2,1.44,1,N,237,236,1,6.0,0.5,0.5,1.5,0.0,0.3,11.3,2.5
2,2019-06-01 00:58:48,2019-06-01 01:36:19,1,9.37,1,N,236,173,2,34.5,0.5,0.5,0.0,0.0,0.3,38.3,2.5
2,2019-06-01 00:03:58,2019-06-01 00:21:13,1,2.2,1,N,137,144,1,12.0,0.5,0.5,2.0,0.0,0.3,17.8,2.5
2,2019-06-01 00:25:22,2019-06-01 00:31:24,1,0.31,1,N,144,148,1,5.5,0.5,0.5,2.79,0.0,0.3,12.09,2.5
2,2019-06-01 00:33:08,2019-06-01 00:49:29,1,7.04,1,N,148,82,1,21.0,0.5,0.5,4.96,0.0,0.3,29.76,2.5
2,2019-06-01 00:09:56,2019-06-01 00:13:11,1,1.03,1,N,140,262,1,5.0,0.5,0.5,1.76,0.0,0.3,10.56,2.5
2,2019-06-01 00:23:45,2019-06-01 00:26:28,2,0.43,1,N,236,236,1,4.0,0.5,0.5,1.56,0.0,0.3,9.36,2.5
2,2019-06-01 00:37:11,2019-06-01 00:46:34,1,2.1,1,N,237,143,1,9.0,0.5,0.5,1.0,0.0,0.3,13.8,2.5
2,2019-06-01 00:57:56,2019-06-01 01:36:58,1,6.74,1,N,68,37,2,28.5,0.5,0.5,0.0,0.0,0.3,32.3,2.5
1,2019-06-01 00:28:11,2019-06-01 00:32:22,2,0.3,1,N,234,234,1,4.5,3.0,0.5,1.25,0.0,0.3,9.55,2.5
1,2019-06-01 00:39:45,2019-06-01 00:52:12,1,2.2,1,N,249,148,1,10.0,3.0,0.5,1.0,0.0,0.3,14.8,2.5
1,2019-06-01 00:56:21,2019-06-01 01:15:19,2,4.3,1,N,79,50,1,16.0,3.0,0.5,1.98,0.0,0.3,21.78,2.5
2,2019-06-01 00:44:20,2019-06-01 01:12:24,1,5.66,1,N,142,13,1,22.0,0.5,0.5,6.45,0.0,0.3,32.25,2.5
1,2019-06-01 00:00:36,2019-06-01 00:34:30,1,7.3,1,N,238,223,1,27.5,3.0,0.5,4.5,0.0,0.3,35.8,2.5
2,2019-06-01 00:05:58,2019-06-01 00:17:01,1,1.64,1,N,25,97,1,8.5,0.5,0.5,1.96,0.0,0.3,11.76,0.0
2,2019-06-01 00:27:56,2019-06-01 00:38:32,1,2.57,1,N,148,162,1,10.0,0.5,0.5,2.76,0.0,0.3,16.56,2.5
2,2019-06-01 00:42:05,2019-06-01 00:51:05,1,1.86,1,N,162,142,1,8.5,0.5,0.5,2.21,0.0,0.3,14.51,2.5
2,2019-06-01 00:15:55,2019-06-01 00:20:50,5,1.14,1,N,50,142,2,6.0,0.5,0.5,0.0,0.0,0.3,9.8,2.5
2,2019-06-01 00:25:54,2019-06-01 00:44:58,5,4.31,1,N,230,74,1,16.0,0.5,0.5,3.96,0.0,0.3,23.76,2.5
2,2019-06-01 00:26:42,2019-06-01 00:34:19,2,0.91,1,N,237,163,1,7.0,0.5,0.5,2.0,0.0,0.3,12.8,2.5
2,2019-06-01 00:35:03,2019-06-01 00:41:13,2,0.98,1,N,163,50,2,6.0,0.5,0.5,0.0,0.0,0.3,9.8,2.5
2,2019-06-01 00:48:05,2019-06-01 00:53:33,2,1.85,1,N,142,151,1,7.5,0.5,0.5,1.11,0.0,0.3,12.41,2.5
2,2019-06-01 00:57:43,2019-06-01 01:02:44,2,1.3,1,N,151,166,2,6.0,0.5,0.5,0.0,0.0,0.3,7.3,0.0
2,2019-06-01 00:08:16,2019-06-01 00:21:41,2,2.54,1,N,107,140,1,11.5,0.5,0.5,3.06,0.0,0.3,18.36,2.5
2,2019-06-01 00:23:40,2019-06-01 00:33:28,2,2.34,1,N,141,143,1,9.5,0.5,0.5,2.39,0.0,0.3,15.69,2.5
2,2019-06-01 00:35:06,2019-06-01 00:46:36,2,1.9,1,N,143,68,1,9.5,0.5,0.5,2.66,0.0,0.3,15.96,2.5
2,2019-06-01 00:55:09,2019-06-01 01:36:48,2,11.6,1,N,100,92,1,41.0,0.5,0.5,10.18,6.12,0.3,61.1,2.5
2,2019-06-01 00:23:58,2019-06-01 00:54:53,1,19.49,2,N,132,151,2,52.0,0.0,0.5,0.0,6.12,0.3,58.92,0.0
2,2019-06-01 00:59:01,2019-06-01 01:13:08,1,2.9,1,N,151,244,2,12.5,0.5,0.5,0.0,0.0,0.3,13.8,0.0
1,2019-06-01 00:02:28,2019-06-01 00:15:49,4,1.9,1,N,87,148,1,10.5,3.0,0.5,2.0,0.0,0.3,16.3,2.5
1,2019-06-01 00:20:40,2019-06-01 00:35:54,1,4.8,1,N,79,140,1,17.0,3.0,0.5,3.0,0.0,0.3,23.8,2.5
1,2019-06-01 00:50:45,2019-06-01 00:54:23,3,0.6,1,N,141,237,2,4.5,3.0,0.5,0.0,0.0,0.3,8.3,2.5
1,2019-06-01 00:00:30,2019-06-01 00:14:12,1,4.1,1,N,161,74,1,14.0,3.0,0.5,7.0,0.0,0.3,24.8,2.5
1,2019-06-01 00:25:19,2019-06-01 00:28:10,1,0.3,1,N,263,262,1,4.0,3.0,0.5,1.55,0.0,0.3,9.35,2.5
1,2019-06-01 00:20:39,2019-06-01 00:35:12,0,7.1,1,Y,132,265,1,20.5,0.5,0.5,4.35,0.0,0.3,26.15,0.0
1,2019-06-01 00:18:15,2019-06-01 00:33:00,2,2.4,1,N,166,116,1,11.5,0.5,0.5,2.55,0.0,0.3,15.35,0.0
1,2019-06-01 00:08:42,2019-06-01 00:19:46,1,2.8,1,N,264,264,2,11.0,0.5,0.5,0.0,0.0,0.3,12.3,0.0
2,2019-05-31 23:56:13,2019-06-01 00:03:38,1,1.73,1,N,87,114,1,7.5,0.5,0.5,1.0,0.0,0.3,12.3,2.5
2,2019-06-01 00:06:21,2019-06-01 00:21:23,1,3.22,1,N,114,229,1,12.5,0.5,0.5,3.26,0.0,0.3,19.56,2.5
2,2019-06-01 00:50:24,2019-06-01 01:07:22,1,2.39,1,N,233,148,1,12.5,0.5,0.5,3.26,0.0,0.3,19.56,2.5
1,2019-06-01 00:30:06,2019-06-01 00:36:49,2,1.0,1,N,249,211,1,6.5,3.0,0.5,1.5,0.0,0.3,11.8,2.5
1,2019-06-01 00:40:50,2019-06-01 01:03:10,1,3.7,1,N,114,50,1,17.0,3.0,0.5,2.08,0.0,0.3,22.88,2.5
2,2019-06-01 00:05:15,2019-06-01 00:38:08,2,5.59,1,N,249,62,1,23.0,0.5,0.5,5.36,0.0,0.3,32.16,2.5
2,2019-05-31 23:59:44,2019-06-01 00:12:11,4,1.11,1,N,158,113,1,9.0,0.5,0.5,2.0,0.0,0.3,14.8,2.5
2,2019-06-01 00:16:47,2019-06-01 00:21:49,4,0.75,1,N,79,211,1,5.5,0.5,0.5,1.0,0.0,0.3,10.3,2.5
2,2019-06-01 00:23:08,2019-06-01 00:38:41,3,3.51,1,N,114,229,1,13.5,0.5,0.5,3.46,0.0,0.3,20.76,2.5
2,2019-05-31 23:59:54,2019-06-01 00:05:01,1,0.6,1,N,170,186,1,5.0,0.5,0.5,2.2,0.0,0.3,11.0,2.5
2,2019-06-01 00:17:28,2019-06-01 00:48:45,1,4.19,1,N,43,79,1,20.5,0.5,0.5,4.86,0.0,0.3,29.16,2.5
2,2019-06-01 00:38:18,2019-06-01 00:44:11,1,1.58,1,N,236,239,1,7.0,0.5,0.5,2.16,0.0,0.3,12.96,2.5
2,2019-06-01 00:51:33,2019-06-01 01:00:13,1,1.43,1,N,239,263,1,8.0,0.5,0.5,2.36,0.0,0.3,14.16,2.5
2,2019-06-01 00:09:56,2019-06-01 00:49:33,1,6.04,1,N,161,256,1,29.5,0.5,0.5,6.66,0.0,0.3,39.96,2.5
2,2019-06-01 00:36:24,2019-06-01 00:49:54,1,1.63,1,N,114,113,1,10.0,0.5,0.5,2.76,0.0,0.3,16.56,2.5
2,2019-06-01 00:51:18,2019-06-01 00:56:27,1,0.91,1,N,234,170,1,6.0,0.5,0.5,1.96,0.0,0.3,11.76,2.5
1,2019-06-01 00:15:16,2019-06-01 00:42:18,2,6.1,1,N,107,42,4,22.5,3.0,0.5,0.0,0.0,0.3,26.3,2.5
2,2019-06-01 00:19:59,2019-06-01 00:39:23,1,9.7,1,N,138,65,1,29.5,0.5,0.5,6.16,0.0,0.3,36.96,0.0
1,2019-06-01 00:15:36,2019-06-01 00:23:40,2,1.4,1,N,48,170,1,7.5,3.0,0.5,1.0,0.0,0.3,12.3,2.5
1,2019-06-01 00:26:59,2019-06-01 00:38:26,2,2.1,1,N,170,163,1,10.0,3.0,0.5,2.75,0.0,0.3,16.55,2.5
1,2019-06-01 00:47:21,2019-06-01 00:50:17,1,0.9,1,N,50,143,1,5.0,3.0,0.5,1.75,0.0,0.3,10.55,2.5
1,2019-06-01 00:58:19,2019-06-01 01:00:10,3,0.4,1,N,50,48,1,3.5,3.0,0.5,1.45,0.0,0.3,8.75,2.5
1,2019-06-01 00:08:00,2019-06-01 00:12:06,1,0.8,1,N,107,164,2,5.5,3.0,0.5,0.0,0.0,0.3,9.3,2.5
1,2019-06-01 00:14:53,2019-06-01 00:28:28,2,4.5,1,N,170,41,2,14.5,3.0,0.5,0.0,0.0,0.3,18.3,2.5
1,2019-06-01 00:59:12,2019-06-01 01:09:45,1,2.9,1,N,48,43,1,11.5,3.0,0.5,3.05,0.0,0.3,18.35,2.5
2,2019-06-01 00:08:21,2019-06-01 00:20:33,1,4.13,1,N,13,79,1,14.5,0.5,0.5,0.66,0.0,0.3,18.96,2.5
2,2019-06-01 00:21:36,2019-06-01 00:26:37,1,0.75,1,N,79,107,1,5.5,0.5,0.5,0.0,0.0,0.3,9.3,2.5
2,2019-06-01 00:28:50,2019-06-01 00:44:14,1,3.49,1,N,107,262,1,13.5,0.5,0.5,3.0,0.0,0.3,20.3,2.5
2,2019-06-01 00:50:45,2019-06-01 01:04:30,1,3.18,1,N,262,48,1,13.0,0.5,0.5,2.52,0.0,0.3,19.32,2.5
2,2019-06-01 00:22:01,2019-06-01 00:31:50,2,3.88,1,N,238,244,2,13.5,0.5,0.5,0.0,0.0,0.3,17.3,2.5
2,2019-06-01 00:52:06,2019-06-01 01:14:57,2,5.35,1,N,238,243,1,21.0,0.5,0.5,0.0,0.0,0.3,24.8,2.5
1,2019-06-01 00:49:10,2019-06-01 01:06:35,1,7.5,1,N,132,95,1,23.5,0.5,0.5,6.2,0.0,0.3,31.0,0.0
2,2019-06-01 00:52:35,2019-06-01 01:05:21,1,3.15,1,N,249,33,1,12.0,0.5,0.5,3.16,0.0,0.3,18.96,2.5
1,2019-06-01 00:04:26,2019-06-01 00:25:56,3,2.9,1,N,186,45,2,15.5,3.0,0.5,0.0,0.0,0.3,19.3,2.5
1,2019-06-01 00:30:40,2019-06-01 00:40:15,1,1.6,1,N,144,261,2,8.0,3.0,0.5,0.0,0.0,0.3,11.8,2.5
1,2019-06-01 00:50:49,2019-06-01 00:53:58,1,0.3,1,N,25,25,2,4.0,0.5,0.5,0.0,0.0,0.3,5.3,0.0
1,2019-06-01 00:05:17,2019-06-01 00:21:34,1,1.3,1,N,233,107,2,11.0,3.0,0.5,0.0,0.0,0.3,14.8,2.5
1,2019-06-01 00:23:34,2019-06-01 00:43:07,1,2.3,1,N,170,158,1,13.5,3.0,0.5,3.45,0.0,0.3,20.75,2.5
1,2019-06-01 00:44:29,2019-06-01 00:53:47,2,1.4,1,N,158,186,1,8.0,3.0,0.5,3.5,0.0,0.3,15.3,2.5
2,2019-06-01 00:29:53,2019-06-01 00:40:32,1,2.12,1,N,256,80,1,9.5,0.5,0.5,2.16,0.0,0.3,12.96,0.0
1,2019-06-01 00:16:39,2019-06-01 00:41:25,1,3.9,1,N,43,148,4,18.0,3.0,0.5,0.0,0.0,0.3,21.8,2.5
1,2019-06-01 00:44:18,2019-06-01 00:47:23,1,0.6,1,N,148,4,3,4.5,3.0,0.5,0.0,0.0,0.3,8.3,2.5
1,2019-06-01 00:23:23,2019-06-01 00:28:25,1,1.0,1,N,186,170,1,5.5,3.0,0.5,0.0,0.0,0.3,9.3,2.5
1,2019-06-01 00:42:55,2019-06-01 00:59:18,4,2.4,1,N,162,246,1,12.5,3.0,0.5,2.45,0.0,0.3,18.75,2.5
1,2019-06-01 00:24:59,2019-06-01 00:45:08,1,9.1,1,N,138,97,2,27.5,0.5,0.5,0.0,0.0,0.3,28.8,0.0
1,2019-06-01 00:48:59,2019-06-01 01:06:04,2,4.2,1,N,97,137,1,16.0,3.0,0.5,5.9,0.0,0.3,25.7,2.5
2,2019-06-01 00:16:19,2019-06-01 00:22:57,1,1.04,1,N,162,229,1,6.5,0.5,0.5,2.06,0.0,0.3,12.36,2.5
2,2019-06-01 00:23:52,2019-06-01 00:35:20,1,1.95,1,N,229,107,1,9.5,0.5,0.5,2.66,0.0,0.3,15.96,2.5
2,2019-06-01 00:36:47,2019-06-01 00:46:01,1,1.31,1,N,107,79,1,8.0,0.5,0.5,2.36,0.0,0.3,14.16,2.5
2,2019-06-01 00:47:38,2019-06-01 01:00:42,1,1.63,1,N,79,249,1,10.0,0.5,0.5,2.76,0.0,0.3,16.56,2.5
2,2019-06-01 00:36:05,2019-06-01 00:51:57,3,3.38,1,N,114,237,1,13.5,0.5,0.5,2.0,0.0,0.3,19.3,2.5
1,2019-06-01 00:12:35,2019-06-01 00:18:15,1,1.2,1,N,141,236,1,6.0,3.0,0.5,1.95,0.0,0.3,11.75,2.5
1,2019-06-01 00:26:02,2019-06-01 00:39:29,1,2.7,1,N,141,238,1,11.5,3.0,0.5,2.0,0.0,0.3,17.3,2.5
1,2019-06-01 00:49:22,2019-06-01 00:57:07,1,1.7,1,N,142,68,1,7.5,3.0,0.5,1.0,0.0,0.3,12.3,2.5
1,2019-06-01 00:59:15,2019-06-01 01:10:31,1,1.8,1,N,68,100,2,9.0,3.0,0.5,0.0,0.0,0.3,12.8,2.5
2,2019-06-01 00:39:45,2019-06-01 00:48:40,1,1.28,1,N,114,125,1,7.5,0.5,0.5,2.26,0.0,0.3,13.56,2.5
2,2019-06-01 00:49:27,2019-06-01 01:01:55,1,1.72,1,N,125,90,1,10.0,0.5,0.5,1.0,0.0,0.3,14.8,2.5
2,2019-05-31 23:58:54,2019-06-01 00:23:51,1,4.84,1,N,151,243,1,19.5,0.5,0.5,4.16,0.0,0.3,24.96,0.0
2,2019-06-01 00:53:13,2019-06-01 00:58:36,1,3.31,1,N,143,166,1,10.5,0.5,0.5,1.0,0.0,0.3,15.3,2.5
1,2019-06-01 00:56:15,2019-06-01 01:02:07,1,1.5,1,N,87,114,1,7.0,3.0,0.5,1.62,0.0,0.3,12.42,2.5
1,2019-06-01 00:12:50,2019-06-01 00:36:08,2,4.5,1,N,249,141,1,18.0,3.0,0.5,4.35,0.0,0.3,26.15,2.5
1,2019-06-01 00:10:22,2019-06-01 00:14:12,2,0.8,1,N,231,261,1,5.0,3.0,0.5,1.75,0.0,0.3,10.55,2.5
1,2019-06-01 00:24:49,2019-06-01 00:40:08,2,4.4,1,N,13,181,1,16.0,3.0,0.5,6.45,6.12,0.3,32.37,2.5
2,2019-06-01 00:22:57,2019-06-01 00:41:14,2,4.27,1,N,48,231,1,15.5,0.5,0.5,3.86,0.0,0.3,23.16,2.5
2,2019-06-01 00:04:43,2019-06-01 00:08:23,1,0.6,1,N,142,239,2,4.5,0.5,0.5,0.0,0.0,0.3,8.3,2.5
2,2019-06-01 00:09:48,2019-06-01 00:24:42,1,3.72,1,N,239,186,1,14.5,0.5,0.5,5.49,0.0,0.3,23.79,2.5
2,2019-06-01 00:25:53,2019-06-01 00:33:20,2,1.05,1,N,186,230,1,7.0,0.5,0.5,3.0,0.0,0.3,13.8,2.5
2,2019-06-01 00:59:48,2019-06-01 01:38:55,2,4.38,1,N,163,226,1,24.5,0.5,0.5,5.66,0.0,0.3,33.96,2.5
1,2019-06-01 00:05:21,2019-06-01 00:13:15,0,2.3,1,N,151,116,1,9.0,0.5,0.5,2.55,0.0,0.3,12.85,0.0
1,2019-06-01 00:17:53,2019-06-01 00:26:49,0,1.8,1,N,152,74,2,8.0,0.5,0.5,0.0,0.0,0.3,9.3,0.0
1,2019-06-01 00:30:27,2019-06-01 00:40:40,2,2.1,1,N,74,168,2,9.5,0.5,0.5,0.0,0.0,0.3,10.8,0.0
1,2019-06-01 00:13:26,2019-06-01 00:22:14,2,2.1,1,N,79,233,1,8.5,3.0,0.5,2.45,0.0,0.3,14.75,2.5
1,2019-06-01 00:25:37,2019-06-01 00:31:44,2,1.0,1,N,229,141,1,6.0,3.0,0.5,1.7,0.0,0.3,11.5,2.5
2,2019-06-01 00:13:50,2019-06-01 00:15:20,2,0.19,1,N,144,144,1,3.0,0.5,0.5,1.36,0.0,0.3,8.16,2.5
2,2019-06-01 00:18:47,2019-06-01 00:30:04,2,1.59,1,N,114,209,1,9.5,0.5,0.5,2.66,0.0,0.3,15.96,2.5
2,2019-06-01 00:33:02,2019-06-01 00:55:32,2,4.3,1,N,87,137,2,17.5,0.5,0.5,0.0,0.0,0.3,21.3,2.5
1,2019-06-01 00:18:44,2019-06-01 00:25:48,1,1.0,1,N,262,236,1,7.0,3.0,0.5,2.0,0.0,0.3,12.8,2.5
1,2019-06-01 00:28:09,2019-06-01 00:51:58,1,4.5,1,N,237,68,1,19.0,3.0,0.5,3.0,0.0,0.3,25.8,2.5
1,2019-06-01 00:59:30,2019-06-01 01:09:26,1,1.4,1,N,68,224,1,8.5,3.0,0.5,2.45,0.0,0.3,14.75,2.5
2,2019-06-01 00:07:14,2019-06-01 00:26:35,1,5.12,1,N,158,236,1,18.0,0.5,0.5,4.36,0.0,0.3,26.16,2.5
2,2019-06-01 00:41:00,2019-06-01 01:03:48,1,4.91,1,N,236,114,1,18.5,0.5,0.5,4.46,0.0,0.3,26.76,2.5
2,2019-06-01 00:16:04,2019-06-01 00:36:50,1,3.88,1,N,161,4,1,17.0,0.5,0.5,3.12,0.0,0.3,23.92,2.5
2,2019-06-01 00:43:56,2019-06-01 00:52:47,1,2.08,1,N,79,233,1,8.5,0.5,0.5,2.46,0.0,0.3,14.76,2.5
2,2019-06-01 00:03:01,2019-06-01 00:17:35,1,1.48,1,N,211,79,2,10.0,0.5,0.5,0.0,0.0,0.3,13.8,2.5
2,2019-06-01 00:22:07,2019-06-01 00:28:41,1,0.95,1,N,79,234,1,6.0,0.5,0.5,2.94,0.0,0.3,12.74,2.5
2,2019-06-01 00:39:16,2019-06-01 00:45:40,1,1.32,1,N,107,100,1,7.0,0.5,0.5,2.16,0.0,0.3,12.96,2.5
2,2019-06-01 00:54:14,2019-06-01 01:07:17,1,3.52,1,N,90,263,1,12.5,0.5,0.5,3.26,0.0,0.3,19.56,2.5
2,2019-06-01 00:25:04,2019-06-01 00:55:54,1,5.61,1,N,144,228,1,22.5,0.5,0.5,3.0,0.0,0.3,29.3,2.5
1,2019-06-01 00:18:28,2019-06-01 00:24:29,2,1.3,1,N,238,236,1,6.5,1.0,0.5,1.65,0.0,0.3,9.95,0.0
1,2019-06-01 00:26:56,2019-06-01 00:30:17,2,0.8,1,N,263,74,1,5.0,1.0,0.5,1.7,0.0,0.3,8.5,0.0
2,2019-06-01 00:07:27,2019-06-01 00:15:15,2,2.68,1,N,42,127,1,10.0,0.5,0.5,0.0,0.0,0.3,11.3,0.0
2,2019-06-01 00:42:06,2019-06-01 00:55:56,2,3.27,1,N,230,238,1,13.0,0.5,0.5,3.36,0.0,0.3,20.16,2.5
1,2019-06-01 00:11:43,2019-06-01 00:47:09,2,6.0,1,N,234,61,2,24.5,3.0,0.5,0.0,0.0,0.3,28.3,2.5
2,2019-06-01 00:07:28,2019-06-01 00:11:52,1,1.09,1,N,79,107,1,5.5,0.5,0.5,1.86,0.0,0.3,11.16,2.5
2,2019-06-01 00:14:15,2019-06-01 00:40:49,1,3.76,1,N,107,50,1,18.5,0.5,0.5,2.0,0.0,0.3,24.3,2.5
2,2019-06-01 00:50:40,2019-06-01 00:55:31,1,0.79,1,N,230,186,1,5.5,0.5,0.5,0.5,0.0,0.3,9.8,2.5
2,2019-06-01 00:58:35,2019-06-01 01:12:06,1,4.76,1,N,164,87,1,16.0,0.5,0.5,2.97,0.0,0.3,22.77,2.5
2,2019-06-01 00:01:45,2019-06-01 00:12:55,1,1.98,1,N,74,151,2,9.5,0.5,0.5,0.0,0.0,0.3,10.8,0.0
1,2019-06-01 00:03:29,2019-06-01 00:07:11,1,1.6,1,N,236,43,1,6.5,3.0,0.5,2.55,0.0,0.3,12.85,2.5
1,2019-06-01 00:13:03,2019-06-01 00:32:53,1,4.2,1,N,236,68,1,16.5,3.0,0.5,4.05,0.0,0.3,24.35,2.5
1,2019-06-01 00:35:47,2019-06-01 00:46:16,2,2.0,1,N,68,231,1,9.0,3.0,0.5,2.55,0.0,0.3,15.35,2.5
1,2019-06-01 00:54:17,2019-06-01 01:16:00,1,6.5,1,N,158,41,1,22.0,3.0,0.5,6.45,0.0,0.3,32.25,2.5
2,2019-06-01 00:10:08,2019-06-01 00:26:04,2,3.02,1,N,142,41,1,13.0,0.5,0.5,3.36,0.0,0.3,20.16,2.5
2,2019-06-01 00:33:55,2019-06-01 00:41:34,2,1.61,1,N,41,236,1,7.5,0.5,0.5,2.26,0.0,0.3,13.56,2.5
2,2019-06-01 00:36:31,2019-06-01 00:43:42,1,1.03,1,N,80,112,1,6.5,0.5,0.5,1.56,0.0,0.3,9.36,0.0
1,2019-06-01 00:01:15,2019-06-01 00:06:49,1,0.8,1,N,148,114,1,5.5,3.0,0.5,2.3,0.0,0.3,11.6,2.5
1,2019-06-01 00:08:13,2019-06-01 00:18:36,4,1.1,1,N,114,148,1,8.0,3.0,0.5,1.0,0.0,0.3,12.8,2.5
1,2019-06-01 00:23:29,2019-06-01 00:39:38,1,2.7,1,N,148,246,1,12.5,3.0,0.5,2.45,0.0,0.3,18.75,2.5
1,2019-06-01 00:40:03,2019-06-01 01:15:51,1,4.8,1,N,246,256,1,25.0,3.0,0.5,4.0,0.0,0.3,32.8,2.5
2,2019-06-01 00:08:26,2019-06-01 00:11:01,1,0.22,1,N,161,163,1,3.5,0.5,0.5,0.0,0.0,0.3,7.3,2.5
2,2019-06-01 00:39:44,2019-06-01 00:51:54,1,1.55,1,N,230,50,1,9.5,0.5,0.5,2.66,0.0,0.3,17.91,2.5
2,2019-06-01 00:54:08,2019-06-01 01:05:38,1,1.34,1,N,48,233,1,9.0,0.5,0.5,2.56,0.0,0.3,15.36,2.5
2,2019-06-01 00:07:28,2019-06-01 00:17:45,6,2.65,1,N,238,116,2,10.5,0.5,0.5,0.0,0.0,0.3,14.3,2.5
2,2019-06-01 00:50:27,2019-06-01 01:13:32,6,6.89,1,N,75,182,2,23.0,0.5,0.5,0.0,0.0,0.3,24.3,0.0
1,2019-06-01 00:16:42,2019-06-01 00:44:34,1,9.6,1,N,138,90,2,30.5,3.0,0.5,0.0,6.12,0.3,40.42,2.5
1,2019-06-01 00:48:16,2019-06-01 00:53:58,4,0.7,1,N,90,249,1,5.5,3.0,0.5,1.85,0.0,0.3,11.15,2.5
1,2019-06-01 00:55:47,2019-06-01 01:02:42,1,1.6,1,N,249,100,2,7.5,3.0,0.5,0.0,0.0,0.3,11.3,2.5
2,2019-06-01 00:46:41,2019-06-01 01:04:34,2,5.5,1,N,79,239,1,17.5,0.5,0.5,4.26,0.0,0.3,25.56,2.5
1,2019-06-01 00:35:44,2019-06-01 00:45:46,1,2.1,1,N,48,186,1,9.5,3.0,0.5,2.0,0.0,0.3,15.3,2.5
1,2019-06-01 00:49:30,2019-06-01 00:54:55,1,0.9,1,N,230,186,1,5.5,3.0,0.5,2.75,0.0,0.3,12.05,2.5
1,2019-06-01 00:58:32,2019-06-01 01:28:33,1,7.5,1,N,90,116,1,28.5,3.0,0.5,5.0,0.0,0.3,37.3,2.5
1,2019-06-01 00:07:43,2019-06-01 00:15:02,1,0.7,1,N,148,4,1,6.0,3.0,0.5,2.45,0.0,0.3,12.25,2.5
1,2019-06-01 00:18:13,2019-06-01 00:23:03,2,1.3,1,N,79,233,1,6.0,3.0,0.5,1.0,0.0,0.3,10.8,2.5
1,2019-06-01 00:25:52,2019-06-01 00:42:42,1,1.2,1,N,233,186,1,11.5,3.0,0.5,3.05,0.0,0.3,18.35,2.5
1,2019-06-01 00:50:05,2019-06-01 00:59:49,1,1.7,1,N,230,143,1,8.5,3.0,0.5,1.23,0.0,0.3,13.53,2.5
1,2019-06-01 00:24:23,2019-06-01 00:28:37,1,0.7,1,N,170,48,2,4.5,3.0,0.5,0.0,0.0,0.3,8.3,2.5
1,2019-06-01 00:31:55,2019-06-01 00:50:19,1,5.9,1,N,48,152,1,19.5,3.0,0.5,4.66,0.0,0.3,27.96,2.5
1,2019-06-01 00:06:09,2019-06-01 00:12:08,1,1.6,1,N,264,162,2,7.5,3.0,0.5,0.0,0.0,0.3,11.3,2.5
1,2019-06-01 00:29:28,2019-06-01 00:36:45,3,1.2,1,N,113,148,1,7.0,3.0,0.5,2.15,0.0,0.3,12.95,2.5
1,2019-06-01 00:25:49,2019-06-01 00:36:37,1,2.2,1,N,107,229,1,10.0,3.0,0.5,1.0,0.0,0.3,14.8,2.5
2,2019-06-01 00:07:12,2019-06-01 00:16:59,1,2.05,1,N,237,142,2,9.5,0.5,0.5,0.0,0.0,0.3,13.3,2.5
2,2019-06-01 00:30:48,2019-06-01 00:41:42,1,1.24,1,N,162,48,1,8.0,0.5,0.5,2.08,0.0,0.3,13.88,2.5
2,2019-06-01 00:47:29,2019-06-01 00:53:48,1,1.2,1,N,48,186,1,6.5,0.5,0.5,0.0,0.0,0.3,10.3,2.5
2,2019-06-01 00:56:46,2019-06-01 01:04:44,1,1.61,1,N,90,170,1,7.5,0.5,0.5,2.26,0.0,0.3,13.56,2.5
1,2019-06-01 00:37:36,2019-06-01 00:50:38,1,2.0,1,N,90,211,1,10.5,3.0,0.5,2.0,0.0,0.3,16.3,2.5
1,2019-06-01 00:55:19,2019-06-01 01:04:22,1,2.0,1,N,211,186,1,8.5,3.0,0.5,0.0,0.0,0.3,12.3,2.5
1,2019-06-01 00:00:56,2019-06-01 00:24:17,0,4.5,1,N,144,181,1,18.5,3.0,0.5,4.45,0.0,0.3,26.75,2.5
2,2019-05-31 23:58:54,2019-06-01 00:02:48,1,0.99,1,N,237,236,1,5.0,0.5,0.5,1.32,0.0,0.3,10.12,2.5
2,2019-06-01 00:15:15,2019-06-01 00:24:31,1,3.71,1,N,238,244,1,12.5,0.5,0.5,5.0,0.0,0.3,18.8,0.0
2,2019-06-01 00:51:11,2019-06-01 00:55:23,1,0.71,1,N,239,142,1,5.0,0.5,0.5,1.76,0.0,0.3,10.56,2.5
2,2019-06-01 00:59:30,2019-06-01 01:08:05,1,1.38,1,N,142,239,1,8.0,0.5,0.5,2.95,0.0,0.3,14.75,2.5
1,2019-06-01 00:00:20,2019-06-01 00:03:56,2,0.5,1,N,163,161,1,4.5,3.0,0.5,1.0,0.0,0.3,9.3,2.5
1,2019-06-01 00:04:17,2019-06-01 00:13:24,1,2.0,1,N,79,87,1,9.0,3.0,0.5,2.55,0.0,0.3,15.35,2.5
2,2019-06-01 00:07:37,2019-06-01 00:17:48,1,1.53,1,N,164,163,2,8.5,0.5,0.5,0.0,0.0,0.3,12.3,2.5
2,2019-06-01 00:22:45,2019-06-01 00:49:53,1,5.77,1,N,161,87,1,23.0,0.5,0.5,5.36,0.0,0.3,32.16,2.5
2,2019-06-01 00:52:08,2019-06-01 01:04:21,1,2.47,1,N,87,65,2,10.5,0.5,0.5,0.0,0.0,0.3,14.3,2.5
2,2019-06-01 00:08:30,2019-06-01 00:13:26,2,1.41,1,N,231,68,1,6.5,0.5,0.5,2.06,0.0,0.3,12.36,2.5
2,2019-06-01 00:30:44,2019-06-01 00:41:47,3,2.64,1,N,143,246,1,10.5,0.5,0.5,2.86,0.0,0.3,17.16,2.5
2,2019-06-01 00:57:06,2019-06-01 01:01:48,3,1.03,1,N,142,237,2,6.0,0.5,0.5,0.0,0.0,0.3,9.8,2.5
2,2019-06-01 00:09:30,2019-06-01 00:31:16,1,3.35,1,N,45,181,1,15.0,0.5,0.5,2.0,0.0,0.3,20.8,2.5
2,2019-06-01 00:33:28,2019-06-01 00:35:41,1,0.7,1,N,25,181,2,4.0,0.5,0.5,0.0,0.0,0.3,5.3,0.0
2,2019-06-01 00:09:54,2019-06-01 00:20:23,1,2.62,1,N,161,263,1,10.5,0.5,0.5,2.86,0.0,0.3,17.16,2.5
1,2019-06-01 00:08:13,2019-06-01 00:09:45,1,0.5,1,N,233,233,1,3.5,3.0,0.5,1.45,0.0,0.3,8.75,2.5
2,2019-06-01 00:02:45,2019-06-01 00:58:14,4,9.19,1,N,249,177,1,38.5,0.5,0.5,5.0,0.0,0.3,47.3,2.5
1,2019-06-01 00:19:28,2019-06-01 00:27:07,1,1.7,1,N,144,137,1,7.5,3.0,0.5,2.25,0.0,0.3,13.55,2.5
1,2019-06-01 00:02:17,2019-06-01 00:05:39,1,1.2,1,N,236,238,1,5.5,3.0,0.5,1.85,0.0,0.3,11.15,2.5
1,2019-06-01 00:14:20,2019-06-01 00:49:51,1,6.0,1,N,237,237,2,26.0,3.0,0.5,0.0,0.0,0.3,29.8,2.5
2,2019-05-31 23:56:51,2019-06-01 00:05:36,1,1.34,1,N,211,79,1,7.5,0.5,0.5,1.0,0.0,0.3,12.3,2.5
2,2019-06-01 00:08:22,2019-06-01 00:20:49,1,2.26,1,N,107,230,1,10.5,0.5,0.5,2.14,0.0,0.3,16.44,2.5
2,2019-06-01 00:31:34,2019-06-01 00:41:39,1,2.11,1,N,230,239,1,9.5,0.5,0.5,2.66,0.0,0.3,15.96,2.5
2,2019-06-01 00:55:54,2019-06-01 01:00:26,1,1.0,1,N,230,246,1,5.0,0.5,0.5,1.76,0.0,0.3,10.56,2.5
1,2019-06-01 00:08:55,2019-06-01 00:41:07,1,8.8,1,N,48,69,1,30.5,0.5,0.5,0.0,0.0,0.3,31.8,0.0
2,2019-06-01 00:07:45,2019-06-01 00:24:57,4,4.39,1,N,140,166,1,15.5,0.5,0.5,3.86,0.0,0.3,23.16,2.5
2,2019-06-01 00:28:34,2019-06-01 00:39:13,5,4.64,1,N,166,127,1,15.0,0.5,0.5,0.0,0.0,0.3,16.3,0.0
1,2019-06-01 00:03:15,2019-06-01 00:18:27,1,3.8,1,N,166,243,1,14.5,0.5,0.5,0.0,0.0,0.3,15.8,0.0
1,2019-06-01 00:33:10,2019-06-01 00:55:22,1,6.2,1,N,166,137,1,21.0,3.0,0.5,4.95,0.0,0.3,29.75,2.5
1,2019-06-01 00:20:33,2019-06-01 00:26:21,1,1.2,1,N,239,143,1,6.5,3.0,0.5,2.06,0.0,0.3,12.36,2.5
1,2019-06-01 00:38:29,2019-06-01 00:52:55,1,8.7,1,N,48,127,1,25.0,3.0,0.5,0.0,0.0,0.3,28.8,2.5
2,2019-06-01 00:03:27,2019-06-01 00:06:47,3,0.38,1,N,237,163,2,4.0,0.5,0.5,0.0,0.0,0.3,7.8,2.5
2,2019-06-01 00:17:58,2019-06-01 00:35:38,3,7.12,1,N,230,244,1,22.0,0.5,0.5,5.16,0.0,0.3,30.96,2.5
2,2019-06-01 00:07:36,2019-06-01 00:15:39,4,2.0,1,N,238,152,1,9.0,0.5,0.5,0.0,0.0,0.3,10.3,0.0
2,2019-06-01 00:13:15,2019-06-01 00:33:51,5,2.32,1,N,148,170,2,14.0,0.5,0.5,0.0,0.0,0.3,17.8,2.5
2,2019-06-01 00:40:44,2019-06-01 00:47:13,5,1.03,1,N,170,163,2,6.5,0.5,0.5,0.0,0.0,0.3,10.3,2.5
2,2019-06-01 00:55:32,2019-06-01 01:09:43,5,2.65,1,N,161,75,1,11.5,0.5,0.5,3.06,0.0,0.3,18.36,2.5
2,2019-06-01 00:33:28,2019-06-01 00:53:33,1,8.82,1,N,138,17,1,26.5,0.5,0.5,5.56,0.0,0.3,33.36,0.0
2,2019-06-01 00:06:19,2019-06-01 00:10:03,1,1.04,1,N,237,43,1,5.5,0.5,0.5,1.86,0.0,0.3,11.16,2.5
2,2019-06-01 00:16:04,2019-06-01 00:23:31,1,1.36,1,N,161,100,2,7.0,0.5,0.5,0.0,0.0,0.3,10.8,2.5
2,2019-06-01 00:16:59,2019-06-01 00:28:46,1,1.64,1,N,163,164,1,9.0,0.5,0.5,2.56,0.0,0.3,15.36,2.5
2,2019-06-01 00:33:56,2019-06-01 00:50:55,1,1.64,1,N,137,79,1,12.0,0.5,0.5,3.16,0.0,0.3,18.96,2.5
2,2019-06-01 00:53:48,2019-06-01 01:01:49,1,2.06,1,N,79,233,1,8.5,0.5,0.5,1.0,0.0,0.3,13.3,2.5
1,2019-06-01 00:05:22,2019-06-01 00:15:13,1,2.4,1,N,170,263,1,10.0,3.0,0.5,1.0,0.0,0.3,14.8,2.5
1,2019-06-01 00:09:10,2019-06-01 00:21:29,1,1.8,1,N,239,141,1,10.0,3.0,0.5,2.25,0.0,0.3,16.05,2.5
1,2019-06-01 00:32:41,2019-06-01 00:40:36,1,0.8,1,N,162,170,1,7.0,3.0,0.5,0.0,0.0,0.3,10.8,2.5
1,2019-06-01 00:46:19,2019-06-01 00:56:33,1,4.2,1,N,137,209,1,14.0,3.0,0.5,3.55,0.0,0.3,21.35,2.5
1,2019-06-01 00:58:24,2019-06-01 01:20:25,1,4.6,1,N,87,189,1,18.5,3.0,0.5,2.0,0.0,0.3,24.3,2.5
2,2019-06-01 00:30:20,2019-06-01 00:58:55,1,14.25,1,N,132,92,1,39.0,0.5,0.5,0.0,0.0,0.3,40.3,0.0
2,2019-05-31 23:58:29,2019-06-01 00:00:44,6,0.82,1,N,162,141,2,4.5,0.5,0.5,0.0,0.0,0.3,8.3,2.5
2,2019-06-01 00:02:18,2019-06-01 00:06:53,6,0.46,1,N,141,140,1,4.0,0.5,0.5,2.28,0.0,0.3,10.08,2.5
2,2019-06-01 00:13:22,2019-06-01 00:25:47,6,2.12,1,N,140,48,1,10.5,0.5,0.5,2.86,0.0,0.3,17.16,2.5
2,2019-06-01 00:34:27,2019-06-01 00:39:54,6,1.26,1,N,48,142,1,6.5,0.5,0.5,2.06,0.0,0.3,12.36,2.5
2,2019-06-01 00:44:27,2019-06-01 00:53:55,6,2.2,1,N,142,140,1,9.5,0.5,0.5,2.66,0.0,0.3,15.96,2.5
2,2019-06-01 00:13:06,2019-06-01 00:23:56,1,2.91,1,N,137,263,2,10.5,0.5,0.5,0.0,0.0,0.3,14.3,2.5
2,2019-06-01 00:36:30,2019-06-01 00:43:47,1,1.51,1,N,142,68,1,7.0,0.5,0.5,2.16,0.0,0.3,12.96,2.5
2,2019-06-01 00:45:49,2019-06-01 01:06:39,1,4.01,1,N,68,209,1,16.5,0.5,0.5,3.04,0.0,0.3,23.34,2.5
2,2019-06-01 00:07:55,2019-06-01 00:26:27,1,2.34,1,N,74,166,1,13.5,0.5,0.5,2.22,0.0,0.3,17.02,0.0
2,2019-06-01 00:39:40,2019-06-01 00:43:46,1,0.6,1,N,143,143,1,4.5,0.5,0.5,1.66,0.0,0.3,9.96,2.5
2,2019-06-01 00:49:04,2019-06-01 01:35:29,1,9.37,1,N,50,61,2,36.0,0.5,0.5,0.0,0.0,0.3,39.8,2.5
2,2019-06-01 00:46:05,2019-06-01 00:52:41,2,0.83,1,N,148,114,1,6.0,0.5,0.5,1.47,0.0,0.3,11.27,2.5
1,2019-06-01 00:19:45,2019-06-01 00:23:33,2,0.6,1,N,230,161,2,4.5,3.0,0.5,0.0,0.0,0.3,8.3,2.5
1,2019-06-01 00:28:25,2019-06-01 01:13:44,1,6.0,1,N,163,223,1,29.0,3.0,0.5,6.55,0.0,0.3,39.35,2.5
1,2019-06-01 00:36:45,2019-06-01 00:42:35,1,0.9,1,N,164,68,2,6.0,3.0,0.5,0.0,0.0,0.3,9.8,2.5
1,2019-06-01 00:44:48,2019-06-01 00:56:15,1,2.0,1,N,48,107,2,9.5,3.0,0.5,0.0,0.0,0.3,13.3,2.5
1,2019-06-01 00:59:38,2019-06-01 01:13:05,1,2.0,1,N,107,246,1,10.5,3.0,0.5,2.85,0.0,0.3,17.15,2.5
2,2019-06-01 00:07:56,2019-06-01 00:13:35,2,1.43,1,N,43,141,1,6.5,0.5,0.5,1.54,0.0,0.3,11.84,2.5
2,2019-06-01 00:39:01,2019-06-01 00:41:20,2,0.8,1,N,50,48,1,4.5,0.5,0.5,2.08,0.0,0.3,10.38,2.5
2,2019-06-01 00:56:39,2019-06-01 01:04:02,1,1.34,1,N,158,186,1,7.0,0.5,0.5,2.7,0.0,0.3,13.5,2.5
1,2019-06-01 00:24:53,2019-06-01 00:27:55,1,0.5,1,N,238,239,1,4.5,3.0,0.5,2.05,0.0,0.3,10.35,2.5
1,2019-06-01 00:01:02,2019-06-01 00:23:41,1,9.4,1,N,244,51,1,29.0,0.5,0.5,6.05,0.0,0.3,36.35,0.0
1,2019-06-01 00:00:30,2019-06-01 00:24:52,1,7.2,1,N,162,162,1,23.5,3.0,0.5,5.0,0.0,0.3,32.3,2.5
1,2019-06-01 00:26:34,2019-06-01 00:56:46,1,5.9,1,N,162,82,1,24.5,3.0,0.5,5.66,0.0,0.3,33.96,2.5
1,2019-06-01 00:19:12,2019-06-01 00:41:37,1,3.0,1,N,158,87,1,15.0,3.0,0.5,3.75,0.0,0.3,22.55,2.5
1,2019-06-01 00:43:01,2019-06-01 01:07:01,1,3.7,1,N,87,164,2,17.0,3.0,0.5,0.0,0.0,0.3,20.8,2.5
2,2019-06-01 00:45:04,2019-06-01 00:50:56,2,1.45,1,N,107,170,1,6.5,0.5,0.5,2.06,0.0,0.3,12.36,2.5
2,2019-06-01 00:55:54,2019-06-01 01:02:27,3,2.09,1,N,107,229,1,8.0,0.5,0.5,0.1,0.0,0.3,11.9,2.5
1,2019-06-01 00:21:58,2019-06-01 00:38:25,1,3.3,1,N,45,255,1,14.0,3.0,0.5,0.0,0.0,0.3,17.8,2.5
2,2019-06-01 00:51:42,2019-06-01 01:01:29,6,1.69,1,N,230,162,1,8.5,0.5,0.5,1.1,0.0,0.3,13.4,2.5
1,2019-06-01 00:32:33,2019-06-01 00:38:07,1,1.1,1,N,48,186,1,6.0,3.0,0.5,1.95,0.0,0.3,11.75,2.5
1,2019-06-01 00:56:00,2019-06-01 01:13:28,1,4.4,1,N,211,141,1,16.5,3.0,0.5,4.0,0.0,0.3,24.3,2.5
1,2019-06-01 00:04:54,2019-06-01 00:17:14,3,3.6,1,N,239,116,2,13.0,3.0,0.5,0.0,0.0,0.3,16.8,2.5
1,2019-06-01 00:20:21,2019-06-01 00:30:52,4,2.7,1,N,116,238,2,10.5,3.0,0.5,0.0,0.0,0.3,14.3,0.0
1,2019-06-01 00:33:27,2019-06-01 00:47:00,1,4.1,1,N,238,164,2,14.0,3.0,0.5,0.0,0.0,0.3,17.8,2.5
1,2019-06-01 00:50:36,2019-06-01 01:06:57,4,4.2,1,N,234,239,1,15.5,3.0,0.5,3.85,0.0,0.3,23.15,2.5
2,2019-06-01 00:08:44,2019-06-01 00:30:31,2,4.06,1,N,68,236,1,17.0,0.5,0.5,4.16,0.0,0.3,24.96,2.5
2,2019-06-01 00:52:54,2019-06-01 00:56:52,2,0.72,1,N,113,114,2,5.0,0.5,0.5,0.0,0.0,0.3,8.8,2.5
1,2019-06-01 00:26:48,2019-06-01 00:55:51,1,18.7,2,N,132,74,1,52.0,0.0,0.5,4.5,6.12,0.3,63.42,0.0
2,2019-06-01 00:14:44,2019-06-01 00:47:17,1,10.88,1,N,113,126,1,34.0,0.5,0.5,2.0,0.0,0.3,39.8,2.5
2,2019-06-01 00:03:51,2019-06-01 00:14:46,2,1.04,1,N,170,48,1,8.0,0.5,0.5,0.0,0.0,0.3,11.8,2.5
2,2019-06-01 00:17:02,2019-06-01 00:24:07,2,1.27,1,N,100,90,1,6.5,0.5,0.5,2.06,0.0,0.3,12.36,2.5
2,2019-06-01 00:26:11,2019-06-01 00:46:19,1,3.24,1,N,90,13,1,15.5,0.5,0.5,2.9,0.0,0.3,22.2,2.5
2,2019-06-01 00:52:18,2019-06-01 01:05:09,1,3.09,1,N,231,52,1,12.0,0.5,0.5,3.16,0.0,0.3,18.96,2.5
1,2019-06-01 00:20:02,2019-06-01 00:34:27,1,2.2,1,N,48,246,1,11.5,3.0,0.5,4.59,0.0,0.3,19.89,2.5
1,2019-06-01 00:38:10,2019-06-01 00:45:11,1,1.4,1,N,246,48,1,7.0,3.0,0.5,2.0,0.0,0.3,12.8,2.5
1,2019-06-01 00:47:11,2019-06-01 00:51:48,1,0.6,1,N,48,163,1,5.0,3.0,0.5,1.75,0.0,0.3,10.55,2.5
1,2019-06-01 00:53:31,2019-06-01 00:59:08,1,0.8,1,N,163,229,2,5.5,3.0,0.5,0.0,0.0,0.3,9.3,2.5
1,2019-06-01 00:15:44,2019-06-01 00:29:17,3,2.0,1,N,170,148,1,10.5,3.0,0.5,1.0,0.0,0.3,15.3,2.5
1,2019-06-01 00:38:10,2019-06-01 00:52:19,1,4.8,1,N,79,239,1,15.5,3.0,0.5,3.85,0.0,0.3,23.15,2.5
1,2019-06-01 00:53:42,2019-06-01 00:56:49,1,0.8,1,N,239,43,1,5.0,3.0,0.5,1.75,0.0,0.3,10.55,2.5
2,2019-06-01 00:07:57,2019-06-01 00:13:26,1,1.39,1,N,79,137,1,6.5,0.5,0.5,3.09,0.0,0.3,13.39,2.5
2,2019-06-01 00:18:22,2019-06-01 00:44:18,2,4.62,1,N,164,13,1,19.5,0.5,0.5,4.66,0.0,0.3,27.96,2.5
2,2019-06-01 00:45:20,2019-06-01 01:08:45,1,4.38,1,N,13,189,1,18.0,0.5,0.5,4.36,0.0,0.3,26.16,2.5
2,2019-06-01 00:00:32,2019-06-01 00:05:25,1,1.04,1,N,238,151,2,5.5,0.5,0.5,0.0,0.0,0.3,9.3,2.5
2,2019-06-01 00:17:10,2019-06-01 00:27:29,1,2.11,1,N,143,141,2,9.5,0.5,0.5,0.0,0.0,0.3,13.3,2.5
2,2019-06-01 00:53:30,2019-06-01 01:01:10,1,2.03,1,N,48,238,1,8.5,0.5,0.5,2.46,0.0,0.3,14.76,2.5
1,2019-06-01 00:51:03,2019-06-01 01:13:49,2,9.1,1,N,138,239,1,28.0,3.0,0.5,7.55,6.12,0.3,45.47,2.5
1,2019-06-01 00:36:30,2019-06-01 01:10:15,2,18.4,2,N,132,231,1,52.0,2.5,0.5,11.05,0.0,0.3,66.35,2.5
1,2019-06-01 00:09:16,2019-06-01 00:18:00,3,2.8,1,N,87,4,1,10.5,3.0,0.5,2.85,0.0,0.3,17.15,2.5
1,2019-06-01 00:21:23,2019-06-01 00:41:22,3,3.3,1,N,79,13,1,15.0,3.0,0.5,3.76,0.0,0.3,22.56,2.5
1,2019-06-01 00:42:51,2019-06-01 00:52:09,3,1.7,1,N,13,158,1,9.0,3.0,0.5,2.55,0.0,0.3,15.35,2.5
1,2019-06-01 00:57:09,2019-06-01 00:58:42,3,0.1,1,N,158,158,2,3.0,3.0,0.5,0.0,0.0,0.3,6.8,2.5
1,2019-06-01 00:59:20,2019-06-01 01:18:10,3,2.7,1,N,158,230,2,13.5,3.0,0.5,0.0,0.0,0.3,17.3,2.5
2,2019-06-01 00:38:55,2019-06-01 00:46:49,2,2.03,1,N,79,233,1,8.0,0.5,0.5,1.18,0.0,0.3,12.98,2.5
2,2019-06-01 00:36:29,2019-06-01 00:50:28,1,2.52,1,N,79,66,1,12.0,0.5,0.5,3.16,0.0,0.3,18.96,2.5
2,2019-06-01 00:08:46,2019-06-01 00:14:02,1,0.94,1,N,164,230,1,6.0,0.5,0.5,1.96,0.0,0.3,11.76,2.5
2,2019-06-01 00:17:38,2019-06-01 00:28:12,1,2.38,1,N,48,238,1,10.0,0.5,0.5,2.76,0.0,0.3,16.56,2.5
2,2019-06-01 00:32:40,2019-06-01 00:51:38,1,4.39,1,N,238,249,1,16.0,0.5,0.5,2.97,0.0,0.3,22.77,2.5
2,2019-06-01 00:52:30,2019-06-01 01:16:42,1,4.8,1,N,113,238,1,19.0,0.5,0.5,5.7,0.0,0.3,28.5,2.5
1,2019-06-01 00:20:15,2019-06-01 00:25:31,2,0.8,1,N,230,50,1,5.5,3.0,0.5,1.86,0.0,0.3,11.16,2.5
1,2019-06-01 00:26:59,2019-06-01 00:39:21,1,1.8,1,N,246,233,1,10.0,3.0,0.5,2.75,0.0,0.3,16.55,2.5
1,2019-06-01 00:42:07,2019-06-01 00:47:56,2,1.0,1,N,233,164,1,6.0,3.0,0.5,2.0,0.0,0.3,11.8,2.5
1,2019-06-01 00:49:06,2019-06-01 01:02:48,1,2.3,1,N,148,170,1,11.5,3.0,0.5,0.01,0.0,0.3,15.31,2.5
2,2019-06-01 00:01:29,2019-06-01 00:10:09,3,1.44,1,N,48,90,1,8.0,0.5,0.5,2.0,0.0,0.3,13.8,2.5
2,2019-06-01 00:12:07,2019-06-01 00:21:31,3,1.74,1,N,90,211,1,8.0,0.5,0.5,2.36,0.0,0.3,14.16,2.5
2,2019-06-01 00:25:14,2019-06-01 00:39:41,2,3.02,1,N,211,230,1,12.0,0.5,0.5,3.16,0.0,0.3,18.96,2.5
2,2019-06-01 00:43:40,2019-06-01 01:08:21,2,10.01,1,N,100,127,2,31.0,0.5,0.5,0.0,0.0,0.3,34.8,2.5
1,2019-06-01 00:31:50,2019-06-01 00:42:01,1,2.0,1,N,163,246,1,9.0,3.0,0.5,1.5,0.0,0.3,14.3,2.5
1,2019-06-01 00:44:04,2019-06-01 01:04:27,1,6.9,1,N,246,42,2,22.5,3.0,0.5,0.0,0.0,0.3,26.3,2.5
1,2019-06-01 00:07:51,2019-06-01 00:16:11,1,0.9,1,N,162,230,1,6.5,3.0,0.5,2.05,0.0,0.3,12.35,2.5
1,2019-06-01 00:25:51,2019-06-01 00:52:03,1,6.0,1,N,48,116,2,22.0,3.0,0.5,0.0,0.0,0.3,25.8,2.5
1,2019-06-01 00:07:00,2019-06-01 00:19:39,2,2.7,1,N,114,230,1,11.0,3.0,0.5,2.95,0.0,0.3,17.75,2.5
1,2019-06-01 00:22:33,2019-06-01 00:27:06,2,0.7,1,N,230,186,1,5.0,3.0,0.5,1.75,0.0,0.3,10.55,2.5
1,2019-06-01 00:32:34,2019-06-01 00:36:19,1,1.1,1,N,90,249,1,5.0,3.0,0.5,1.75,0.0,0.3,10.55,2.5
1,2019-06-01 00:39:51,2019-06-01 00:51:08,1,2.0,1,N,249,164,1,9.0,3.0,0.5,2.55,0.0,0.3,15.35,2.5
1,2019-06-01 00:57:39,2019-06-01 01:05:21,1,1.8,1,N,234,231,1,8.0,3.0,0.5,2.35,0.0,0.3,14.15,2.5
1,2019-06-01 00:58:49,2019-06-01 01:41:22,1,12.8,1,N,132,181,1,40.0,0.5,0.5,12.35,0.0,0.3,53.65,0.0
2,2019-06-01 00:12:09,2019-06-01 00:24:48,2,2.46,1,N,166,42,2,11.0,0.5,0.5,0.0,0.0,0.3,12.3,0.0
2,2019-06-01 00:27:59,2019-06-01 00:34:57,3,1.29,1,N,42,152,1,7.0,0.5,0.5,1.66,0.0,0.3,9.96,0.0
2,2019-06-01 00:57:12,2019-06-01 01:07:31,2,1.89,1,N,238,41,2,9.5,0.5,0.5,0.0,0.0,0.3,13.3,2.5
2,2019-06-01 00:09:09,2019-06-01 00:18:28,1,1.25,1,N,170,48,1,7.5,0.5,0.5,2.26,0.0,0.3,13.56,2.5
2,2019-06-01 00:26:09,2019-06-01 00:31:10,1,1.3,1,N,230,142,1,6.0,0.5,0.5,2.0,0.0,0.3,11.8,2.5
2,2019-06-01 00:55:39,2019-06-01 01:24:53,1,16.91,2,N,132,170,1,52.0,0.0,0.5,11.0,6.12,0.3,72.42,2.5
2,2019-06-01 00:12:45,2019-06-01 00:28:26,1,1.88,1,N,141,48,1,11.5,0.5,0.5,3.06,0.0,0.3,18.36,2.5
2,2019-06-01 00:30:34,2019-06-01 00:38:31,1,2.64,1,N,48,238,1,9.5,0.5,0.5,2.5,0.0,0.3,15.8,2.5
2,2019-06-01 00:42:35,2019-06-01 00:49:18,1,2.05,1,N,239,75,1,8.0,0.5,0.5,1.77,0.0,0.3,13.57,2.5
1,2019-06-01 00:10:54,2019-06-01 00:14:24,1,0.7,1,N,48,142,2,4.5,3.0,0.5,0.0,0.0,0.3,8.3,2.5
1,2019-06-01 00:33:29,2019-06-01 00:40:35,1,1.6,1,N,142,100,1,7.0,3.0,0.5,2.15,0.0,0.3,12.95,2.5
1,2019-06-01 00:50:58,2019-06-01 00:56:36,1,1.0,1,N,161,233,1,6.0,3.0,0.5,1.95,0.0,0.3,11.75,2.5
2,2019-06-01 00:04:49,2019-06-01 00:23:45,1,7.69,1,N,138,112,1,24.0,0.5,0.5,0.0,0.0,0.3,25.3,0.0
2,2019-06-01 00:44:49,2019-06-01 01:07:12,1,8.32,1,N,138,162,2,25.5,0.5,0.5,0.0,6.12,0.3,35.42,2.5
1,2019-06-01 00:31:50,2019-06-01 01:02:05,1,18.4,2,N,132,42,1,52.0,0.0,0.5,11.75,6.12,0.3,70.67,0.0
2,2019-06-01 00:11:50,2019-06-01 00:23:10,2,2.12,1,N,230,249,1,9.5,0.5,0.5,2.0,0.0,0.3,15.3,2.5
2,2019-06-01 00:26:14,2019-06-01 00:39:25,2,2.48,1,N,249,48,1,11.0,0.5,0.5,1.0,0.0,0.3,15.8,2.5
2,2019-06-01 00:40:31,2019-06-01 00:51:29,2,3.4,1,N,48,24,1,12.0,0.5,0.5,3.16,0.0,0.3,18.96,2.5
2,2019-06-01 00:52:44,2019-06-01 01:04:13,2,2.23,1,N,24,42,1,10.5,0.5,0.5,2.36,0.0,0.3,14.16,0.0
2,2019-06-01 00:18:18,2019-06-01 00:46:52,1,6.24,1,N,249,166,1,24.0,0.5,0.5,5.56,0.0,0.3,33.36,2.5
2,2019-06-01 00:19:32,2019-06-01 00:26:18,2,1.6,1,N,142,141,1,7.5,0.5,0.5,2.26,0.0,0.3,13.56,2.5
2,2019-06-01 00:28:17,2019-06-01 00:33:36,1,1.5,1,N,237,75,2,6.5,0.5,0.5,0.0,0.0,0.3,10.3,2.5
1,2019-06-01 00:07:51,2019-06-01 00:21:51,1,2.5,1,N,164,237,1,11.5,3.0,0.5,3.05,0.0,0.3,18.35,2.5
1,2019-06-01 00:00:35,2019-06-01 00:15:09,1,1.5,1,N,249,231,1,10.5,3.0,0.5,2.85,0.0,0.3,17.15,2.5
1,2019-06-01 00:21:54,2019-06-01 00:33:00,1,1.2,1,N,114,148,1,8.5,3.0,0.5,2.45,0.0,0.3,14.75,2.5
1,2019-06-01 00:39:15,2019-06-01 00:39:56,1,0.0,1,N,148,148,3,2.5,3.0,0.5,0.0,0.0,0.3,6.3,2.5
1,2019-06-01 00:41:21,2019-06-01 01:17:03,2,7.0,1,N,148,41,1,27.5,3.0,0.5,1.0,0.0,0.3,32.3,2.5
1,2019-06-01 00:30:59,2019-06-01 00:41:54,1,1.7,1,N,144,90,1,8.5,3.0,0.5,2.45,0.0,0.3,14.75,2.5
1,2019-06-01 00:46:51,2019-06-01 00:56:24,2,1.6,1,N,234,230,1,8.5,3.0,0.5,2.45,0.0,0.3,14.75,2.5
1,2019-06-01 00:58:21,2019-06-01 01:27:42,2,3.9,1,N,230,148,1,19.5,3.0,0.5,2.7,0.0,0.3,26.0,2.5
2,2019-06-01 00:30:17,2019-06-01 00:46:18,2,2.9,1,N,107,140,1,13.0,0.5,0.5,0.75,0.0,0.3,17.55,2.5
1,2019-06-01 00:19:23,2019-06-01 00:38:40,1,2.4,1,N,107,79,1,13.5,3.0,0.5,3.45,0.0,0.3,20.75,2.5
1,2019-06-01 00:39:41,2019-06-01 00:50:19,1,1.9,1,N,79,234,1,9.0,3.0,0.5,1.0,0.0,0.3,13.8,2.5
2,2019-06-01 00:07:02,2019-06-01 00:14:28,1,1.45,1,N,125,79,1,7.0,0.5,0.5,2.16,0.0,0.3,12.96,2.5
2,2019-06-01 00:17:55,2019-06-01 00:30:42,1,2.23,1,N,79,87,1,10.5,0.5,0.5,0.0,0.0,0.3,14.3,2.5
2,2019-06-01 00:33:40,2019-06-01 00:41:24,1,0.74,1,N,87,261,1,6.5,0.5,0.5,2.06,0.0,0.3,12.36,2.5
2,2019-06-01 00:57:35,2019-06-01 01:04:48,1,1.37,1,N,113,164,2,7.0,0.5,0.5,0.0,0.0,0.3,10.8,2.5
2,2019-06-01 00:09:15,2019-06-01 00:23:33,2,1.85,1,N,164,68,2,10.5,0.5,0.5,0.0,0.0,0.3,14.3,2.5
2,2019-06-01 00:32:51,2019-06-01 01:06:48,1,8.52,1,N,249,42,1,29.5,0.5,0.5,6.66,0.0,0.3,39.96,2.5
1,2019-06-01 00:07:23,2019-06-01 00:17:56,1,1.6,1,N,107,158,1,8.5,3.0,0.5,1.2,0.0,0.3,13.5,2.5
1,2019-06-01 00:20:58,2019-06-01 00:30:34,3,1.4,1,N,158,107,1,8.0,3.0,0.5,2.35,0.0,0.3,14.15,2.5
1,2019-06-01 00:31:29,2019-06-01 00:34:17,2,0.5,1,N,107,234,2,4.0,3.0,0.5,0.0,0.0,0.3,7.8,2.5
1,2019-06-01 00:32:32,2019-06-01 01:01:44,1,11.0,1,N,132,198,1,34.0,0.5,0.5,8.83,0.0,0.3,44.13,0.0
2,2019-06-01 00:09:54,2019-06-01 00:32:12,1,6.24,1,N,79,43,2,21.5,0.5,0.5,0.0,0.0,0.3,25.3,2.5
2,2019-06-01 00:42:08,2019-06-01 01:03:07,2,5.94,1,N,237,148,1,21.0,0.5,0.5,4.96,0.0,0.3,29.76,2.5
2,2019-06-01 00:12:00,2019-06-01 00:26:23,1,2.83,1,N,48,113,1,12.0,0.5,0.5,3.16,0.0,0.3,18.96,2.5
2,2019-06-01 00:31:52,2019-06-01 00:48:39,1,5.58,1,N,79,74,1,17.5,0.5,0.5,1.0,0.0,0.3,22.3,2.5
2,2019-06-01 00:21:18,2019-06-01 00:42:31,1,3.86,1,N,114,40,1,15.5,0.5,0.5,3.86,0.0,0.3,23.16,2.5
2,2019-06-01 00:58:54,2019-06-01 01:04:11,1,1.79,1,N,144,65,1,7.5,0.5,0.5,1.13,0.0,0.3,12.43,2.5
1,2019-06-01 00:50:10,2019-06-01 00:59:47,1,2.8,1,N,137,236,1,10.5,3.0,0.5,2.0,0.0,0.3,16.3,2.5
2,2019-06-01 00:45:58,2019-06-01 00:46:31,1,0.19,2,N,140,140,1,52.0,0.0,0.5,11.06,0.0,0.3,66.36,2.5
1,2019-06-01 00:19:32,2019-06-01 00:31:13,2,1.9,1,N,170,141,1,10.0,3.0,0.5,2.5,0.0,0.3,16.3,2.5
1,2019-06-01 00:40:58,2019-06-01 00:48:34,2,1.5,1,N,162,186,1,7.5,3.0,0.5,2.0,0.0,0.3,13.3,2.5
1,2019-06-01 00:58:07,2019-06-01 01:13:14,1,3.5,1,N,158,33,1,13.5,3.0,0.5,1.0,0.0,0.3,18.3,2.5
1,2019-06-01 00:12:17,2019-06-01 00:15:40,1,0.7,1,N,142,143,1,4.5,3.0,0.5,2.45,0.0,0.3,10.75,2.5
1,2019-06-01 00:41:43,2019-06-01 00:53:59,1,3.5,1,N,230,75,1,12.5,3.0,0.5,3.25,0.0,0.3,19.55,2.5
1,2019-06-01 00:55:49,2019-06-01 00:57:30,1,0.7,1,N,75,74,2,4.0,0.5,0.5,0.0,0.0,0.3,5.3,0.0
1,2019-06-01 00:59:00,2019-06-01 01:01:46,1,0.5,1,N,74,74,2,4.0,0.5,0.5,0.0,0.0,0.3,5.3,0.0
2,2019-06-01 00:41:10,2019-06-01 01:13:48,1,17.81,2,N,132,90,1,52.0,0.0,0.5,12.28,6.12,0.3,73.7,2.5
2,2019-06-01 00:24:42,2019-06-01 00:43:20,1,2.75,1,N,170,4,1,14.0,0.5,0.5,4.45,0.0,0.3,22.25,2.5
2,2019-06-01 00:54:23,2019-06-01 01:00:20,1,0.93,1,N,162,48,2,6.0,0.5,0.5,0.0,0.0,0.3,9.8,2.5
1,2019-06-01 00:09:06,2019-06-01 00:20:51,1,2.1,1,N,151,75,1,9.0,0.5,0.5,2.0,0.0,0.3,12.3,0.0
1,2019-06-01 00:41:16,2019-06-01 00:58:54,1,1.9,1,N,170,79,1,10.5,3.0,0.5,2.85,0.0,0.3,17.15,2.5
2,2019-06-01 00:09:02,2019-06-01 00:16:50,4,1.31,1,N,162,237,2,7.5,0.5,0.5,0.0,0.0,0.3,11.3,2.5
2,2019-06-01 00:17:56,2019-06-01 00:25:12,4,1.83,1,N,237,75,1,8.0,0.5,0.5,2.0,0.0,0.3,13.8,2.5
2,2019-06-01 00:43:06,2019-06-01 01:12:14,3,5.17,1,N,229,231,1,22.0,0.5,0.5,5.2,0.0,0.3,31.0,2.5
1,2019-06-01 00:16:19,2019-06-01 00:21:22,1,1.0,1,N,148,209,1,6.0,3.0,0.5,1.95,0.0,0.3,11.75,2.5
1,2019-06-01 00:26:22,2019-06-01 00:59:45,1,6.0,1,N,87,89,2,24.0,3.0,0.5,0.0,0.0,0.3,27.8,2.5
1,2019-06-01 00:24:12,2019-06-01 00:36:52,0,3.2,1,N,170,236,2,12.0,3.0,0.5,0.0,0.0,0.3,15.8,2.5
